Affect1,Affect2,Affect3,subject,pronoun,approach,valence_raw,valence_category,spotify_seed,spotify_prompt,weather,feeling,Feeling 2
Anger,Curiosity,Disgust,{{subject}},{{pronoun}},"{{subject}} evokes feelings of protective heat at the edges of your tolerance, mingled with steady interest and toned by an inner no. Underneath, your system may be trying to defend what matters or push back where something feels off.

You might begin by simply noticing these responses in your body without arguing with them. From there, give some room to the heat and the interest, and use the the inner no to sort what belongs close and what needs more distance.",-0.4,Gently Negative,"seed_genres=metal,hardcore&target_valence=0.30&target_energy=0.76","Using the Spotify Search API, find one track that evokes the feeling of ""Decisive Fire"". Return the single best matching track.","Atmospheric conditions around {subject} show a compressed hot band interacting with light curious drift, producing variable patterns. A a sharp edge in the higher air is expected to persist through the period, shaping the overall outlook for this area.",Fire | Exploring | Decisive,The Harsh Severe Fire
Anger,Curiosity,Dropping,{{subject}},{{pronoun}},"{{subject}} evokes feelings of protective heat at the edges of your tolerance, mingled with steady interest and toned by a small collapse inside. Underneath, your system may be trying to defend what matters or push back where something feels off.

You might begin by simply noticing these responses in your body without arguing with them. From there, give some room to the heat and the interest, and let the the collapse remind you to move gently and offer yourself a bit more support around {subject}.",-0.4,Gently Negative,"seed_genres=metal,hardcore&target_valence=0.30&target_energy=0.76","Using the Spotify Search API, find one track that evokes the feeling of ""Quiet Fire"". Return the single best matching track.","Atmospheric conditions around {subject} show a high-intensity storm line interacting with light curious drift, producing variable patterns. A a low dim undertone in the field is expected to persist through the period, shaping the overall outlook for this area.",Fire | Exploring | Quiet,The Muted Dim Flame
Anger,Curiosity,Fear,{{subject}},{{pronoun}},"{{subject}} evokes feelings of protective heat at the edges of your tolerance, mingled with steady interest and toned by tight caution. Underneath, your system may be trying to defend what matters or push back where something feels off.

You might begin by simply noticing these responses in your body without arguing with them. From there, give some room to the heat and the interest, and honor the caution by moving in small steps and checking what feels safe as you go.",-0.4,Gently Negative,"seed_genres=metal,hardcore&target_valence=0.30&target_energy=0.76","Using the Spotify Search API, find one track that evokes the feeling of ""Cautious Fire"". Return the single best matching track.","Atmospheric conditions around {subject} show a high-intensity storm line interacting with restless tilting currents, producing variable patterns. A a cooling shadow line overhead is expected to persist through the period, shaping the overall outlook for this area.",Fire | Exploring | Cautious,The Edgy Nervous Blaze
Anger,Curiosity,Joy,{{subject}},{{pronoun}},"{{subject}} evokes feelings of protective heat at the edges of your tolerance, mingled with steady interest and toned by warm lift. Underneath, your system may be trying to defend what matters or push back where something feels off.

You might begin by simply noticing these responses in your body without arguing with them. From there, give some room to the heat and the interest, and let the warmth soften the edges so you can stay present without forcing anything.",0.0,Mixed / Neutral,"seed_genres=metal,hardcore&target_valence=0.50&target_energy=0.80","Using the Spotify Search API, find one track that evokes the feeling of ""Open Fire"". Return the single best matching track.","Atmospheric conditions around {subject} show a compressed hot band interacting with restless tilting currents, producing variable patterns. A a soft warming undercurrent is expected to persist through the period, shaping the overall outlook for this area.",Fire | Exploring | Open,The Open Plain Ember
Anger,Curiosity,Withdrawing,{{subject}},{{pronoun}},"{{subject}} evokes feelings of protective heat at the edges of your tolerance, mingled with steady interest and toned by a need for space. Underneath, your system may be trying to defend what matters or push back where something feels off.

You might begin by simply noticing these responses in your body without arguing with them. From there, give some room to the heat and the interest, and honor the the need for space by giving yourself room to breathe before deciding what you want to do.",-0.24,Gently Negative,"seed_genres=metal,hardcore&target_valence=0.38&target_energy=0.78","Using the Spotify Search API, find one track that evokes the feeling of ""Objective Fire"". Return the single best matching track.","Atmospheric conditions around {subject} show a compressed hot band interacting with patchy exploratory flow, producing variable patterns. A an open still band on the horizon is expected to persist through the period, shaping the overall outlook for this area.",Fire | Exploring | Objective,The Cold Distant Spark
Anger,Curiosity,Sadness,{{subject}},{{pronoun}},"{{subject}} evokes feelings of protective heat at the edges of your tolerance, mingled with steady interest and toned by soft heaviness. Underneath, your system may be trying to defend what matters or push back where something feels off.

You might begin by simply noticing these responses in your body without arguing with them. From there, give some room to the heat and the interest, and treat the heaviness as a signal to slow down and stay close to what really matters here.",-0.4,Gently Negative,"seed_genres=metal,hardcore&target_valence=0.30&target_energy=0.76","Using the Spotify Search API, find one track that evokes the feeling of ""Tender Fire"". Return the single best matching track.","Atmospheric conditions around {subject} show a high-intensity storm line interacting with light curious drift, producing variable patterns. A a soft descending mist layer is expected to persist through the period, shaping the overall outlook for this area.",Fire | Exploring | Tender,The Frayed Sore Heat
Anger,Curiosity,Surprise,{{subject}},{{pronoun}},"{{subject}} evokes feelings of protective heat at the edges of your tolerance, mingled with steady interest and toned by a sharp jolt. Underneath, your system may be trying to defend what matters or push back where something feels off.

You might begin by simply noticing these responses in your body without arguing with them. From there, give some room to the heat and the interest, and use the the jolt as a brief pause to reset, then decide what pace actually feels right.",-0.2,Gently Negative,"seed_genres=metal,hardcore&target_valence=0.40&target_energy=0.78","Using the Spotify Search API, find one track that evokes the feeling of ""New Fire"". Return the single best matching track.","Atmospheric conditions around {subject} show a high-intensity storm line interacting with patchy exploratory flow, producing variable patterns. A a patchy scattering pattern aloft is expected to persist through the period, shaping the overall outlook for this area.",Fire | Exploring | New,The Jarring Abrupt Fire
Anger,Disgust,Curiosity,{{subject}},{{pronoun}},"{{subject}} evokes feelings of protective heat at the edges of your tolerance, mingled with an inner no and toned by steady interest. Underneath, your system may be trying to defend what matters or push back where something feels off.

You might begin by simply noticing these responses in your body without arguing with them. From there, give some room to the heat and the the inner no, and let the interest gently invite you to stay curious without rushing your next move.",-0.6000000000000000,Strongly Negative,"seed_genres=metal,hardcore&target_valence=0.20&target_energy=0.74","Using the Spotify Search API, find one track that evokes the feeling of ""Flexible Fire"". Return the single best matching track.","Atmospheric conditions around {subject} show a high-intensity storm line interacting with harsh particulate air, producing variable patterns. A thin curiosity haze is expected to persist through the period, shaping the overall outlook for this area.",Fire | Rejecting | Flexible,The Uneasy Wavering Flame
Anger,Disgust,Dropping,{{subject}},{{pronoun}},"{{subject}} evokes feelings of protective heat at the edges of your tolerance, mingled with an inner no and toned by a small collapse inside. Underneath, your system may be trying to defend what matters or push back where something feels off.

You might begin by simply noticing these responses in your body without arguing with them. From there, give some room to the heat and the the inner no, and let the the collapse remind you to move gently and offer yourself a bit more support around {subject}.",-1.0,Strongly Negative,"seed_genres=metal,hardcore&target_valence=0.00&target_energy=0.70","Using the Spotify Search API, find one track that evokes the feeling of ""Quiet Fire"". Return the single best matching track.","Atmospheric conditions around {subject} show a heated boundary front interacting with a coarse turning gust, producing variable patterns. A a settling hush near the ground is expected to persist through the period, shaping the overall outlook for this area.",Fire | Rejecting | Quiet,The Low Smothered Blaze
Anger,Disgust,Fear,{{subject}},{{pronoun}},"{{subject}} evokes feelings of protective heat at the edges of your tolerance, mingled with an inner no and toned by tight caution. Underneath, your system may be trying to defend what matters or push back where something feels off.

You might begin by simply noticing these responses in your body without arguing with them. From there, give some room to the heat and the the inner no, and honor the caution by moving in small steps and checking what feels safe as you go.",-1.0,Strongly Negative,"seed_genres=metal,hardcore&target_valence=0.00&target_energy=0.70","Using the Spotify Search API, find one track that evokes the feeling of ""Cautious Fire"". Return the single best matching track.","Atmospheric conditions around {subject} show a compressed hot band interacting with a coarse turning gust, producing variable patterns. A a narrow watchful band at higher levels is expected to persist through the period, shaping the overall outlook for this area.",Fire | Rejecting | Cautious,The Guarded Tight Ember
Anger,Disgust,Joy,{{subject}},{{pronoun}},"{{subject}} evokes feelings of protective heat at the edges of your tolerance, mingled with an inner no and toned by warm lift. Underneath, your system may be trying to defend what matters or push back where something feels off.

You might begin by simply noticing these responses in your body without arguing with them. From there, give some room to the heat and the the inner no, and let the warmth soften the edges so you can stay present without forcing anything.",-0.6000000000000000,Strongly Negative,"seed_genres=metal,hardcore&target_valence=0.20&target_energy=0.74","Using the Spotify Search API, find one track that evokes the feeling of ""Open Fire"". Return the single best matching track.","Atmospheric conditions around {subject} show a compressed hot band interacting with harsh particulate air, producing variable patterns. A a quiet bright layer above is expected to persist through the period, shaping the overall outlook for this area.",Fire | Rejecting | Open,The Raw Unprotected Spark
Anger,Disgust,Withdrawing,{{subject}},{{pronoun}},"{{subject}} evokes feelings of protective heat at the edges of your tolerance, mingled with an inner no and toned by a need for space. Underneath, your system may be trying to defend what matters or push back where something feels off.

You might begin by simply noticing these responses in your body without arguing with them. From there, give some room to the heat and the the inner no, and honor the the need for space by giving yourself room to breathe before deciding what you want to do.",-0.8400000000000000,Strongly Negative,"seed_genres=metal,hardcore&target_valence=0.08&target_energy=0.72","Using the Spotify Search API, find one track that evokes the feeling of ""Objective Fire"". Return the single best matching track.","Atmospheric conditions around {subject} show a heated boundary front interacting with a coarse turning gust, producing variable patterns. A an open still band on the horizon is expected to persist through the period, shaping the overall outlook for this area.",Fire | Rejecting | Objective,The Cool Removed Heat
Anger,Disgust,Sadness,{{subject}},{{pronoun}},"{{subject}} evokes feelings of protective heat at the edges of your tolerance, mingled with an inner no and toned by soft heaviness. Underneath, your system may be trying to defend what matters or push back where something feels off.

You might begin by simply noticing these responses in your body without arguing with them. From there, give some room to the heat and the the inner no, and treat the heaviness as a signal to slow down and stay close to what really matters here.",-1.0,Strongly Negative,"seed_genres=metal,hardcore&target_valence=0.00&target_energy=0.70","Using the Spotify Search API, find one track that evokes the feeling of ""Tender Fire"". Return the single best matching track.","Atmospheric conditions around {subject} show a high-intensity storm line interacting with irregular abrasive currents, producing variable patterns. A a soft descending mist layer is expected to persist through the period, shaping the overall outlook for this area.",Fire | Rejecting | Tender,The Bruised Fragile Fire
Anger,Disgust,Surprise,{{subject}},{{pronoun}},"{{subject}} evokes feelings of protective heat at the edges of your tolerance, mingled with an inner no and toned by a sharp jolt. Underneath, your system may be trying to defend what matters or push back where something feels off.

You might begin by simply noticing these responses in your body without arguing with them. From there, give some room to the heat and the the inner no, and use the the jolt as a brief pause to reset, then decide what pace actually feels right.",-0.8,Strongly Negative,"seed_genres=metal,hardcore&target_valence=0.10&target_energy=0.72","Using the Spotify Search API, find one track that evokes the feeling of ""New Fire"". Return the single best matching track.","Atmospheric conditions around {subject} show a high-intensity storm line interacting with a coarse turning gust, producing variable patterns. A a brief flicker in the upper air is expected to persist through the period, shaping the overall outlook for this area.",Fire | Rejecting | New,The Sudden Startling Flame
Anger,Dropping,Curiosity,{{subject}},{{pronoun}},"{{subject}} evokes feelings of protective heat at the edges of your tolerance, mingled with a small collapse inside and toned by steady interest. Underneath, your system may be trying to defend what matters or push back where something feels off.

You might begin by simply noticing these responses in your body without arguing with them. From there, give some room to the heat and the the collapse, and let the interest gently invite you to stay curious without rushing your next move.",-0.6000000000000000,Strongly Negative,"seed_genres=metal,hardcore&target_valence=0.20&target_energy=0.74","Using the Spotify Search API, find one track that evokes the feeling of ""Flexible Fire"". Return the single best matching track.","Atmospheric conditions around {subject} show a heated boundary front interacting with sinking trailing clouds, producing variable patterns. A a light exploratory shimmer aloft is expected to persist through the period, shaping the overall outlook for this area.",Fire | Yielding | Flexible,The Unsteady Slippery Blaze
Anger,Dropping,Disgust,{{subject}},{{pronoun}},"{{subject}} evokes feelings of protective heat at the edges of your tolerance, mingled with a small collapse inside and toned by an inner no. Underneath, your system may be trying to defend what matters or push back where something feels off.

You might begin by simply noticing these responses in your body without arguing with them. From there, give some room to the heat and the the collapse, and use the the inner no to sort what belongs close and what needs more distance.",-1.0,Strongly Negative,"seed_genres=metal,hardcore&target_valence=0.00&target_energy=0.70","Using the Spotify Search API, find one track that evokes the feeling of ""Decisive Fire"". Return the single best matching track.","Atmospheric conditions around {subject} show a heated boundary front interacting with low drifting haze, producing variable patterns. A a sharp edge in the higher air is expected to persist through the period, shaping the overall outlook for this area.",Fire | Yielding | Decisive,The Cutting Sharp Ember
Anger,Dropping,Fear,{{subject}},{{pronoun}},"{{subject}} evokes feelings of protective heat at the edges of your tolerance, mingled with a small collapse inside and toned by tight caution. Underneath, your system may be trying to defend what matters or push back where something feels off.

You might begin by simply noticing these responses in your body without arguing with them. From there, give some room to the heat and the the collapse, and honor the caution by moving in small steps and checking what feels safe as you go.",-1.0,Strongly Negative,"seed_genres=metal,hardcore&target_valence=0.00&target_energy=0.70","Using the Spotify Search API, find one track that evokes the feeling of ""Cautious Fire"". Return the single best matching track.","Atmospheric conditions around {subject} show a compressed hot band interacting with sinking trailing clouds, producing variable patterns. A a narrow watchful band at higher levels is expected to persist through the period, shaping the overall outlook for this area.",Fire | Yielding | Cautious,The Watchful Wary Spark
Anger,Dropping,Joy,{{subject}},{{pronoun}},"{{subject}} evokes feelings of protective heat at the edges of your tolerance, mingled with a small collapse inside and toned by warm lift. Underneath, your system may be trying to defend what matters or push back where something feels off.

You might begin by simply noticing these responses in your body without arguing with them. From there, give some room to the heat and the the collapse, and let the warmth soften the edges so you can stay present without forcing anything.",-0.6000000000000000,Strongly Negative,"seed_genres=metal,hardcore&target_valence=0.20&target_energy=0.74","Using the Spotify Search API, find one track that evokes the feeling of ""Open Fire"". Return the single best matching track.","Atmospheric conditions around {subject} show a compressed hot band interacting with a fading underside layer, producing variable patterns. A a quiet bright layer above is expected to persist through the period, shaping the overall outlook for this area.",Fire | Yielding | Open,The Thin Vulnerable Heat
Anger,Dropping,Withdrawing,{{subject}},{{pronoun}},"{{subject}} evokes feelings of protective heat at the edges of your tolerance, mingled with a small collapse inside and toned by a need for space. Underneath, your system may be trying to defend what matters or push back where something feels off.

You might begin by simply noticing these responses in your body without arguing with them. From there, give some room to the heat and the the collapse, and honor the the need for space by giving yourself room to breathe before deciding what you want to do.",-0.8400000000000000,Strongly Negative,"seed_genres=metal,hardcore&target_valence=0.08&target_energy=0.72","Using the Spotify Search API, find one track that evokes the feeling of ""Objective Fire"". Return the single best matching track.","Atmospheric conditions around {subject} show a high-intensity storm line interacting with a fading underside layer, producing variable patterns. A a broad quiet layer at the margins is expected to persist through the period, shaping the overall outlook for this area.",Fire | Yielding | Objective,The Flat Blank Fire
Anger,Dropping,Sadness,{{subject}},{{pronoun}},"{{subject}} evokes feelings of protective heat at the edges of your tolerance, mingled with a small collapse inside and toned by soft heaviness. Underneath, your system may be trying to defend what matters or push back where something feels off.

You might begin by simply noticing these responses in your body without arguing with them. From there, give some room to the heat and the the collapse, and treat the heaviness as a signal to slow down and stay close to what really matters here.",-1.0,Strongly Negative,"seed_genres=metal,hardcore&target_valence=0.00&target_energy=0.70","Using the Spotify Search API, find one track that evokes the feeling of ""Tender Fire"". Return the single best matching track.","Atmospheric conditions around {subject} show a compressed hot band interacting with a fading underside layer, producing variable patterns. A a tender gray overcast above is expected to persist through the period, shaping the overall outlook for this area.",Fire | Yielding | Tender,The Exposed Frayed Flame
Anger,Dropping,Surprise,{{subject}},{{pronoun}},"{{subject}} evokes feelings of protective heat at the edges of your tolerance, mingled with a small collapse inside and toned by a sharp jolt. Underneath, your system may be trying to defend what matters or push back where something feels off.

You might begin by simply noticing these responses in your body without arguing with them. From there, give some room to the heat and the the collapse, and use the the jolt as a brief pause to reset, then decide what pace actually feels right.",-0.8,Strongly Negative,"seed_genres=metal,hardcore&target_valence=0.10&target_energy=0.72","Using the Spotify Search API, find one track that evokes the feeling of ""New Fire"". Return the single best matching track.","Atmospheric conditions around {subject} show a compressed hot band interacting with sinking trailing clouds, producing variable patterns. A a patchy scattering pattern aloft is expected to persist through the period, shaping the overall outlook for this area.",Fire | Yielding | New,The Sharp Harsh Blaze
Anger,Fear,Curiosity,{{subject}},{{pronoun}},"{{subject}} evokes feelings of protective heat at the edges of your tolerance, mingled with tight caution and toned by steady interest. Underneath, your system may be trying to defend what matters or push back where something feels off.

You might begin by simply noticing these responses in your body without arguing with them. From there, give some room to the heat and the caution, and let the interest gently invite you to stay curious without rushing your next move.",-0.6000000000000000,Strongly Negative,"seed_genres=metal,hardcore&target_valence=0.20&target_energy=0.74","Using the Spotify Search API, find one track that evokes the feeling of ""Flexible Fire"". Return the single best matching track.","Atmospheric conditions around {subject} show a heated boundary front interacting with a cautious, constricting flow, producing variable patterns. A a light exploratory shimmer aloft is expected to persist through the period, shaping the overall outlook for this area.",Fire | Protecting | Flexible,The Shifting Tense Ember
Anger,Fear,Disgust,{{subject}},{{pronoun}},"{{subject}} evokes feelings of protective heat at the edges of your tolerance, mingled with tight caution and toned by an inner no. Underneath, your system may be trying to defend what matters or push back where something feels off.

You might begin by simply noticing these responses in your body without arguing with them. From there, give some room to the heat and the caution, and use the the inner no to sort what belongs close and what needs more distance.",-1.0,Strongly Negative,"seed_genres=metal,hardcore&target_valence=0.00&target_energy=0.70","Using the Spotify Search API, find one track that evokes the feeling of ""Decisive Fire"". Return the single best matching track.","Atmospheric conditions around {subject} show a heated boundary front interacting with a cautious, constricting flow, producing variable patterns. A a sharp edge in the higher air is expected to persist through the period, shaping the overall outlook for this area.",Fire | Protecting | Decisive,The Final Relentless Spark
Anger,Fear,Dropping,{{subject}},{{pronoun}},"{{subject}} evokes feelings of protective heat at the edges of your tolerance, mingled with tight caution and toned by a small collapse inside. Underneath, your system may be trying to defend what matters or push back where something feels off.

You might begin by simply noticing these responses in your body without arguing with them. From there, give some room to the heat and the caution, and let the the collapse remind you to move gently and offer yourself a bit more support around {subject}.",-1.0,Strongly Negative,"seed_genres=metal,hardcore&target_valence=0.00&target_energy=0.70","Using the Spotify Search API, find one track that evokes the feeling of ""Quiet Fire"". Return the single best matching track.","Atmospheric conditions around {subject} show a high-intensity storm line interacting with tightening cool layers, producing variable patterns. A a settling hush near the ground is expected to persist through the period, shaping the overall outlook for this area.",Fire | Protecting | Quiet,The Hushed Sinking Heat
Anger,Fear,Joy,{{subject}},{{pronoun}},"{{subject}} evokes feelings of protective heat at the edges of your tolerance, mingled with tight caution and toned by warm lift. Underneath, your system may be trying to defend what matters or push back where something feels off.

You might begin by simply noticing these responses in your body without arguing with them. From there, give some room to the heat and the caution, and let the warmth soften the edges so you can stay present without forcing anything.",-0.6000000000000000,Strongly Negative,"seed_genres=metal,hardcore&target_valence=0.20&target_energy=0.74","Using the Spotify Search API, find one track that evokes the feeling of ""Open Fire"". Return the single best matching track.","Atmospheric conditions around {subject} show a high-intensity storm line interacting with tightening cool layers, producing variable patterns. A a soft warming undercurrent is expected to persist through the period, shaping the overall outlook for this area.",Fire | Protecting | Open,The Bare Raw Fire
Anger,Fear,Withdrawing,{{subject}},{{pronoun}},"{{subject}} evokes feelings of protective heat at the edges of your tolerance, mingled with tight caution and toned by a need for space. Underneath, your system may be trying to defend what matters or push back where something feels off.

You might begin by simply noticing these responses in your body without arguing with them. From there, give some room to the heat and the caution, and honor the the need for space by giving yourself room to breathe before deciding what you want to do.",-0.8400000000000000,Strongly Negative,"seed_genres=metal,hardcore&target_valence=0.08&target_energy=0.72","Using the Spotify Search API, find one track that evokes the feeling of ""Objective Fire"". Return the single best matching track.","Atmospheric conditions around {subject} show a heated boundary front interacting with tightening cool layers, producing variable patterns. A a broad quiet layer at the margins is expected to persist through the period, shaping the overall outlook for this area.",Fire | Protecting | Objective,The Cold Distant Flame
Anger,Fear,Sadness,{{subject}},{{pronoun}},"{{subject}} evokes feelings of protective heat at the edges of your tolerance, mingled with tight caution and toned by soft heaviness. Underneath, your system may be trying to defend what matters or push back where something feels off.

You might begin by simply noticing these responses in your body without arguing with them. From there, give some room to the heat and the caution, and treat the heaviness as a signal to slow down and stay close to what really matters here.",-1.0,Strongly Negative,"seed_genres=metal,hardcore&target_valence=0.00&target_energy=0.70","Using the Spotify Search API, find one track that evokes the feeling of ""Tender Fire"". Return the single best matching track.","Atmospheric conditions around {subject} show a high-intensity storm line interacting with a narrow cautious band, producing variable patterns. A a tender gray overcast above is expected to persist through the period, shaping the overall outlook for this area.",Fire | Protecting | Tender,The Sore Bruised Blaze
Anger,Fear,Surprise,{{subject}},{{pronoun}},"{{subject}} evokes feelings of protective heat at the edges of your tolerance, mingled with tight caution and toned by a sharp jolt. Underneath, your system may be trying to defend what matters or push back where something feels off.

You might begin by simply noticing these responses in your body without arguing with them. From there, give some room to the heat and the caution, and use the the jolt as a brief pause to reset, then decide what pace actually feels right.",-0.8,Strongly Negative,"seed_genres=metal,hardcore&target_valence=0.10&target_energy=0.72","Using the Spotify Search API, find one track that evokes the feeling of ""New Fire"". Return the single best matching track.","Atmospheric conditions around {subject} show a high-intensity storm line interacting with a cautious, constricting flow, producing variable patterns. A a brief flicker in the upper air is expected to persist through the period, shaping the overall outlook for this area.",Fire | Protecting | New,The Jarring Abrupt Ember
Anger,Joy,Curiosity,{{subject}},{{pronoun}},"{{subject}} evokes feelings of protective heat at the edges of your tolerance, mingled with warm lift and toned by steady interest. Underneath, your system may be trying to defend what matters or push back where something feels off.

You might begin by simply noticing these responses in your body without arguing with them. From there, give some room to the heat and the warmth, and let the interest gently invite you to stay curious without rushing your next move.",0.0,Mixed / Neutral,"seed_genres=metal,hardcore&target_valence=0.50&target_energy=0.80","Using the Spotify Search API, find one track that evokes the feeling of ""Flexible Fire"". Return the single best matching track.","Atmospheric conditions around {subject} show a heated boundary front interacting with gentle lifting pockets, producing variable patterns. A a light exploratory shimmer aloft is expected to persist through the period, shaping the overall outlook for this area.",Fire | Bonding | Flexible,The Flexible Supple Spark
Anger,Joy,Disgust,{{subject}},{{pronoun}},"{{subject}} evokes feelings of protective heat at the edges of your tolerance, mingled with warm lift and toned by an inner no. Underneath, your system may be trying to defend what matters or push back where something feels off.

You might begin by simply noticing these responses in your body without arguing with them. From there, give some room to the heat and the warmth, and use the the inner no to sort what belongs close and what needs more distance.",-0.4,Gently Negative,"seed_genres=metal,hardcore&target_valence=0.30&target_energy=0.76","Using the Spotify Search API, find one track that evokes the feeling of ""Decisive Fire"". Return the single best matching track.","Atmospheric conditions around {subject} show a compressed hot band interacting with a mild brightening trend, producing variable patterns. A a thin acidic drift at altitude is expected to persist through the period, shaping the overall outlook for this area.",Fire | Bonding | Decisive,The Harsh Severe Heat
Anger,Joy,Dropping,{{subject}},{{pronoun}},"{{subject}} evokes feelings of protective heat at the edges of your tolerance, mingled with warm lift and toned by a small collapse inside. Underneath, your system may be trying to defend what matters or push back where something feels off.

You might begin by simply noticing these responses in your body without arguing with them. From there, give some room to the heat and the warmth, and let the the collapse remind you to move gently and offer yourself a bit more support around {subject}.",-0.4,Gently Negative,"seed_genres=metal,hardcore&target_valence=0.30&target_energy=0.76","Using the Spotify Search API, find one track that evokes the feeling of ""Quiet Fire"". Return the single best matching track.","Atmospheric conditions around {subject} show a heated boundary front interacting with soft warming air, producing variable patterns. A a settling hush near the ground is expected to persist through the period, shaping the overall outlook for this area.",Fire | Bonding | Quiet,The Muted Dim Fire
Anger,Joy,Fear,{{subject}},{{pronoun}},"{{subject}} evokes feelings of protective heat at the edges of your tolerance, mingled with warm lift and toned by tight caution. Underneath, your system may be trying to defend what matters or push back where something feels off.

You might begin by simply noticing these responses in your body without arguing with them. From there, give some room to the heat and the warmth, and honor the caution by moving in small steps and checking what feels safe as you go.",-0.4,Gently Negative,"seed_genres=metal,hardcore&target_valence=0.30&target_energy=0.76","Using the Spotify Search API, find one track that evokes the feeling of ""Cautious Fire"". Return the single best matching track.","Atmospheric conditions around {subject} show a high-intensity storm line interacting with soft warming air, producing variable patterns. A a cooling shadow line overhead is expected to persist through the period, shaping the overall outlook for this area.",Fire | Bonding | Cautious,The Edgy Nervous Flame
Anger,Joy,Withdrawing,{{subject}},{{pronoun}},"{{subject}} evokes feelings of protective heat at the edges of your tolerance, mingled with warm lift and toned by a need for space. Underneath, your system may be trying to defend what matters or push back where something feels off.

You might begin by simply noticing these responses in your body without arguing with them. From there, give some room to the heat and the warmth, and honor the the need for space by giving yourself room to breathe before deciding what you want to do.",-0.24,Gently Negative,"seed_genres=metal,hardcore&target_valence=0.38&target_energy=0.78","Using the Spotify Search API, find one track that evokes the feeling of ""Objective Fire"". Return the single best matching track.","Atmospheric conditions around {subject} show a heated boundary front interacting with a mild brightening trend, producing variable patterns. A a broad quiet layer at the margins is expected to persist through the period, shaping the overall outlook for this area.",Fire | Bonding | Objective,The Cool Removed Blaze
Anger,Joy,Sadness,{{subject}},{{pronoun}},"{{subject}} evokes feelings of protective heat at the edges of your tolerance, mingled with warm lift and toned by soft heaviness. Underneath, your system may be trying to defend what matters or push back where something feels off.

You might begin by simply noticing these responses in your body without arguing with them. From there, give some room to the heat and the warmth, and treat the heaviness as a signal to slow down and stay close to what really matters here.",-0.4,Gently Negative,"seed_genres=metal,hardcore&target_valence=0.30&target_energy=0.76","Using the Spotify Search API, find one track that evokes the feeling of ""Tender Fire"". Return the single best matching track.","Atmospheric conditions around {subject} show a heated boundary front interacting with gentle lifting pockets, producing variable patterns. A a soft descending mist layer is expected to persist through the period, shaping the overall outlook for this area.",Fire | Bonding | Tender,The Raw Fragile Ember
Anger,Joy,Surprise,{{subject}},{{pronoun}},"{{subject}} evokes feelings of protective heat at the edges of your tolerance, mingled with warm lift and toned by a sharp jolt. Underneath, your system may be trying to defend what matters or push back where something feels off.

You might begin by simply noticing these responses in your body without arguing with them. From there, give some room to the heat and the warmth, and use the the jolt as a brief pause to reset, then decide what pace actually feels right.",-0.2,Gently Negative,"seed_genres=metal,hardcore&target_valence=0.40&target_energy=0.78","Using the Spotify Search API, find one track that evokes the feeling of ""New Fire"". Return the single best matching track.","Atmospheric conditions around {subject} show a compressed hot band interacting with soft warming air, producing variable patterns. A a brief flicker in the upper air is expected to persist through the period, shaping the overall outlook for this area.",Fire | Bonding | New,The Sudden Startling Spark
Anger,Withdrawing,Curiosity,{{subject}},{{pronoun}},"{{subject}} evokes feelings of protective heat at the edges of your tolerance, mingled with a need for space and toned by steady interest. Underneath, your system may be trying to defend what matters or push back where something feels off.

You might begin by simply noticing these responses in your body without arguing with them. From there, give some room to the heat and the the need for space, and let the interest gently invite you to stay curious without rushing your next move.",-0.36,Gently Negative,"seed_genres=metal,hardcore&target_valence=0.32&target_energy=0.76","Using the Spotify Search API, find one track that evokes the feeling of ""Flexible Fire"". Return the single best matching track.","Atmospheric conditions around {subject} show a heated boundary front interacting with receding quiet air, producing variable patterns. A a light exploratory shimmer aloft is expected to persist through the period, shaping the overall outlook for this area.",Fire | Retreating | Flexible,The Unsteady Slippery Heat
Anger,Withdrawing,Disgust,{{subject}},{{pronoun}},"{{subject}} evokes feelings of protective heat at the edges of your tolerance, mingled with a need for space and toned by an inner no. Underneath, your system may be trying to defend what matters or push back where something feels off.

You might begin by simply noticing these responses in your body without arguing with them. From there, give some room to the heat and the the need for space, and use the the inner no to sort what belongs close and what needs more distance.",-0.76,Strongly Negative,"seed_genres=metal,hardcore&target_valence=0.12&target_energy=0.72","Using the Spotify Search API, find one track that evokes the feeling of ""Decisive Fire"". Return the single best matching track.","Atmospheric conditions around {subject} show a heated boundary front interacting with expanding empty pockets, producing variable patterns. A a sharp edge in the higher air is expected to persist through the period, shaping the overall outlook for this area.",Fire | Retreating | Decisive,The Cutting Sharp Fire
Anger,Withdrawing,Dropping,{{subject}},{{pronoun}},"{{subject}} evokes feelings of protective heat at the edges of your tolerance, mingled with a need for space and toned by a small collapse inside. Underneath, your system may be trying to defend what matters or push back where something feels off.

You might begin by simply noticing these responses in your body without arguing with them. From there, give some room to the heat and the the need for space, and let the the collapse remind you to move gently and offer yourself a bit more support around {subject}.",-0.76,Strongly Negative,"seed_genres=metal,hardcore&target_valence=0.12&target_energy=0.72","Using the Spotify Search API, find one track that evokes the feeling of ""Quiet Fire"". Return the single best matching track.","Atmospheric conditions around {subject} show a high-intensity storm line interacting with expanding empty pockets, producing variable patterns. A a low dim undertone in the field is expected to persist through the period, shaping the overall outlook for this area.",Fire | Retreating | Quiet,The Low Smothered Flame
Anger,Withdrawing,Fear,{{subject}},{{pronoun}},"{{subject}} evokes feelings of protective heat at the edges of your tolerance, mingled with a need for space and toned by tight caution. Underneath, your system may be trying to defend what matters or push back where something feels off.

You might begin by simply noticing these responses in your body without arguing with them. From there, give some room to the heat and the the need for space, and honor the caution by moving in small steps and checking what feels safe as you go.",-0.76,Strongly Negative,"seed_genres=metal,hardcore&target_valence=0.12&target_energy=0.72","Using the Spotify Search API, find one track that evokes the feeling of ""Cautious Fire"". Return the single best matching track.","Atmospheric conditions around {subject} show a high-intensity storm line interacting with receding quiet air, producing variable patterns. A a narrow watchful band at higher levels is expected to persist through the period, shaping the overall outlook for this area.",Fire | Retreating | Cautious,The Guarded Tight Blaze
Anger,Withdrawing,Joy,{{subject}},{{pronoun}},"{{subject}} evokes feelings of protective heat at the edges of your tolerance, mingled with a need for space and toned by warm lift. Underneath, your system may be trying to defend what matters or push back where something feels off.

You might begin by simply noticing these responses in your body without arguing with them. From there, give some room to the heat and the the need for space, and let the warmth soften the edges so you can stay present without forcing anything.",-0.36,Gently Negative,"seed_genres=metal,hardcore&target_valence=0.32&target_energy=0.76","Using the Spotify Search API, find one track that evokes the feeling of ""Open Fire"". Return the single best matching track.","Atmospheric conditions around {subject} show a compressed hot band interacting with expanding empty pockets, producing variable patterns. A a quiet bright layer above is expected to persist through the period, shaping the overall outlook for this area.",Fire | Retreating | Open,The Unprotected Thin Ember
Anger,Withdrawing,Sadness,{{subject}},{{pronoun}},"{{subject}} evokes feelings of protective heat at the edges of your tolerance, mingled with a need for space and toned by soft heaviness. Underneath, your system may be trying to defend what matters or push back where something feels off.

You might begin by simply noticing these responses in your body without arguing with them. From there, give some room to the heat and the the need for space, and treat the heaviness as a signal to slow down and stay close to what really matters here.",-0.76,Strongly Negative,"seed_genres=metal,hardcore&target_valence=0.12&target_energy=0.72","Using the Spotify Search API, find one track that evokes the feeling of ""Tender Fire"". Return the single best matching track.","Atmospheric conditions around {subject} show a high-intensity storm line interacting with a broad retreating zone, producing variable patterns. A a soft descending mist layer is expected to persist through the period, shaping the overall outlook for this area.",Fire | Retreating | Tender,The Exposed Frayed Spark
Anger,Withdrawing,Surprise,{{subject}},{{pronoun}},"{{subject}} evokes feelings of protective heat at the edges of your tolerance, mingled with a need for space and toned by a sharp jolt. Underneath, your system may be trying to defend what matters or push back where something feels off.

You might begin by simply noticing these responses in your body without arguing with them. From there, give some room to the heat and the the need for space, and use the the jolt as a brief pause to reset, then decide what pace actually feels right.",-0.56,Strongly Negative,"seed_genres=metal,hardcore&target_valence=0.22&target_energy=0.74","Using the Spotify Search API, find one track that evokes the feeling of ""New Fire"". Return the single best matching track.","Atmospheric conditions around {subject} show a high-intensity storm line interacting with expanding empty pockets, producing variable patterns. A a brief flicker in the upper air is expected to persist through the period, shaping the overall outlook for this area.",Fire | Retreating | New,The Sharp Harsh Heat
Anger,Sadness,Curiosity,{{subject}},{{pronoun}},"{{subject}} evokes feelings of protective heat at the edges of your tolerance, mingled with soft heaviness and toned by steady interest. Underneath, your system may be trying to defend what matters or push back where something feels off.

You might begin by simply noticing these responses in your body without arguing with them. From there, give some room to the heat and the heaviness, and let the interest gently invite you to stay curious without rushing your next move.",-0.6000000000000000,Strongly Negative,"seed_genres=metal,hardcore&target_valence=0.20&target_energy=0.74","Using the Spotify Search API, find one track that evokes the feeling of ""Flexible Fire"". Return the single best matching track.","Atmospheric conditions around {subject} show a compressed hot band interacting with slow trailing showers, producing variable patterns. A a light exploratory shimmer aloft is expected to persist through the period, shaping the overall outlook for this area.",Fire | Grieving | Flexible,The Shifting Tense Fire
Anger,Sadness,Disgust,{{subject}},{{pronoun}},"{{subject}} evokes feelings of protective heat at the edges of your tolerance, mingled with soft heaviness and toned by an inner no. Underneath, your system may be trying to defend what matters or push back where something feels off.

You might begin by simply noticing these responses in your body without arguing with them. From there, give some room to the heat and the heaviness, and use the the inner no to sort what belongs close and what needs more distance.",-1.0,Strongly Negative,"seed_genres=metal,hardcore&target_valence=0.00&target_energy=0.70","Using the Spotify Search API, find one track that evokes the feeling of ""Decisive Fire"". Return the single best matching track.","Atmospheric conditions around {subject} show a compressed hot band interacting with slow trailing showers, producing variable patterns. A a thin acidic drift at altitude is expected to persist through the period, shaping the overall outlook for this area.",Fire | Grieving | Decisive,The Final Relentless Flame
Anger,Sadness,Dropping,{{subject}},{{pronoun}},"{{subject}} evokes feelings of protective heat at the edges of your tolerance, mingled with soft heaviness and toned by a small collapse inside. Underneath, your system may be trying to defend what matters or push back where something feels off.

You might begin by simply noticing these responses in your body without arguing with them. From there, give some room to the heat and the heaviness, and let the the collapse remind you to move gently and offer yourself a bit more support around {subject}.",-1.0,Strongly Negative,"seed_genres=metal,hardcore&target_valence=0.00&target_energy=0.70","Using the Spotify Search API, find one track that evokes the feeling of ""Quiet Fire"". Return the single best matching track.","Atmospheric conditions around {subject} show a heated boundary front interacting with muted rain bands, producing variable patterns. A a low dim undertone in the field is expected to persist through the period, shaping the overall outlook for this area.",Fire | Grieving | Quiet,The Hushed Sinking Blaze
Anger,Sadness,Fear,{{subject}},{{pronoun}},"{{subject}} evokes feelings of protective heat at the edges of your tolerance, mingled with soft heaviness and toned by tight caution. Underneath, your system may be trying to defend what matters or push back where something feels off.

You might begin by simply noticing these responses in your body without arguing with them. From there, give some room to the heat and the heaviness, and honor the caution by moving in small steps and checking what feels safe as you go.",-1.0,Strongly Negative,"seed_genres=metal,hardcore&target_valence=0.00&target_energy=0.70","Using the Spotify Search API, find one track that evokes the feeling of ""Cautious Fire"". Return the single best matching track.","Atmospheric conditions around {subject} show a high-intensity storm line interacting with slow trailing showers, producing variable patterns. A a cooling shadow line overhead is expected to persist through the period, shaping the overall outlook for this area.",Fire | Grieving | Cautious,The Watchful Wary Ember
Anger,Sadness,Joy,{{subject}},{{pronoun}},"{{subject}} evokes feelings of protective heat at the edges of your tolerance, mingled with soft heaviness and toned by warm lift. Underneath, your system may be trying to defend what matters or push back where something feels off.

You might begin by simply noticing these responses in your body without arguing with them. From there, give some room to the heat and the heaviness, and let the warmth soften the edges so you can stay present without forcing anything.",-0.6000000000000000,Strongly Negative,"seed_genres=metal,hardcore&target_valence=0.20&target_energy=0.74","Using the Spotify Search API, find one track that evokes the feeling of ""Open Fire"". Return the single best matching track.","Atmospheric conditions around {subject} show a high-intensity storm line interacting with slow trailing showers, producing variable patterns. A a quiet bright layer above is expected to persist through the period, shaping the overall outlook for this area.",Fire | Grieving | Open,The Vulnerable Exposed Spark
Anger,Sadness,Withdrawing,{{subject}},{{pronoun}},"{{subject}} evokes feelings of protective heat at the edges of your tolerance, mingled with soft heaviness and toned by a need for space. Underneath, your system may be trying to defend what matters or push back where something feels off.

You might begin by simply noticing these responses in your body without arguing with them. From there, give some room to the heat and the heaviness, and honor the the need for space by giving yourself room to breathe before deciding what you want to do.",-0.8400000000000000,Strongly Negative,"seed_genres=metal,hardcore&target_valence=0.08&target_energy=0.72","Using the Spotify Search API, find one track that evokes the feeling of ""Objective Fire"". Return the single best matching track.","Atmospheric conditions around {subject} show a heated boundary front interacting with slow trailing showers, producing variable patterns. A a broad quiet layer at the margins is expected to persist through the period, shaping the overall outlook for this area.",Fire | Grieving | Objective,The Flat Blank Heat
Anger,Sadness,Surprise,{{subject}},{{pronoun}},"{{subject}} evokes feelings of protective heat at the edges of your tolerance, mingled with soft heaviness and toned by a sharp jolt. Underneath, your system may be trying to defend what matters or push back where something feels off.

You might begin by simply noticing these responses in your body without arguing with them. From there, give some room to the heat and the heaviness, and use the the jolt as a brief pause to reset, then decide what pace actually feels right.",-0.8,Strongly Negative,"seed_genres=metal,hardcore&target_valence=0.10&target_energy=0.72","Using the Spotify Search API, find one track that evokes the feeling of ""New Fire"". Return the single best matching track.","Atmospheric conditions around {subject} show a high-intensity storm line interacting with slow trailing showers, producing variable patterns. A a patchy scattering pattern aloft is expected to persist through the period, shaping the overall outlook for this area.",Fire | Grieving | New,The Jarring Abrupt Fire
Anger,Surprise,Curiosity,{{subject}},{{pronoun}},"{{subject}} evokes feelings of protective heat at the edges of your tolerance, mingled with a sharp jolt and toned by steady interest. Underneath, your system may be trying to defend what matters or push back where something feels off.

You might begin by simply noticing these responses in your body without arguing with them. From there, give some room to the heat and the the jolt, and let the interest gently invite you to stay curious without rushing your next move.",-0.3,Gently Negative,"seed_genres=metal,hardcore&target_valence=0.35&target_energy=0.77","Using the Spotify Search API, find one track that evokes the feeling of ""Flexible Fire"". Return the single best matching track.","Atmospheric conditions around {subject} show a high-intensity storm line interacting with scattered short bursts, producing variable patterns. A thin curiosity haze is expected to persist through the period, shaping the overall outlook for this area.",Fire | Clearing | Flexible,The Uneasy Wavering Flame
Anger,Surprise,Disgust,{{subject}},{{pronoun}},"{{subject}} evokes feelings of protective heat at the edges of your tolerance, mingled with a sharp jolt and toned by an inner no. Underneath, your system may be trying to defend what matters or push back where something feels off.

You might begin by simply noticing these responses in your body without arguing with them. From there, give some room to the heat and the the jolt, and use the the inner no to sort what belongs close and what needs more distance.",-0.7,Strongly Negative,"seed_genres=metal,hardcore&target_valence=0.15&target_energy=0.73","Using the Spotify Search API, find one track that evokes the feeling of ""Decisive Fire"". Return the single best matching track.","Atmospheric conditions around {subject} show a compressed hot band interacting with scattered short bursts, producing variable patterns. A a sharp edge in the higher air is expected to persist through the period, shaping the overall outlook for this area.",Fire | Clearing | Decisive,The Harsh Severe Blaze
Anger,Surprise,Dropping,{{subject}},{{pronoun}},"{{subject}} evokes feelings of protective heat at the edges of your tolerance, mingled with a sharp jolt and toned by a small collapse inside. Underneath, your system may be trying to defend what matters or push back where something feels off.

You might begin by simply noticing these responses in your body without arguing with them. From there, give some room to the heat and the the jolt, and let the the collapse remind you to move gently and offer yourself a bit more support around {subject}.",-0.7,Strongly Negative,"seed_genres=metal,hardcore&target_valence=0.15&target_energy=0.73","Using the Spotify Search API, find one track that evokes the feeling of ""Quiet Fire"". Return the single best matching track.","Atmospheric conditions around {subject} show a compressed hot band interacting with scattered short bursts, producing variable patterns. A a low dim undertone in the field is expected to persist through the period, shaping the overall outlook for this area.",Fire | Clearing | Quiet,The Muted Dim Ember
Anger,Surprise,Fear,{{subject}},{{pronoun}},"{{subject}} evokes feelings of protective heat at the edges of your tolerance, mingled with a sharp jolt and toned by tight caution. Underneath, your system may be trying to defend what matters or push back where something feels off.

You might begin by simply noticing these responses in your body without arguing with them. From there, give some room to the heat and the the jolt, and honor the caution by moving in small steps and checking what feels safe as you go.",-0.7,Strongly Negative,"seed_genres=metal,hardcore&target_valence=0.15&target_energy=0.73","Using the Spotify Search API, find one track that evokes the feeling of ""Cautious Fire"". Return the single best matching track.","Atmospheric conditions around {subject} show a high-intensity storm line interacting with scattered short bursts, producing variable patterns. A a narrow watchful band at higher levels is expected to persist through the period, shaping the overall outlook for this area.",Fire | Clearing | Cautious,The Edgy Nervous Spark
Anger,Surprise,Joy,{{subject}},{{pronoun}},"{{subject}} evokes feelings of protective heat at the edges of your tolerance, mingled with a sharp jolt and toned by warm lift. Underneath, your system may be trying to defend what matters or push back where something feels off.

You might begin by simply noticing these responses in your body without arguing with them. From there, give some room to the heat and the the jolt, and let the warmth soften the edges so you can stay present without forcing anything.",-0.3,Gently Negative,"seed_genres=metal,hardcore&target_valence=0.35&target_energy=0.77","Using the Spotify Search API, find one track that evokes the feeling of ""Open Fire"". Return the single best matching track.","Atmospheric conditions around {subject} show a heated boundary front interacting with brief unexpected shifts, producing variable patterns. A a soft warming undercurrent is expected to persist through the period, shaping the overall outlook for this area.",Fire | Clearing | Open,The Bare Raw Heat
Anger,Surprise,Withdrawing,{{subject}},{{pronoun}},"{{subject}} evokes feelings of protective heat at the edges of your tolerance, mingled with a sharp jolt and toned by a need for space. Underneath, your system may be trying to defend what matters or push back where something feels off.

You might begin by simply noticing these responses in your body without arguing with them. From there, give some room to the heat and the the jolt, and honor the the need for space by giving yourself room to breathe before deciding what you want to do.",-0.54,Strongly Negative,"seed_genres=metal,hardcore&target_valence=0.23&target_energy=0.75","Using the Spotify Search API, find one track that evokes the feeling of ""Objective Fire"". Return the single best matching track.","Atmospheric conditions around {subject} show a compressed hot band interacting with brief unexpected shifts, producing variable patterns. A an open still band on the horizon is expected to persist through the period, shaping the overall outlook for this area.",Fire | Clearing | Objective,The Cold Distant Fire
Anger,Surprise,Sadness,{{subject}},{{pronoun}},"{{subject}} evokes feelings of protective heat at the edges of your tolerance, mingled with a sharp jolt and toned by soft heaviness. Underneath, your system may be trying to defend what matters or push back where something feels off.

You might begin by simply noticing these responses in your body without arguing with them. From there, give some room to the heat and the the jolt, and treat the heaviness as a signal to slow down and stay close to what really matters here.",-0.7,Strongly Negative,"seed_genres=metal,hardcore&target_valence=0.15&target_energy=0.73","Using the Spotify Search API, find one track that evokes the feeling of ""Tender Fire"". Return the single best matching track.","Atmospheric conditions around {subject} show a compressed hot band interacting with scattered short bursts, producing variable patterns. A a soft descending mist layer is expected to persist through the period, shaping the overall outlook for this area.",Fire | Clearing | Tender,The Sore Bruised Flame
Curiosity,Anger,Disgust,{{subject}},{{pronoun}},"{{subject}} evokes feelings of steady interest reaching toward something, woven together with protective heat, and colored by an inner no. It can feel like being drawn in while your body also tracks how safe or costly that pull might be.

You might begin by simply noticing these responses in your body without arguing with them. From there, give some room to the interest and the heat, and use the the inner no to sort what belongs close and what needs more distance.",0.0,Mixed / Neutral,"seed_genres=indie-rock,art-pop&target_valence=0.50&target_energy=0.60","Using the Spotify Search API, find one track that evokes the feeling of ""Decisive Question"". Return the single best matching track.","Atmospheric conditions around {subject} show a rising exploratory current interacting with a pressing hot strip, producing variable patterns. A a sharp edge in the higher air is expected to persist through the period, shaping the overall outlook for this area.",Question | Defending | Decisive,The Clear Exact Question
Curiosity,Anger,Dropping,{{subject}},{{pronoun}},"{{subject}} evokes feelings of steady interest reaching toward something, woven together with protective heat, and colored by a small collapse inside. It can feel like being drawn in while your body also tracks how safe or costly that pull might be.

You might begin by simply noticing these responses in your body without arguing with them. From there, give some room to the interest and the heat, and let the the collapse remind you to move gently and offer yourself a bit more support around {subject}.",0.0,Mixed / Neutral,"seed_genres=indie-rock,art-pop&target_valence=0.50&target_energy=0.60","Using the Spotify Search API, find one track that evokes the feeling of ""Quiet Question"". Return the single best matching track.","Atmospheric conditions around {subject} show a light searching flow interacting with a pressing hot strip, producing variable patterns. A a settling hush near the ground is expected to persist through the period, shaping the overall outlook for this area.",Question | Defending | Quiet,The Quiet Still Inquiry
Curiosity,Anger,Fear,{{subject}},{{pronoun}},"{{subject}} evokes feelings of steady interest reaching toward something, woven together with protective heat, and colored by tight caution. It can feel like being drawn in while your body also tracks how safe or costly that pull might be.

You might begin by simply noticing these responses in your body without arguing with them. From there, give some room to the interest and the heat, and honor the caution by moving in small steps and checking what feels safe as you go.",0.0,Mixed / Neutral,"seed_genres=indie-rock,art-pop&target_valence=0.50&target_energy=0.60","Using the Spotify Search API, find one track that evokes the feeling of ""Cautious Question"". Return the single best matching track.","Atmospheric conditions around {subject} show a rising exploratory current interacting with a pressing hot strip, producing variable patterns. A a narrow watchful band at higher levels is expected to persist through the period, shaping the overall outlook for this area.",Question | Defending | Cautious,The Careful Attentive Riddle
Curiosity,Anger,Joy,{{subject}},{{pronoun}},"{{subject}} evokes feelings of steady interest reaching toward something, woven together with protective heat, and colored by warm lift. It can feel like being drawn in while your body also tracks how safe or costly that pull might be.

You might begin by simply noticing these responses in your body without arguing with them. From there, give some room to the interest and the heat, and let the warmth soften the edges so you can stay present without forcing anything.",0.4,Gently Positive,"seed_genres=indie-rock,art-pop&target_valence=0.70&target_energy=0.64","Using the Spotify Search API, find one track that evokes the feeling of ""Open Question"". Return the single best matching track.","Atmospheric conditions around {subject} show a shifting inquiry front interacting with a tense, loaded boundary, producing variable patterns. A a soft warming undercurrent is expected to persist through the period, shaping the overall outlook for this area.",Question | Defending | Open,The Welcoming Unfolding Puzzle
Curiosity,Anger,Withdrawing,{{subject}},{{pronoun}},"{{subject}} evokes feelings of steady interest reaching toward something, woven together with protective heat, and colored by a need for space. It can feel like being drawn in while your body also tracks how safe or costly that pull might be.

You might begin by simply noticing these responses in your body without arguing with them. From there, give some room to the interest and the heat, and honor the the need for space by giving yourself room to breathe before deciding what you want to do.",0.16,Gently Positive,"seed_genres=indie-rock,art-pop&target_valence=0.58&target_energy=0.62","Using the Spotify Search API, find one track that evokes the feeling of ""Objective Question"". Return the single best matching track.","Atmospheric conditions around {subject} show a rising exploratory current interacting with a tense, loaded boundary, producing variable patterns. A a broad quiet layer at the margins is expected to persist through the period, shaping the overall outlook for this area.",Question | Defending | Objective,The Neutral Simple Mystery
Curiosity,Anger,Sadness,{{subject}},{{pronoun}},"{{subject}} evokes feelings of steady interest reaching toward something, woven together with protective heat, and colored by soft heaviness. It can feel like being drawn in while your body also tracks how safe or costly that pull might be.

You might begin by simply noticing these responses in your body without arguing with them. From there, give some room to the interest and the heat, and treat the heaviness as a signal to slow down and stay close to what really matters here.",0.0,Mixed / Neutral,"seed_genres=indie-rock,art-pop&target_valence=0.50&target_energy=0.60","Using the Spotify Search API, find one track that evokes the feeling of ""Tender Question"". Return the single best matching track.","Atmospheric conditions around {subject} show a light searching flow interacting with a sharp heated edge, producing variable patterns. A a tender gray overcast above is expected to persist through the period, shaping the overall outlook for this area.",Question | Defending | Tender,The Light Fine Enigma
Curiosity,Anger,Surprise,{{subject}},{{pronoun}},"{{subject}} evokes feelings of steady interest reaching toward something, woven together with protective heat, and colored by a sharp jolt. It can feel like being drawn in while your body also tracks how safe or costly that pull might be.

You might begin by simply noticing these responses in your body without arguing with them. From there, give some room to the interest and the heat, and use the the jolt as a brief pause to reset, then decide what pace actually feels right.",0.2,Gently Positive,"seed_genres=indie-rock,art-pop&target_valence=0.60&target_energy=0.62","Using the Spotify Search API, find one track that evokes the feeling of ""New Question"". Return the single best matching track.","Atmospheric conditions around {subject} show a light searching flow interacting with a pressing hot strip, producing variable patterns. A a brief flicker in the upper air is expected to persist through the period, shaping the overall outlook for this area.",Question | Defending | New,The Crisp Sparkling Question
Curiosity,Disgust,Anger,{{subject}},{{pronoun}},"{{subject}} evokes feelings of steady interest reaching toward something, woven together with an inner no, and colored by protective heat. It can feel like being drawn in while your body also tracks how safe or costly that pull might be.

You might begin by simply noticing these responses in your body without arguing with them. From there, give some room to the interest and the the inner no, and let the heat help you name what is okay and what is not as you relate to {subject}.",0.0,Mixed / Neutral,"seed_genres=indie-rock,art-pop&target_valence=0.50&target_energy=0.60","Using the Spotify Search API, find one track that evokes the feeling of ""Firm Question"". Return the single best matching track.","Atmospheric conditions around {subject} show a shifting inquiry front interacting with a coarse turning gust, producing variable patterns. A a heated residue trailing the system is expected to persist through the period, shaping the overall outlook for this area.",Question | Rejecting | Firm,The Firm Steady Inquiry
Curiosity,Disgust,Dropping,{{subject}},{{pronoun}},"{{subject}} evokes feelings of steady interest reaching toward something, woven together with an inner no, and colored by a small collapse inside. It can feel like being drawn in while your body also tracks how safe or costly that pull might be.

You might begin by simply noticing these responses in your body without arguing with them. From there, give some room to the interest and the the inner no, and let the the collapse remind you to move gently and offer yourself a bit more support around {subject}.",0.0,Mixed / Neutral,"seed_genres=indie-rock,art-pop&target_valence=0.50&target_energy=0.60","Using the Spotify Search API, find one track that evokes the feeling of ""Quiet Question"". Return the single best matching track.","Atmospheric conditions around {subject} show a rising exploratory current interacting with harsh particulate air, producing variable patterns. A a low dim undertone in the field is expected to persist through the period, shaping the overall outlook for this area.",Question | Rejecting | Quiet,The Hushed Muted Riddle
Curiosity,Disgust,Fear,{{subject}},{{pronoun}},"{{subject}} evokes feelings of steady interest reaching toward something, woven together with an inner no, and colored by tight caution. It can feel like being drawn in while your body also tracks how safe or costly that pull might be.

You might begin by simply noticing these responses in your body without arguing with them. From there, give some room to the interest and the the inner no, and honor the caution by moving in small steps and checking what feels safe as you go.",0.0,Mixed / Neutral,"seed_genres=indie-rock,art-pop&target_valence=0.50&target_energy=0.60","Using the Spotify Search API, find one track that evokes the feeling of ""Cautious Question"". Return the single best matching track.","Atmospheric conditions around {subject} show a rising exploratory current interacting with a coarse turning gust, producing variable patterns. A a cooling shadow line overhead is expected to persist through the period, shaping the overall outlook for this area.",Question | Rejecting | Cautious,The Vigilant Cautious Puzzle
Curiosity,Disgust,Joy,{{subject}},{{pronoun}},"{{subject}} evokes feelings of steady interest reaching toward something, woven together with an inner no, and colored by warm lift. It can feel like being drawn in while your body also tracks how safe or costly that pull might be.

You might begin by simply noticing these responses in your body without arguing with them. From there, give some room to the interest and the the inner no, and let the warmth soften the edges so you can stay present without forcing anything.",0.4,Gently Positive,"seed_genres=indie-rock,art-pop&target_valence=0.70&target_energy=0.64","Using the Spotify Search API, find one track that evokes the feeling of ""Open Question"". Return the single best matching track.","Atmospheric conditions around {subject} show a light searching flow interacting with a coarse turning gust, producing variable patterns. A a soft warming undercurrent is expected to persist through the period, shaping the overall outlook for this area.",Question | Rejecting | Open,The Soft Radiant Mystery
Curiosity,Disgust,Withdrawing,{{subject}},{{pronoun}},"{{subject}} evokes feelings of steady interest reaching toward something, woven together with an inner no, and colored by a need for space. It can feel like being drawn in while your body also tracks how safe or costly that pull might be.

You might begin by simply noticing these responses in your body without arguing with them. From there, give some room to the interest and the the inner no, and honor the the need for space by giving yourself room to breathe before deciding what you want to do.",0.16,Gently Positive,"seed_genres=indie-rock,art-pop&target_valence=0.58&target_energy=0.62","Using the Spotify Search API, find one track that evokes the feeling of ""Objective Question"". Return the single best matching track.","Atmospheric conditions around {subject} show a shifting inquiry front interacting with a coarse turning gust, producing variable patterns. A an open still band on the horizon is expected to persist through the period, shaping the overall outlook for this area.",Question | Rejecting | Objective,The Even Balanced Enigma
Curiosity,Disgust,Sadness,{{subject}},{{pronoun}},"{{subject}} evokes feelings of steady interest reaching toward something, woven together with an inner no, and colored by soft heaviness. It can feel like being drawn in while your body also tracks how safe or costly that pull might be.

You might begin by simply noticing these responses in your body without arguing with them. From there, give some room to the interest and the the inner no, and treat the heaviness as a signal to slow down and stay close to what really matters here.",0.0,Mixed / Neutral,"seed_genres=indie-rock,art-pop&target_valence=0.50&target_energy=0.60","Using the Spotify Search API, find one track that evokes the feeling of ""Tender Question"". Return the single best matching track.","Atmospheric conditions around {subject} show a light searching flow interacting with a coarse turning gust, producing variable patterns. A a tender gray overcast above is expected to persist through the period, shaping the overall outlook for this area.",Question | Rejecting | Tender,The Tender Gentle Question
Curiosity,Disgust,Surprise,{{subject}},{{pronoun}},"{{subject}} evokes feelings of steady interest reaching toward something, woven together with an inner no, and colored by a sharp jolt. It can feel like being drawn in while your body also tracks how safe or costly that pull might be.

You might begin by simply noticing these responses in your body without arguing with them. From there, give some room to the interest and the the inner no, and use the the jolt as a brief pause to reset, then decide what pace actually feels right.",0.2,Gently Positive,"seed_genres=indie-rock,art-pop&target_valence=0.60&target_energy=0.62","Using the Spotify Search API, find one track that evokes the feeling of ""New Question"". Return the single best matching track.","Atmospheric conditions around {subject} show a light searching flow interacting with harsh particulate air, producing variable patterns. A a brief flicker in the upper air is expected to persist through the period, shaping the overall outlook for this area.",Question | Rejecting | New,The Surprising Lively Inquiry
Curiosity,Dropping,Anger,{{subject}},{{pronoun}},"{{subject}} evokes feelings of steady interest reaching toward something, woven together with a small collapse inside, and colored by protective heat. It can feel like being drawn in while your body also tracks how safe or costly that pull might be.

You might begin by simply noticing these responses in your body without arguing with them. From there, give some room to the interest and the the collapse, and let the heat help you name what is okay and what is not as you relate to {subject}.",0.0,Mixed / Neutral,"seed_genres=indie-rock,art-pop&target_valence=0.50&target_energy=0.60","Using the Spotify Search API, find one track that evokes the feeling of ""Firm Question"". Return the single best matching track.","Atmospheric conditions around {subject} show a light searching flow interacting with sinking trailing clouds, producing variable patterns. A a thin aggressive echo aloft is expected to persist through the period, shaping the overall outlook for this area.",Question | Yielding | Firm,The Rooted Solid Riddle
Curiosity,Dropping,Disgust,{{subject}},{{pronoun}},"{{subject}} evokes feelings of steady interest reaching toward something, woven together with a small collapse inside, and colored by an inner no. It can feel like being drawn in while your body also tracks how safe or costly that pull might be.

You might begin by simply noticing these responses in your body without arguing with them. From there, give some room to the interest and the the collapse, and use the the inner no to sort what belongs close and what needs more distance.",0.0,Mixed / Neutral,"seed_genres=indie-rock,art-pop&target_valence=0.50&target_energy=0.60","Using the Spotify Search API, find one track that evokes the feeling of ""Decisive Question"". Return the single best matching track.","Atmospheric conditions around {subject} show a rising exploratory current interacting with sinking trailing clouds, producing variable patterns. A a sharp edge in the higher air is expected to persist through the period, shaping the overall outlook for this area.",Question | Yielding | Decisive,The Certain Definite Puzzle
Curiosity,Dropping,Fear,{{subject}},{{pronoun}},"{{subject}} evokes feelings of steady interest reaching toward something, woven together with a small collapse inside, and colored by tight caution. It can feel like being drawn in while your body also tracks how safe or costly that pull might be.

You might begin by simply noticing these responses in your body without arguing with them. From there, give some room to the interest and the the collapse, and honor the caution by moving in small steps and checking what feels safe as you go.",0.0,Mixed / Neutral,"seed_genres=indie-rock,art-pop&target_valence=0.50&target_energy=0.60","Using the Spotify Search API, find one track that evokes the feeling of ""Cautious Question"". Return the single best matching track.","Atmospheric conditions around {subject} show a rising exploratory current interacting with low drifting haze, producing variable patterns. A a cooling shadow line overhead is expected to persist through the period, shaping the overall outlook for this area.",Question | Yielding | Cautious,The Watchful Careful Mystery
Curiosity,Dropping,Joy,{{subject}},{{pronoun}},"{{subject}} evokes feelings of steady interest reaching toward something, woven together with a small collapse inside, and colored by warm lift. It can feel like being drawn in while your body also tracks how safe or costly that pull might be.

You might begin by simply noticing these responses in your body without arguing with them. From there, give some room to the interest and the the collapse, and let the warmth soften the edges so you can stay present without forcing anything.",0.4,Gently Positive,"seed_genres=indie-rock,art-pop&target_valence=0.70&target_energy=0.64","Using the Spotify Search API, find one track that evokes the feeling of ""Open Question"". Return the single best matching track.","Atmospheric conditions around {subject} show a shifting inquiry front interacting with a fading underside layer, producing variable patterns. A a soft warming undercurrent is expected to persist through the period, shaping the overall outlook for this area.",Question | Yielding | Open,The Bright Open Enigma
Curiosity,Dropping,Withdrawing,{{subject}},{{pronoun}},"{{subject}} evokes feelings of steady interest reaching toward something, woven together with a small collapse inside, and colored by a need for space. It can feel like being drawn in while your body also tracks how safe or costly that pull might be.

You might begin by simply noticing these responses in your body without arguing with them. From there, give some room to the interest and the the collapse, and honor the the need for space by giving yourself room to breathe before deciding what you want to do.",0.16,Gently Positive,"seed_genres=indie-rock,art-pop&target_valence=0.58&target_energy=0.62","Using the Spotify Search API, find one track that evokes the feeling of ""Objective Question"". Return the single best matching track.","Atmospheric conditions around {subject} show a light searching flow interacting with low drifting haze, producing variable patterns. A a broad quiet layer at the margins is expected to persist through the period, shaping the overall outlook for this area.",Question | Yielding | Objective,The Plain Neutral Question
Curiosity,Dropping,Sadness,{{subject}},{{pronoun}},"{{subject}} evokes feelings of steady interest reaching toward something, woven together with a small collapse inside, and colored by soft heaviness. It can feel like being drawn in while your body also tracks how safe or costly that pull might be.

You might begin by simply noticing these responses in your body without arguing with them. From there, give some room to the interest and the the collapse, and treat the heaviness as a signal to slow down and stay close to what really matters here.",0.0,Mixed / Neutral,"seed_genres=indie-rock,art-pop&target_valence=0.50&target_energy=0.60","Using the Spotify Search API, find one track that evokes the feeling of ""Tender Question"". Return the single best matching track.","Atmospheric conditions around {subject} show a rising exploratory current interacting with a fading underside layer, producing variable patterns. A a tender gray overcast above is expected to persist through the period, shaping the overall outlook for this area.",Question | Yielding | Tender,The Soft Quiet Inquiry
Curiosity,Dropping,Surprise,{{subject}},{{pronoun}},"{{subject}} evokes feelings of steady interest reaching toward something, woven together with a small collapse inside, and colored by a sharp jolt. It can feel like being drawn in while your body also tracks how safe or costly that pull might be.

You might begin by simply noticing these responses in your body without arguing with them. From there, give some room to the interest and the the collapse, and use the the jolt as a brief pause to reset, then decide what pace actually feels right.",0.2,Gently Positive,"seed_genres=indie-rock,art-pop&target_valence=0.60&target_energy=0.62","Using the Spotify Search API, find one track that evokes the feeling of ""New Question"". Return the single best matching track.","Atmospheric conditions around {subject} show a shifting inquiry front interacting with sinking trailing clouds, producing variable patterns. A a patchy scattering pattern aloft is expected to persist through the period, shaping the overall outlook for this area.",Question | Yielding | New,The Fresh New Riddle
Curiosity,Fear,Anger,{{subject}},{{pronoun}},"{{subject}} evokes feelings of steady interest reaching toward something, woven together with tight caution, and colored by protective heat. It can feel like being drawn in while your body also tracks how safe or costly that pull might be.

You might begin by simply noticing these responses in your body without arguing with them. From there, give some room to the interest and the caution, and let the heat help you name what is okay and what is not as you relate to {subject}.",0.0,Mixed / Neutral,"seed_genres=indie-rock,art-pop&target_valence=0.50&target_energy=0.60","Using the Spotify Search API, find one track that evokes the feeling of ""Firm Question"". Return the single best matching track.","Atmospheric conditions around {subject} show a light searching flow interacting with tightening cool layers, producing variable patterns. A a heated residue trailing the system is expected to persist through the period, shaping the overall outlook for this area.",Question | Protecting | Firm,The Grounded Set Puzzle
Curiosity,Fear,Disgust,{{subject}},{{pronoun}},"{{subject}} evokes feelings of steady interest reaching toward something, woven together with tight caution, and colored by an inner no. It can feel like being drawn in while your body also tracks how safe or costly that pull might be.

You might begin by simply noticing these responses in your body without arguing with them. From there, give some room to the interest and the caution, and use the the inner no to sort what belongs close and what needs more distance.",0.0,Mixed / Neutral,"seed_genres=indie-rock,art-pop&target_valence=0.50&target_energy=0.60","Using the Spotify Search API, find one track that evokes the feeling of ""Decisive Question"". Return the single best matching track.","Atmospheric conditions around {subject} show a rising exploratory current interacting with a cautious, constricting flow, producing variable patterns. A a thin acidic drift at altitude is expected to persist through the period, shaping the overall outlook for this area.",Question | Protecting | Decisive,The Decisive Sharp Mystery
Curiosity,Fear,Dropping,{{subject}},{{pronoun}},"{{subject}} evokes feelings of steady interest reaching toward something, woven together with tight caution, and colored by a small collapse inside. It can feel like being drawn in while your body also tracks how safe or costly that pull might be.

You might begin by simply noticing these responses in your body without arguing with them. From there, give some room to the interest and the caution, and let the the collapse remind you to move gently and offer yourself a bit more support around {subject}.",0.0,Mixed / Neutral,"seed_genres=indie-rock,art-pop&target_valence=0.50&target_energy=0.60","Using the Spotify Search API, find one track that evokes the feeling of ""Quiet Question"". Return the single best matching track.","Atmospheric conditions around {subject} show a shifting inquiry front interacting with tightening cool layers, producing variable patterns. A a settling hush near the ground is expected to persist through the period, shaping the overall outlook for this area.",Question | Protecting | Quiet,The Dim Low Enigma
Curiosity,Fear,Joy,{{subject}},{{pronoun}},"{{subject}} evokes feelings of steady interest reaching toward something, woven together with tight caution, and colored by warm lift. It can feel like being drawn in while your body also tracks how safe or costly that pull might be.

You might begin by simply noticing these responses in your body without arguing with them. From there, give some room to the interest and the caution, and let the warmth soften the edges so you can stay present without forcing anything.",0.4,Gently Positive,"seed_genres=indie-rock,art-pop&target_valence=0.70&target_energy=0.64","Using the Spotify Search API, find one track that evokes the feeling of ""Open Question"". Return the single best matching track.","Atmospheric conditions around {subject} show a shifting inquiry front interacting with tightening cool layers, producing variable patterns. A a quiet bright layer above is expected to persist through the period, shaping the overall outlook for this area.",Question | Protecting | Open,The Welcoming Unfolding Question
Curiosity,Fear,Withdrawing,{{subject}},{{pronoun}},"{{subject}} evokes feelings of steady interest reaching toward something, woven together with tight caution, and colored by a need for space. It can feel like being drawn in while your body also tracks how safe or costly that pull might be.

You might begin by simply noticing these responses in your body without arguing with them. From there, give some room to the interest and the caution, and honor the the need for space by giving yourself room to breathe before deciding what you want to do.",0.16,Gently Positive,"seed_genres=indie-rock,art-pop&target_valence=0.58&target_energy=0.62","Using the Spotify Search API, find one track that evokes the feeling of ""Objective Question"". Return the single best matching track.","Atmospheric conditions around {subject} show a rising exploratory current interacting with tightening cool layers, producing variable patterns. A an open still band on the horizon is expected to persist through the period, shaping the overall outlook for this area.",Question | Protecting | Objective,The Cool Simple Inquiry
Curiosity,Fear,Sadness,{{subject}},{{pronoun}},"{{subject}} evokes feelings of steady interest reaching toward something, woven together with tight caution, and colored by soft heaviness. It can feel like being drawn in while your body also tracks how safe or costly that pull might be.

You might begin by simply noticing these responses in your body without arguing with them. From there, give some room to the interest and the caution, and treat the heaviness as a signal to slow down and stay close to what really matters here.",0.0,Mixed / Neutral,"seed_genres=indie-rock,art-pop&target_valence=0.50&target_energy=0.60","Using the Spotify Search API, find one track that evokes the feeling of ""Tender Question"". Return the single best matching track.","Atmospheric conditions around {subject} show a shifting inquiry front interacting with a narrow cautious band, producing variable patterns. A a tender gray overcast above is expected to persist through the period, shaping the overall outlook for this area.",Question | Protecting | Tender,The Light Fine Riddle
Curiosity,Fear,Surprise,{{subject}},{{pronoun}},"{{subject}} evokes feelings of steady interest reaching toward something, woven together with tight caution, and colored by a sharp jolt. It can feel like being drawn in while your body also tracks how safe or costly that pull might be.

You might begin by simply noticing these responses in your body without arguing with them. From there, give some room to the interest and the caution, and use the the jolt as a brief pause to reset, then decide what pace actually feels right.",0.2,Gently Positive,"seed_genres=indie-rock,art-pop&target_valence=0.60&target_energy=0.62","Using the Spotify Search API, find one track that evokes the feeling of ""New Question"". Return the single best matching track.","Atmospheric conditions around {subject} show a shifting inquiry front interacting with a cautious, constricting flow, producing variable patterns. A a brief flicker in the upper air is expected to persist through the period, shaping the overall outlook for this area.",Question | Protecting | New,The Crisp Sparkling Puzzle
Curiosity,Joy,Anger,{{subject}},{{pronoun}},"{{subject}} evokes feelings of steady interest reaching toward something, woven together with warm lift, and colored by protective heat. It can feel like being drawn in while your body also tracks how safe or costly that pull might be.

You might begin by simply noticing these responses in your body without arguing with them. From there, give some room to the interest and the warmth, and let the heat help you name what is okay and what is not as you relate to {subject}.",0.6000000000000000,Strongly Positive,"seed_genres=indie-rock,art-pop&target_valence=0.80&target_energy=0.66","Using the Spotify Search API, find one track that evokes the feeling of ""Firm Question"". Return the single best matching track.","Atmospheric conditions around {subject} show a rising exploratory current interacting with a mild brightening trend, producing variable patterns. A a thin aggressive echo aloft is expected to persist through the period, shaping the overall outlook for this area.",Question | Bonding | Firm,The Resolved Steady Mystery
Curiosity,Joy,Disgust,{{subject}},{{pronoun}},"{{subject}} evokes feelings of steady interest reaching toward something, woven together with warm lift, and colored by an inner no. It can feel like being drawn in while your body also tracks how safe or costly that pull might be.

You might begin by simply noticing these responses in your body without arguing with them. From there, give some room to the interest and the warmth, and use the the inner no to sort what belongs close and what needs more distance.",0.6000000000000000,Strongly Positive,"seed_genres=indie-rock,art-pop&target_valence=0.80&target_energy=0.66","Using the Spotify Search API, find one track that evokes the feeling of ""Decisive Question"". Return the single best matching track.","Atmospheric conditions around {subject} show a rising exploratory current interacting with soft warming air, producing variable patterns. A a thin acidic drift at altitude is expected to persist through the period, shaping the overall outlook for this area.",Question | Bonding | Decisive,The Sure Clear Enigma
Curiosity,Joy,Dropping,{{subject}},{{pronoun}},"{{subject}} evokes feelings of steady interest reaching toward something, woven together with warm lift, and colored by a small collapse inside. It can feel like being drawn in while your body also tracks how safe or costly that pull might be.

You might begin by simply noticing these responses in your body without arguing with them. From there, give some room to the interest and the warmth, and let the the collapse remind you to move gently and offer yourself a bit more support around {subject}.",0.6000000000000000,Strongly Positive,"seed_genres=indie-rock,art-pop&target_valence=0.80&target_energy=0.66","Using the Spotify Search API, find one track that evokes the feeling of ""Quiet Question"". Return the single best matching track.","Atmospheric conditions around {subject} show a rising exploratory current interacting with gentle lifting pockets, producing variable patterns. A a low dim undertone in the field is expected to persist through the period, shaping the overall outlook for this area.",Question | Bonding | Quiet,The Calm Restful Question
Curiosity,Joy,Fear,{{subject}},{{pronoun}},"{{subject}} evokes feelings of steady interest reaching toward something, woven together with warm lift, and colored by tight caution. It can feel like being drawn in while your body also tracks how safe or costly that pull might be.

You might begin by simply noticing these responses in your body without arguing with them. From there, give some room to the interest and the warmth, and honor the caution by moving in small steps and checking what feels safe as you go.",0.6000000000000000,Strongly Positive,"seed_genres=indie-rock,art-pop&target_valence=0.80&target_energy=0.66","Using the Spotify Search API, find one track that evokes the feeling of ""Cautious Question"". Return the single best matching track.","Atmospheric conditions around {subject} show a light searching flow interacting with a mild brightening trend, producing variable patterns. A a narrow watchful band at higher levels is expected to persist through the period, shaping the overall outlook for this area.",Question | Bonding | Cautious,The Measured Considerate Inquiry
Curiosity,Joy,Withdrawing,{{subject}},{{pronoun}},"{{subject}} evokes feelings of steady interest reaching toward something, woven together with warm lift, and colored by a need for space. It can feel like being drawn in while your body also tracks how safe or costly that pull might be.

You might begin by simply noticing these responses in your body without arguing with them. From there, give some room to the interest and the warmth, and honor the the need for space by giving yourself room to breathe before deciding what you want to do.",0.76,Strongly Positive,"seed_genres=indie-rock,art-pop&target_valence=0.88&target_energy=0.68","Using the Spotify Search API, find one track that evokes the feeling of ""Objective Question"". Return the single best matching track.","Atmospheric conditions around {subject} show a light searching flow interacting with soft warming air, producing variable patterns. A an open still band on the horizon is expected to persist through the period, shaping the overall outlook for this area.",Question | Bonding | Objective,The Even Balanced Riddle
Curiosity,Joy,Sadness,{{subject}},{{pronoun}},"{{subject}} evokes feelings of steady interest reaching toward something, woven together with warm lift, and colored by soft heaviness. It can feel like being drawn in while your body also tracks how safe or costly that pull might be.

You might begin by simply noticing these responses in your body without arguing with them. From there, give some room to the interest and the warmth, and treat the heaviness as a signal to slow down and stay close to what really matters here.",0.6000000000000000,Strongly Positive,"seed_genres=indie-rock,art-pop&target_valence=0.80&target_energy=0.66","Using the Spotify Search API, find one track that evokes the feeling of ""Tender Question"". Return the single best matching track.","Atmospheric conditions around {subject} show a shifting inquiry front interacting with gentle lifting pockets, producing variable patterns. A a soft descending mist layer is expected to persist through the period, shaping the overall outlook for this area.",Question | Bonding | Tender,The Delicate Kind Puzzle
Curiosity,Joy,Surprise,{{subject}},{{pronoun}},"{{subject}} evokes feelings of steady interest reaching toward something, woven together with warm lift, and colored by a sharp jolt. It can feel like being drawn in while your body also tracks how safe or costly that pull might be.

You might begin by simply noticing these responses in your body without arguing with them. From there, give some room to the interest and the warmth, and use the the jolt as a brief pause to reset, then decide what pace actually feels right.",0.8,Strongly Positive,"seed_genres=indie-rock,art-pop&target_valence=0.90&target_energy=0.68","Using the Spotify Search API, find one track that evokes the feeling of ""New Question"". Return the single best matching track.","Atmospheric conditions around {subject} show a light searching flow interacting with soft warming air, producing variable patterns. A a patchy scattering pattern aloft is expected to persist through the period, shaping the overall outlook for this area.",Question | Bonding | New,The Surprising Lively Mystery
Curiosity,Withdrawing,Anger,{{subject}},{{pronoun}},"{{subject}} evokes feelings of steady interest reaching toward something, woven together with a need for space, and colored by protective heat. It can feel like being drawn in while your body also tracks how safe or costly that pull might be.

You might begin by simply noticing these responses in your body without arguing with them. From there, give some room to the interest and the the need for space, and let the heat help you name what is okay and what is not as you relate to {subject}.",0.24,Gently Positive,"seed_genres=indie-rock,art-pop&target_valence=0.62&target_energy=0.62","Using the Spotify Search API, find one track that evokes the feeling of ""Firm Question"". Return the single best matching track.","Atmospheric conditions around {subject} show a shifting inquiry front interacting with expanding empty pockets, producing variable patterns. A a heated residue trailing the system is expected to persist through the period, shaping the overall outlook for this area.",Question | Retreating | Firm,The Rooted Grounded Enigma
Curiosity,Withdrawing,Disgust,{{subject}},{{pronoun}},"{{subject}} evokes feelings of steady interest reaching toward something, woven together with a need for space, and colored by an inner no. It can feel like being drawn in while your body also tracks how safe or costly that pull might be.

You might begin by simply noticing these responses in your body without arguing with them. From there, give some room to the interest and the the need for space, and use the the inner no to sort what belongs close and what needs more distance.",0.24,Gently Positive,"seed_genres=indie-rock,art-pop&target_valence=0.62&target_energy=0.62","Using the Spotify Search API, find one track that evokes the feeling of ""Decisive Question"". Return the single best matching track.","Atmospheric conditions around {subject} show a rising exploratory current interacting with receding quiet air, producing variable patterns. A a sharp edge in the higher air is expected to persist through the period, shaping the overall outlook for this area.",Question | Retreating | Decisive,The Certain Definite Question
Curiosity,Withdrawing,Dropping,{{subject}},{{pronoun}},"{{subject}} evokes feelings of steady interest reaching toward something, woven together with a need for space, and colored by a small collapse inside. It can feel like being drawn in while your body also tracks how safe or costly that pull might be.

You might begin by simply noticing these responses in your body without arguing with them. From there, give some room to the interest and the the need for space, and let the the collapse remind you to move gently and offer yourself a bit more support around {subject}.",0.24,Gently Positive,"seed_genres=indie-rock,art-pop&target_valence=0.62&target_energy=0.62","Using the Spotify Search API, find one track that evokes the feeling of ""Quiet Question"". Return the single best matching track.","Atmospheric conditions around {subject} show a shifting inquiry front interacting with a broad retreating zone, producing variable patterns. A a low dim undertone in the field is expected to persist through the period, shaping the overall outlook for this area.",Question | Retreating | Quiet,The Still Calm Inquiry
Curiosity,Withdrawing,Fear,{{subject}},{{pronoun}},"{{subject}} evokes feelings of steady interest reaching toward something, woven together with a need for space, and colored by tight caution. It can feel like being drawn in while your body also tracks how safe or costly that pull might be.

You might begin by simply noticing these responses in your body without arguing with them. From there, give some room to the interest and the the need for space, and honor the caution by moving in small steps and checking what feels safe as you go.",0.24,Gently Positive,"seed_genres=indie-rock,art-pop&target_valence=0.62&target_energy=0.62","Using the Spotify Search API, find one track that evokes the feeling of ""Cautious Question"". Return the single best matching track.","Atmospheric conditions around {subject} show a shifting inquiry front interacting with receding quiet air, producing variable patterns. A a narrow watchful band at higher levels is expected to persist through the period, shaping the overall outlook for this area.",Question | Retreating | Cautious,The Attentive Careful Riddle
Curiosity,Withdrawing,Joy,{{subject}},{{pronoun}},"{{subject}} evokes feelings of steady interest reaching toward something, woven together with a need for space, and colored by warm lift. It can feel like being drawn in while your body also tracks how safe or costly that pull might be.

You might begin by simply noticing these responses in your body without arguing with them. From there, give some room to the interest and the the need for space, and let the warmth soften the edges so you can stay present without forcing anything.",0.64,Strongly Positive,"seed_genres=indie-rock,art-pop&target_valence=0.82&target_energy=0.66","Using the Spotify Search API, find one track that evokes the feeling of ""Open Question"". Return the single best matching track.","Atmospheric conditions around {subject} show a shifting inquiry front interacting with a broad retreating zone, producing variable patterns. A a soft warming undercurrent is expected to persist through the period, shaping the overall outlook for this area.",Question | Retreating | Open,The Soft Radiant Puzzle
Curiosity,Withdrawing,Sadness,{{subject}},{{pronoun}},"{{subject}} evokes feelings of steady interest reaching toward something, woven together with a need for space, and colored by soft heaviness. It can feel like being drawn in while your body also tracks how safe or costly that pull might be.

You might begin by simply noticing these responses in your body without arguing with them. From there, give some room to the interest and the the need for space, and treat the heaviness as a signal to slow down and stay close to what really matters here.",0.24,Gently Positive,"seed_genres=indie-rock,art-pop&target_valence=0.62&target_energy=0.62","Using the Spotify Search API, find one track that evokes the feeling of ""Tender Question"". Return the single best matching track.","Atmospheric conditions around {subject} show a light searching flow interacting with expanding empty pockets, producing variable patterns. A a tender gray overcast above is expected to persist through the period, shaping the overall outlook for this area.",Question | Retreating | Tender,The Warm Tender Mystery
Curiosity,Withdrawing,Surprise,{{subject}},{{pronoun}},"{{subject}} evokes feelings of steady interest reaching toward something, woven together with a need for space, and colored by a sharp jolt. It can feel like being drawn in while your body also tracks how safe or costly that pull might be.

You might begin by simply noticing these responses in your body without arguing with them. From there, give some room to the interest and the the need for space, and use the the jolt as a brief pause to reset, then decide what pace actually feels right.",0.44,Gently Positive,"seed_genres=indie-rock,art-pop&target_valence=0.72&target_energy=0.64","Using the Spotify Search API, find one track that evokes the feeling of ""New Question"". Return the single best matching track.","Atmospheric conditions around {subject} show a shifting inquiry front interacting with expanding empty pockets, producing variable patterns. A a brief flicker in the upper air is expected to persist through the period, shaping the overall outlook for this area.",Question | Retreating | New,The Fresh New Enigma
Curiosity,Sadness,Anger,{{subject}},{{pronoun}},"{{subject}} evokes feelings of steady interest reaching toward something, woven together with soft heaviness, and colored by protective heat. It can feel like being drawn in while your body also tracks how safe or costly that pull might be.

You might begin by simply noticing these responses in your body without arguing with them. From there, give some room to the interest and the heaviness, and let the heat help you name what is okay and what is not as you relate to {subject}.",0.0,Mixed / Neutral,"seed_genres=indie-rock,art-pop&target_valence=0.50&target_energy=0.60","Using the Spotify Search API, find one track that evokes the feeling of ""Firm Question"". Return the single best matching track.","Atmospheric conditions around {subject} show a shifting inquiry front interacting with muted rain bands, producing variable patterns. A a heated residue trailing the system is expected to persist through the period, shaping the overall outlook for this area.",Question | Grieving | Firm,The Solid Grounded Question
Curiosity,Sadness,Disgust,{{subject}},{{pronoun}},"{{subject}} evokes feelings of steady interest reaching toward something, woven together with soft heaviness, and colored by an inner no. It can feel like being drawn in while your body also tracks how safe or costly that pull might be.

You might begin by simply noticing these responses in your body without arguing with them. From there, give some room to the interest and the heaviness, and use the the inner no to sort what belongs close and what needs more distance.",0.0,Mixed / Neutral,"seed_genres=indie-rock,art-pop&target_valence=0.50&target_energy=0.60","Using the Spotify Search API, find one track that evokes the feeling of ""Decisive Question"". Return the single best matching track.","Atmospheric conditions around {subject} show a rising exploratory current interacting with a damp, heavy drift, producing variable patterns. A a sharp edge in the higher air is expected to persist through the period, shaping the overall outlook for this area.",Question | Grieving | Decisive,The Exact Certain Inquiry
Curiosity,Sadness,Dropping,{{subject}},{{pronoun}},"{{subject}} evokes feelings of steady interest reaching toward something, woven together with soft heaviness, and colored by a small collapse inside. It can feel like being drawn in while your body also tracks how safe or costly that pull might be.

You might begin by simply noticing these responses in your body without arguing with them. From there, give some room to the interest and the heaviness, and let the the collapse remind you to move gently and offer yourself a bit more support around {subject}.",0.0,Mixed / Neutral,"seed_genres=indie-rock,art-pop&target_valence=0.50&target_energy=0.60","Using the Spotify Search API, find one track that evokes the feeling of ""Quiet Question"". Return the single best matching track.","Atmospheric conditions around {subject} show a rising exploratory current interacting with muted rain bands, producing variable patterns. A a settling hush near the ground is expected to persist through the period, shaping the overall outlook for this area.",Question | Grieving | Quiet,The Hushed Muted Riddle
Curiosity,Sadness,Fear,{{subject}},{{pronoun}},"{{subject}} evokes feelings of steady interest reaching toward something, woven together with soft heaviness, and colored by tight caution. It can feel like being drawn in while your body also tracks how safe or costly that pull might be.

You might begin by simply noticing these responses in your body without arguing with them. From there, give some room to the interest and the heaviness, and honor the caution by moving in small steps and checking what feels safe as you go.",0.0,Mixed / Neutral,"seed_genres=indie-rock,art-pop&target_valence=0.50&target_energy=0.60","Using the Spotify Search API, find one track that evokes the feeling of ""Cautious Question"". Return the single best matching track.","Atmospheric conditions around {subject} show a rising exploratory current interacting with muted rain bands, producing variable patterns. A a narrow watchful band at higher levels is expected to persist through the period, shaping the overall outlook for this area.",Question | Grieving | Cautious,The Careful Guarded Puzzle
Curiosity,Sadness,Joy,{{subject}},{{pronoun}},"{{subject}} evokes feelings of steady interest reaching toward something, woven together with soft heaviness, and colored by warm lift. It can feel like being drawn in while your body also tracks how safe or costly that pull might be.

You might begin by simply noticing these responses in your body without arguing with them. From there, give some room to the interest and the heaviness, and let the warmth soften the edges so you can stay present without forcing anything.",0.4,Gently Positive,"seed_genres=indie-rock,art-pop&target_valence=0.70&target_energy=0.64","Using the Spotify Search API, find one track that evokes the feeling of ""Open Question"". Return the single best matching track.","Atmospheric conditions around {subject} show a rising exploratory current interacting with a damp, heavy drift, producing variable patterns. A a soft warming undercurrent is expected to persist through the period, shaping the overall outlook for this area.",Question | Grieving | Open,The Bright Open Mystery
Curiosity,Sadness,Withdrawing,{{subject}},{{pronoun}},"{{subject}} evokes feelings of steady interest reaching toward something, woven together with soft heaviness, and colored by a need for space. It can feel like being drawn in while your body also tracks how safe or costly that pull might be.

You might begin by simply noticing these responses in your body without arguing with them. From there, give some room to the interest and the heaviness, and honor the the need for space by giving yourself room to breathe before deciding what you want to do.",0.16,Gently Positive,"seed_genres=indie-rock,art-pop&target_valence=0.58&target_energy=0.62","Using the Spotify Search API, find one track that evokes the feeling of ""Objective Question"". Return the single best matching track.","Atmospheric conditions around {subject} show a shifting inquiry front interacting with slow trailing showers, producing variable patterns. A a broad quiet layer at the margins is expected to persist through the period, shaping the overall outlook for this area.",Question | Grieving | Objective,The Plain Neutral Enigma
Curiosity,Sadness,Surprise,{{subject}},{{pronoun}},"{{subject}} evokes feelings of steady interest reaching toward something, woven together with soft heaviness, and colored by a sharp jolt. It can feel like being drawn in while your body also tracks how safe or costly that pull might be.

You might begin by simply noticing these responses in your body without arguing with them. From there, give some room to the interest and the heaviness, and use the the jolt as a brief pause to reset, then decide what pace actually feels right.",0.2,Gently Positive,"seed_genres=indie-rock,art-pop&target_valence=0.60&target_energy=0.62","Using the Spotify Search API, find one track that evokes the feeling of ""New Question"". Return the single best matching track.","Atmospheric conditions around {subject} show a rising exploratory current interacting with a damp, heavy drift, producing variable patterns. A a brief flicker in the upper air is expected to persist through the period, shaping the overall outlook for this area.",Question | Grieving | New,The Crisp Sparkling Question
Curiosity,Surprise,Anger,{{subject}},{{pronoun}},"{{subject}} evokes feelings of steady interest reaching toward something, woven together with a sharp jolt, and colored by protective heat. It can feel like being drawn in while your body also tracks how safe or costly that pull might be.

You might begin by simply noticing these responses in your body without arguing with them. From there, give some room to the interest and the the jolt, and let the heat help you name what is okay and what is not as you relate to {subject}.",0.3,Gently Positive,"seed_genres=indie-rock,art-pop&target_valence=0.65&target_energy=0.63","Using the Spotify Search API, find one track that evokes the feeling of ""Firm Question"". Return the single best matching track.","Atmospheric conditions around {subject} show a rising exploratory current interacting with scattered short bursts, producing variable patterns. A a thin aggressive echo aloft is expected to persist through the period, shaping the overall outlook for this area.",Question | Clearing | Firm,The Resolved Steady Inquiry
Curiosity,Surprise,Disgust,{{subject}},{{pronoun}},"{{subject}} evokes feelings of steady interest reaching toward something, woven together with a sharp jolt, and colored by an inner no. It can feel like being drawn in while your body also tracks how safe or costly that pull might be.

You might begin by simply noticing these responses in your body without arguing with them. From there, give some room to the interest and the the jolt, and use the the inner no to sort what belongs close and what needs more distance.",0.3,Gently Positive,"seed_genres=indie-rock,art-pop&target_valence=0.65&target_energy=0.63","Using the Spotify Search API, find one track that evokes the feeling of ""Decisive Question"". Return the single best matching track.","Atmospheric conditions around {subject} show a light searching flow interacting with broken, shifting patches, producing variable patterns. A a thin acidic drift at altitude is expected to persist through the period, shaping the overall outlook for this area.",Question | Clearing | Decisive,The Sure Clear Riddle
Curiosity,Surprise,Dropping,{{subject}},{{pronoun}},"{{subject}} evokes feelings of steady interest reaching toward something, woven together with a sharp jolt, and colored by a small collapse inside. It can feel like being drawn in while your body also tracks how safe or costly that pull might be.

You might begin by simply noticing these responses in your body without arguing with them. From there, give some room to the interest and the the jolt, and let the the collapse remind you to move gently and offer yourself a bit more support around {subject}.",0.3,Gently Positive,"seed_genres=indie-rock,art-pop&target_valence=0.65&target_energy=0.63","Using the Spotify Search API, find one track that evokes the feeling of ""Quiet Question"". Return the single best matching track.","Atmospheric conditions around {subject} show a shifting inquiry front interacting with brief unexpected shifts, producing variable patterns. A a settling hush near the ground is expected to persist through the period, shaping the overall outlook for this area.",Question | Clearing | Quiet,The Soft Restful Puzzle
Curiosity,Surprise,Fear,{{subject}},{{pronoun}},"{{subject}} evokes feelings of steady interest reaching toward something, woven together with a sharp jolt, and colored by tight caution. It can feel like being drawn in while your body also tracks how safe or costly that pull might be.

You might begin by simply noticing these responses in your body without arguing with them. From there, give some room to the interest and the the jolt, and honor the caution by moving in small steps and checking what feels safe as you go.",0.3,Gently Positive,"seed_genres=indie-rock,art-pop&target_valence=0.65&target_energy=0.63","Using the Spotify Search API, find one track that evokes the feeling of ""Cautious Question"". Return the single best matching track.","Atmospheric conditions around {subject} show a light searching flow interacting with scattered short bursts, producing variable patterns. A a narrow watchful band at higher levels is expected to persist through the period, shaping the overall outlook for this area.",Question | Clearing | Cautious,The Measured Considerate Mystery
Curiosity,Surprise,Joy,{{subject}},{{pronoun}},"{{subject}} evokes feelings of steady interest reaching toward something, woven together with a sharp jolt, and colored by warm lift. It can feel like being drawn in while your body also tracks how safe or costly that pull might be.

You might begin by simply noticing these responses in your body without arguing with them. From there, give some room to the interest and the the jolt, and let the warmth soften the edges so you can stay present without forcing anything.",0.7,Strongly Positive,"seed_genres=indie-rock,art-pop&target_valence=0.85&target_energy=0.67","Using the Spotify Search API, find one track that evokes the feeling of ""Open Question"". Return the single best matching track.","Atmospheric conditions around {subject} show a light searching flow interacting with broken, shifting patches, producing variable patterns. A a quiet bright layer above is expected to persist through the period, shaping the overall outlook for this area.",Question | Clearing | Open,The Welcoming Unfolding Enigma
Curiosity,Surprise,Withdrawing,{{subject}},{{pronoun}},"{{subject}} evokes feelings of steady interest reaching toward something, woven together with a sharp jolt, and colored by a need for space. It can feel like being drawn in while your body also tracks how safe or costly that pull might be.

You might begin by simply noticing these responses in your body without arguing with them. From there, give some room to the interest and the the jolt, and honor the the need for space by giving yourself room to breathe before deciding what you want to do.",0.4600000000000000,Strongly Positive,"seed_genres=indie-rock,art-pop&target_valence=0.73&target_energy=0.65","Using the Spotify Search API, find one track that evokes the feeling of ""Objective Question"". Return the single best matching track.","Atmospheric conditions around {subject} show a shifting inquiry front interacting with brief unexpected shifts, producing variable patterns. A a broad quiet layer at the margins is expected to persist through the period, shaping the overall outlook for this area.",Question | Clearing | Objective,The Cool Simple Question
Curiosity,Surprise,Sadness,{{subject}},{{pronoun}},"{{subject}} evokes feelings of steady interest reaching toward something, woven together with a sharp jolt, and colored by soft heaviness. It can feel like being drawn in while your body also tracks how safe or costly that pull might be.

You might begin by simply noticing these responses in your body without arguing with them. From there, give some room to the interest and the the jolt, and treat the heaviness as a signal to slow down and stay close to what really matters here.",0.3,Gently Positive,"seed_genres=indie-rock,art-pop&target_valence=0.65&target_energy=0.63","Using the Spotify Search API, find one track that evokes the feeling of ""Tender Question"". Return the single best matching track.","Atmospheric conditions around {subject} show a shifting inquiry front interacting with broken, shifting patches, producing variable patterns. A a soft descending mist layer is expected to persist through the period, shaping the overall outlook for this area.",Question | Clearing | Tender,The Gentle Soft Inquiry
Disgust,Anger,Curiosity,{{subject}},{{pronoun}},"{{subject}} evokes feelings of an inner no that turn you away, blended with protective heat and shaded by steady interest. Your body may be saying this is not quite right, even while part of you stays engaged.

You might begin by simply noticing these responses in your body without arguing with them. From there, give some room to the the inner no and the heat, and let the interest gently invite you to stay curious without rushing your next move.",-0.6000000000000000,Strongly Negative,"seed_genres=industrial,noise&target_valence=0.20&target_energy=0.44","Using the Spotify Search API, find one track that evokes the feeling of ""Flexible Boundary"". Return the single best matching track.","Atmospheric conditions around {subject} show an unstable, sour air mass interacting with a tense, loaded boundary, producing variable patterns. A thin curiosity haze is expected to persist through the period, shaping the overall outlook for this area.",Boundary | Defending | Flexible,The Unsteady Slippery Boundary
Disgust,Anger,Dropping,{{subject}},{{pronoun}},"{{subject}} evokes feelings of an inner no that turn you away, blended with protective heat and shaded by a small collapse inside. Your body may be saying this is not quite right, even while part of you stays engaged.

You might begin by simply noticing these responses in your body without arguing with them. From there, give some room to the the inner no and the heat, and let the the collapse remind you to move gently and offer yourself a bit more support around {subject}.",-1.0,Strongly Negative,"seed_genres=industrial,noise&target_valence=0.00&target_energy=0.40","Using the Spotify Search API, find one track that evokes the feeling of ""Quiet Boundary"". Return the single best matching track.","Atmospheric conditions around {subject} show a rough abrasive wind interacting with a pressing hot strip, producing variable patterns. A a settling hush near the ground is expected to persist through the period, shaping the overall outlook for this area.",Boundary | Defending | Quiet,The Muted Dim Border
Disgust,Anger,Fear,{{subject}},{{pronoun}},"{{subject}} evokes feelings of an inner no that turn you away, blended with protective heat and shaded by tight caution. Your body may be saying this is not quite right, even while part of you stays engaged.

You might begin by simply noticing these responses in your body without arguing with them. From there, give some room to the the inner no and the heat, and honor the caution by moving in small steps and checking what feels safe as you go.",-1.0,Strongly Negative,"seed_genres=industrial,noise&target_valence=0.00&target_energy=0.40","Using the Spotify Search API, find one track that evokes the feeling of ""Cautious Boundary"". Return the single best matching track.","Atmospheric conditions around {subject} show an unstable, sour air mass interacting with a pressing hot strip, producing variable patterns. A a cooling shadow line overhead is expected to persist through the period, shaping the overall outlook for this area.",Boundary | Defending | Cautious,The Edgy Nervous Edge
Disgust,Anger,Joy,{{subject}},{{pronoun}},"{{subject}} evokes feelings of an inner no that turn you away, blended with protective heat and shaded by warm lift. Your body may be saying this is not quite right, even while part of you stays engaged.

You might begin by simply noticing these responses in your body without arguing with them. From there, give some room to the the inner no and the heat, and let the warmth soften the edges so you can stay present without forcing anything.",-0.6000000000000000,Strongly Negative,"seed_genres=industrial,noise&target_valence=0.20&target_energy=0.44","Using the Spotify Search API, find one track that evokes the feeling of ""Open Boundary"". Return the single best matching track.","Atmospheric conditions around {subject} show a rough abrasive wind interacting with a tense, loaded boundary, producing variable patterns. A a soft warming undercurrent is expected to persist through the period, shaping the overall outlook for this area.",Boundary | Defending | Open,The Vulnerable Exposed Threshold
Disgust,Anger,Withdrawing,{{subject}},{{pronoun}},"{{subject}} evokes feelings of an inner no that turn you away, blended with protective heat and shaded by a need for space. Your body may be saying this is not quite right, even while part of you stays engaged.

You might begin by simply noticing these responses in your body without arguing with them. From there, give some room to the the inner no and the heat, and honor the the need for space by giving yourself room to breathe before deciding what you want to do.",-0.8400000000000000,Strongly Negative,"seed_genres=industrial,noise&target_valence=0.08&target_energy=0.42","Using the Spotify Search API, find one track that evokes the feeling of ""Objective Boundary"". Return the single best matching track.","Atmospheric conditions around {subject} show a rough abrasive wind interacting with a tense, loaded boundary, producing variable patterns. A a broad quiet layer at the margins is expected to persist through the period, shaping the overall outlook for this area.",Boundary | Defending | Objective,The Cold Distant Limit
Disgust,Anger,Sadness,{{subject}},{{pronoun}},"{{subject}} evokes feelings of an inner no that turn you away, blended with protective heat and shaded by soft heaviness. Your body may be saying this is not quite right, even while part of you stays engaged.

You might begin by simply noticing these responses in your body without arguing with them. From there, give some room to the the inner no and the heat, and treat the heaviness as a signal to slow down and stay close to what really matters here.",-1.0,Strongly Negative,"seed_genres=industrial,noise&target_valence=0.00&target_energy=0.40","Using the Spotify Search API, find one track that evokes the feeling of ""Tender Boundary"". Return the single best matching track.","Atmospheric conditions around {subject} show a rough abrasive wind interacting with a pressing hot strip, producing variable patterns. A a soft descending mist layer is expected to persist through the period, shaping the overall outlook for this area.",Boundary | Defending | Tender,The Raw Fragile Perimeter
Disgust,Anger,Surprise,{{subject}},{{pronoun}},"{{subject}} evokes feelings of an inner no that turn you away, blended with protective heat and shaded by a sharp jolt. Your body may be saying this is not quite right, even while part of you stays engaged.

You might begin by simply noticing these responses in your body without arguing with them. From there, give some room to the the inner no and the heat, and use the the jolt as a brief pause to reset, then decide what pace actually feels right.",-0.8,Strongly Negative,"seed_genres=industrial,noise&target_valence=0.10&target_energy=0.42","Using the Spotify Search API, find one track that evokes the feeling of ""New Boundary"". Return the single best matching track.","Atmospheric conditions around {subject} show an unstable, sour air mass interacting with a pressing hot strip, producing variable patterns. A a brief flicker in the upper air is expected to persist through the period, shaping the overall outlook for this area.",Boundary | Defending | New,The Sharp Harsh Boundary
Disgust,Curiosity,Anger,{{subject}},{{pronoun}},"{{subject}} evokes feelings of an inner no that turn you away, blended with steady interest and shaded by protective heat. Your body may be saying this is not quite right, even while part of you stays engaged.

You might begin by simply noticing these responses in your body without arguing with them. From there, give some room to the the inner no and the interest, and let the heat help you name what is okay and what is not as you relate to {subject}.",-0.4,Gently Negative,"seed_genres=industrial,noise&target_valence=0.30&target_energy=0.46","Using the Spotify Search API, find one track that evokes the feeling of ""Firm Boundary"". Return the single best matching track.","Atmospheric conditions around {subject} show a rough abrasive wind interacting with restless tilting currents, producing variable patterns. A a thin aggressive echo aloft is expected to persist through the period, shaping the overall outlook for this area.",Boundary | Exploring | Firm,The Hard Unyielding Border
Disgust,Curiosity,Dropping,{{subject}},{{pronoun}},"{{subject}} evokes feelings of an inner no that turn you away, blended with steady interest and shaded by a small collapse inside. Your body may be saying this is not quite right, even while part of you stays engaged.

You might begin by simply noticing these responses in your body without arguing with them. From there, give some room to the the inner no and the interest, and let the the collapse remind you to move gently and offer yourself a bit more support around {subject}.",-0.4,Gently Negative,"seed_genres=industrial,noise&target_valence=0.30&target_energy=0.46","Using the Spotify Search API, find one track that evokes the feeling of ""Quiet Boundary"". Return the single best matching track.","Atmospheric conditions around {subject} show an unstable, sour air mass interacting with patchy exploratory flow, producing variable patterns. A a low dim undertone in the field is expected to persist through the period, shaping the overall outlook for this area.",Boundary | Exploring | Quiet,The Low Smothered Edge
Disgust,Curiosity,Fear,{{subject}},{{pronoun}},"{{subject}} evokes feelings of an inner no that turn you away, blended with steady interest and shaded by tight caution. Your body may be saying this is not quite right, even while part of you stays engaged.

You might begin by simply noticing these responses in your body without arguing with them. From there, give some room to the the inner no and the interest, and honor the caution by moving in small steps and checking what feels safe as you go.",-0.4,Gently Negative,"seed_genres=industrial,noise&target_valence=0.30&target_energy=0.46","Using the Spotify Search API, find one track that evokes the feeling of ""Cautious Boundary"". Return the single best matching track.","Atmospheric conditions around {subject} show a harsh turning current interacting with patchy exploratory flow, producing variable patterns. A a cooling shadow line overhead is expected to persist through the period, shaping the overall outlook for this area.",Boundary | Exploring | Cautious,The Guarded Tight Threshold
Disgust,Curiosity,Joy,{{subject}},{{pronoun}},"{{subject}} evokes feelings of an inner no that turn you away, blended with steady interest and shaded by warm lift. Your body may be saying this is not quite right, even while part of you stays engaged.

You might begin by simply noticing these responses in your body without arguing with them. From there, give some room to the the inner no and the interest, and let the warmth soften the edges so you can stay present without forcing anything.",0.0,Mixed / Neutral,"seed_genres=industrial,noise&target_valence=0.50&target_energy=0.50","Using the Spotify Search API, find one track that evokes the feeling of ""Open Boundary"". Return the single best matching track.","Atmospheric conditions around {subject} show a rough abrasive wind interacting with light curious drift, producing variable patterns. A a quiet bright layer above is expected to persist through the period, shaping the overall outlook for this area.",Boundary | Exploring | Open,The Wide Simple Limit
Disgust,Curiosity,Withdrawing,{{subject}},{{pronoun}},"{{subject}} evokes feelings of an inner no that turn you away, blended with steady interest and shaded by a need for space. Your body may be saying this is not quite right, even while part of you stays engaged.

You might begin by simply noticing these responses in your body without arguing with them. From there, give some room to the the inner no and the interest, and honor the the need for space by giving yourself room to breathe before deciding what you want to do.",-0.24,Gently Negative,"seed_genres=industrial,noise&target_valence=0.38&target_energy=0.48","Using the Spotify Search API, find one track that evokes the feeling of ""Objective Boundary"". Return the single best matching track.","Atmospheric conditions around {subject} show a harsh turning current interacting with restless tilting currents, producing variable patterns. A an open still band on the horizon is expected to persist through the period, shaping the overall outlook for this area.",Boundary | Exploring | Objective,The Cool Removed Perimeter
Disgust,Curiosity,Sadness,{{subject}},{{pronoun}},"{{subject}} evokes feelings of an inner no that turn you away, blended with steady interest and shaded by soft heaviness. Your body may be saying this is not quite right, even while part of you stays engaged.

You might begin by simply noticing these responses in your body without arguing with them. From there, give some room to the the inner no and the interest, and treat the heaviness as a signal to slow down and stay close to what really matters here.",-0.4,Gently Negative,"seed_genres=industrial,noise&target_valence=0.30&target_energy=0.46","Using the Spotify Search API, find one track that evokes the feeling of ""Tender Boundary"". Return the single best matching track.","Atmospheric conditions around {subject} show an unstable, sour air mass interacting with light curious drift, producing variable patterns. A a tender gray overcast above is expected to persist through the period, shaping the overall outlook for this area.",Boundary | Exploring | Tender,The Exposed Frayed Boundary
Disgust,Curiosity,Surprise,{{subject}},{{pronoun}},"{{subject}} evokes feelings of an inner no that turn you away, blended with steady interest and shaded by a sharp jolt. Your body may be saying this is not quite right, even while part of you stays engaged.

You might begin by simply noticing these responses in your body without arguing with them. From there, give some room to the the inner no and the interest, and use the the jolt as a brief pause to reset, then decide what pace actually feels right.",-0.2,Gently Negative,"seed_genres=industrial,noise&target_valence=0.40&target_energy=0.48","Using the Spotify Search API, find one track that evokes the feeling of ""New Boundary"". Return the single best matching track.","Atmospheric conditions around {subject} show an unstable, sour air mass interacting with restless tilting currents, producing variable patterns. A a patchy scattering pattern aloft is expected to persist through the period, shaping the overall outlook for this area.",Boundary | Exploring | New,The Jarring Abrupt Border
Disgust,Dropping,Anger,{{subject}},{{pronoun}},"{{subject}} evokes feelings of an inner no that turn you away, blended with a small collapse inside and shaded by protective heat. Your body may be saying this is not quite right, even while part of you stays engaged.

You might begin by simply noticing these responses in your body without arguing with them. From there, give some room to the the inner no and the the collapse, and let the heat help you name what is okay and what is not as you relate to {subject}.",-1.0,Strongly Negative,"seed_genres=industrial,noise&target_valence=0.00&target_energy=0.40","Using the Spotify Search API, find one track that evokes the feeling of ""Firm Boundary"". Return the single best matching track.","Atmospheric conditions around {subject} show an unstable, sour air mass interacting with a fading underside layer, producing variable patterns. A a heated residue trailing the system is expected to persist through the period, shaping the overall outlook for this area.",Boundary | Yielding | Firm,The Fixed Rigid Edge
Disgust,Dropping,Curiosity,{{subject}},{{pronoun}},"{{subject}} evokes feelings of an inner no that turn you away, blended with a small collapse inside and shaded by steady interest. Your body may be saying this is not quite right, even while part of you stays engaged.

You might begin by simply noticing these responses in your body without arguing with them. From there, give some room to the the inner no and the the collapse, and let the interest gently invite you to stay curious without rushing your next move.",-0.6000000000000000,Strongly Negative,"seed_genres=industrial,noise&target_valence=0.20&target_energy=0.44","Using the Spotify Search API, find one track that evokes the feeling of ""Flexible Boundary"". Return the single best matching track.","Atmospheric conditions around {subject} show a harsh turning current interacting with a fading underside layer, producing variable patterns. A thin curiosity haze is expected to persist through the period, shaping the overall outlook for this area.",Boundary | Yielding | Flexible,The Shifting Tense Threshold
Disgust,Dropping,Fear,{{subject}},{{pronoun}},"{{subject}} evokes feelings of an inner no that turn you away, blended with a small collapse inside and shaded by tight caution. Your body may be saying this is not quite right, even while part of you stays engaged.

You might begin by simply noticing these responses in your body without arguing with them. From there, give some room to the the inner no and the the collapse, and honor the caution by moving in small steps and checking what feels safe as you go.",-1.0,Strongly Negative,"seed_genres=industrial,noise&target_valence=0.00&target_energy=0.40","Using the Spotify Search API, find one track that evokes the feeling of ""Cautious Boundary"". Return the single best matching track.","Atmospheric conditions around {subject} show an unstable, sour air mass interacting with sinking trailing clouds, producing variable patterns. A a narrow watchful band at higher levels is expected to persist through the period, shaping the overall outlook for this area.",Boundary | Yielding | Cautious,The Watchful Wary Limit
Disgust,Dropping,Joy,{{subject}},{{pronoun}},"{{subject}} evokes feelings of an inner no that turn you away, blended with a small collapse inside and shaded by warm lift. Your body may be saying this is not quite right, even while part of you stays engaged.

You might begin by simply noticing these responses in your body without arguing with them. From there, give some room to the the inner no and the the collapse, and let the warmth soften the edges so you can stay present without forcing anything.",-0.6000000000000000,Strongly Negative,"seed_genres=industrial,noise&target_valence=0.20&target_energy=0.44","Using the Spotify Search API, find one track that evokes the feeling of ""Open Boundary"". Return the single best matching track.","Atmospheric conditions around {subject} show a rough abrasive wind interacting with sinking trailing clouds, producing variable patterns. A a quiet bright layer above is expected to persist through the period, shaping the overall outlook for this area.",Boundary | Yielding | Open,The Thin Vulnerable Perimeter
Disgust,Dropping,Withdrawing,{{subject}},{{pronoun}},"{{subject}} evokes feelings of an inner no that turn you away, blended with a small collapse inside and shaded by a need for space. Your body may be saying this is not quite right, even while part of you stays engaged.

You might begin by simply noticing these responses in your body without arguing with them. From there, give some room to the the inner no and the the collapse, and honor the the need for space by giving yourself room to breathe before deciding what you want to do.",-0.8400000000000000,Strongly Negative,"seed_genres=industrial,noise&target_valence=0.08&target_energy=0.42","Using the Spotify Search API, find one track that evokes the feeling of ""Objective Boundary"". Return the single best matching track.","Atmospheric conditions around {subject} show a rough abrasive wind interacting with low drifting haze, producing variable patterns. A an open still band on the horizon is expected to persist through the period, shaping the overall outlook for this area.",Boundary | Yielding | Objective,The Flat Blank Boundary
Disgust,Dropping,Sadness,{{subject}},{{pronoun}},"{{subject}} evokes feelings of an inner no that turn you away, blended with a small collapse inside and shaded by soft heaviness. Your body may be saying this is not quite right, even while part of you stays engaged.

You might begin by simply noticing these responses in your body without arguing with them. From there, give some room to the the inner no and the the collapse, and treat the heaviness as a signal to slow down and stay close to what really matters here.",-1.0,Strongly Negative,"seed_genres=industrial,noise&target_valence=0.00&target_energy=0.40","Using the Spotify Search API, find one track that evokes the feeling of ""Tender Boundary"". Return the single best matching track.","Atmospheric conditions around {subject} show an unstable, sour air mass interacting with a fading underside layer, producing variable patterns. A a tender gray overcast above is expected to persist through the period, shaping the overall outlook for this area.",Boundary | Yielding | Tender,The Sore Bruised Border
Disgust,Dropping,Surprise,{{subject}},{{pronoun}},"{{subject}} evokes feelings of an inner no that turn you away, blended with a small collapse inside and shaded by a sharp jolt. Your body may be saying this is not quite right, even while part of you stays engaged.

You might begin by simply noticing these responses in your body without arguing with them. From there, give some room to the the inner no and the the collapse, and use the the jolt as a brief pause to reset, then decide what pace actually feels right.",-0.8,Strongly Negative,"seed_genres=industrial,noise&target_valence=0.10&target_energy=0.42","Using the Spotify Search API, find one track that evokes the feeling of ""New Boundary"". Return the single best matching track.","Atmospheric conditions around {subject} show a rough abrasive wind interacting with a fading underside layer, producing variable patterns. A a patchy scattering pattern aloft is expected to persist through the period, shaping the overall outlook for this area.",Boundary | Yielding | New,The Sudden Startling Edge
Disgust,Fear,Anger,{{subject}},{{pronoun}},"{{subject}} evokes feelings of an inner no that turn you away, blended with tight caution and shaded by protective heat. Your body may be saying this is not quite right, even while part of you stays engaged.

You might begin by simply noticing these responses in your body without arguing with them. From there, give some room to the the inner no and the caution, and let the heat help you name what is okay and what is not as you relate to {subject}.",-1.0,Strongly Negative,"seed_genres=industrial,noise&target_valence=0.00&target_energy=0.40","Using the Spotify Search API, find one track that evokes the feeling of ""Firm Boundary"". Return the single best matching track.","Atmospheric conditions around {subject} show a rough abrasive wind interacting with tightening cool layers, producing variable patterns. A a heated residue trailing the system is expected to persist through the period, shaping the overall outlook for this area.",Boundary | Protecting | Firm,The Hard Unyielding Threshold
Disgust,Fear,Curiosity,{{subject}},{{pronoun}},"{{subject}} evokes feelings of an inner no that turn you away, blended with tight caution and shaded by steady interest. Your body may be saying this is not quite right, even while part of you stays engaged.

You might begin by simply noticing these responses in your body without arguing with them. From there, give some room to the the inner no and the caution, and let the interest gently invite you to stay curious without rushing your next move.",-0.6000000000000000,Strongly Negative,"seed_genres=industrial,noise&target_valence=0.20&target_energy=0.44","Using the Spotify Search API, find one track that evokes the feeling of ""Flexible Boundary"". Return the single best matching track.","Atmospheric conditions around {subject} show a rough abrasive wind interacting with tightening cool layers, producing variable patterns. A thin curiosity haze is expected to persist through the period, shaping the overall outlook for this area.",Boundary | Protecting | Flexible,The Uneasy Wavering Limit
Disgust,Fear,Dropping,{{subject}},{{pronoun}},"{{subject}} evokes feelings of an inner no that turn you away, blended with tight caution and shaded by a small collapse inside. Your body may be saying this is not quite right, even while part of you stays engaged.

You might begin by simply noticing these responses in your body without arguing with them. From there, give some room to the the inner no and the caution, and let the the collapse remind you to move gently and offer yourself a bit more support around {subject}.",-1.0,Strongly Negative,"seed_genres=industrial,noise&target_valence=0.00&target_energy=0.40","Using the Spotify Search API, find one track that evokes the feeling of ""Quiet Boundary"". Return the single best matching track.","Atmospheric conditions around {subject} show a rough abrasive wind interacting with a narrow cautious band, producing variable patterns. A a low dim undertone in the field is expected to persist through the period, shaping the overall outlook for this area.",Boundary | Protecting | Quiet,The Hushed Sinking Perimeter
Disgust,Fear,Joy,{{subject}},{{pronoun}},"{{subject}} evokes feelings of an inner no that turn you away, blended with tight caution and shaded by warm lift. Your body may be saying this is not quite right, even while part of you stays engaged.

You might begin by simply noticing these responses in your body without arguing with them. From there, give some room to the the inner no and the caution, and let the warmth soften the edges so you can stay present without forcing anything.",-0.6000000000000000,Strongly Negative,"seed_genres=industrial,noise&target_valence=0.20&target_energy=0.44","Using the Spotify Search API, find one track that evokes the feeling of ""Open Boundary"". Return the single best matching track.","Atmospheric conditions around {subject} show a rough abrasive wind interacting with a cautious, constricting flow, producing variable patterns. A a soft warming undercurrent is expected to persist through the period, shaping the overall outlook for this area.",Boundary | Protecting | Open,The Exposed Bare Boundary
Disgust,Fear,Withdrawing,{{subject}},{{pronoun}},"{{subject}} evokes feelings of an inner no that turn you away, blended with tight caution and shaded by a need for space. Your body may be saying this is not quite right, even while part of you stays engaged.

You might begin by simply noticing these responses in your body without arguing with them. From there, give some room to the the inner no and the caution, and honor the the need for space by giving yourself room to breathe before deciding what you want to do.",-0.8400000000000000,Strongly Negative,"seed_genres=industrial,noise&target_valence=0.08&target_energy=0.42","Using the Spotify Search API, find one track that evokes the feeling of ""Objective Boundary"". Return the single best matching track.","Atmospheric conditions around {subject} show an unstable, sour air mass interacting with tightening cool layers, producing variable patterns. A an open still band on the horizon is expected to persist through the period, shaping the overall outlook for this area.",Boundary | Protecting | Objective,The Cold Distant Border
Disgust,Fear,Sadness,{{subject}},{{pronoun}},"{{subject}} evokes feelings of an inner no that turn you away, blended with tight caution and shaded by soft heaviness. Your body may be saying this is not quite right, even while part of you stays engaged.

You might begin by simply noticing these responses in your body without arguing with them. From there, give some room to the the inner no and the caution, and treat the heaviness as a signal to slow down and stay close to what really matters here.",-1.0,Strongly Negative,"seed_genres=industrial,noise&target_valence=0.00&target_energy=0.40","Using the Spotify Search API, find one track that evokes the feeling of ""Tender Boundary"". Return the single best matching track.","Atmospheric conditions around {subject} show a rough abrasive wind interacting with tightening cool layers, producing variable patterns. A a soft descending mist layer is expected to persist through the period, shaping the overall outlook for this area.",Boundary | Protecting | Tender,The Raw Fragile Edge
Disgust,Fear,Surprise,{{subject}},{{pronoun}},"{{subject}} evokes feelings of an inner no that turn you away, blended with tight caution and shaded by a sharp jolt. Your body may be saying this is not quite right, even while part of you stays engaged.

You might begin by simply noticing these responses in your body without arguing with them. From there, give some room to the the inner no and the caution, and use the the jolt as a brief pause to reset, then decide what pace actually feels right.",-0.8,Strongly Negative,"seed_genres=industrial,noise&target_valence=0.10&target_energy=0.42","Using the Spotify Search API, find one track that evokes the feeling of ""New Boundary"". Return the single best matching track.","Atmospheric conditions around {subject} show an unstable, sour air mass interacting with a narrow cautious band, producing variable patterns. A a brief flicker in the upper air is expected to persist through the period, shaping the overall outlook for this area.",Boundary | Protecting | New,The Sharp Harsh Threshold
Disgust,Joy,Anger,{{subject}},{{pronoun}},"{{subject}} evokes feelings of an inner no that turn you away, blended with warm lift and shaded by protective heat. Your body may be saying this is not quite right, even while part of you stays engaged.

You might begin by simply noticing these responses in your body without arguing with them. From there, give some room to the the inner no and the warmth, and let the heat help you name what is okay and what is not as you relate to {subject}.",-0.4,Gently Negative,"seed_genres=industrial,noise&target_valence=0.30&target_energy=0.46","Using the Spotify Search API, find one track that evokes the feeling of ""Firm Boundary"". Return the single best matching track.","Atmospheric conditions around {subject} show a rough abrasive wind interacting with a mild brightening trend, producing variable patterns. A a heated residue trailing the system is expected to persist through the period, shaping the overall outlook for this area.",Boundary | Bonding | Firm,The Fixed Severe Limit
Disgust,Joy,Curiosity,{{subject}},{{pronoun}},"{{subject}} evokes feelings of an inner no that turn you away, blended with warm lift and shaded by steady interest. Your body may be saying this is not quite right, even while part of you stays engaged.

You might begin by simply noticing these responses in your body without arguing with them. From there, give some room to the the inner no and the warmth, and let the interest gently invite you to stay curious without rushing your next move.",0.0,Mixed / Neutral,"seed_genres=industrial,noise&target_valence=0.50&target_energy=0.50","Using the Spotify Search API, find one track that evokes the feeling of ""Flexible Boundary"". Return the single best matching track.","Atmospheric conditions around {subject} show an unstable, sour air mass interacting with soft warming air, producing variable patterns. A thin curiosity haze is expected to persist through the period, shaping the overall outlook for this area.",Boundary | Bonding | Flexible,The Leaning Curving Perimeter
Disgust,Joy,Dropping,{{subject}},{{pronoun}},"{{subject}} evokes feelings of an inner no that turn you away, blended with warm lift and shaded by a small collapse inside. Your body may be saying this is not quite right, even while part of you stays engaged.

You might begin by simply noticing these responses in your body without arguing with them. From there, give some room to the the inner no and the warmth, and let the the collapse remind you to move gently and offer yourself a bit more support around {subject}.",-0.4,Gently Negative,"seed_genres=industrial,noise&target_valence=0.30&target_energy=0.46","Using the Spotify Search API, find one track that evokes the feeling of ""Quiet Boundary"". Return the single best matching track.","Atmospheric conditions around {subject} show an unstable, sour air mass interacting with a mild brightening trend, producing variable patterns. A a settling hush near the ground is expected to persist through the period, shaping the overall outlook for this area.",Boundary | Bonding | Quiet,The Muted Dim Boundary
Disgust,Joy,Fear,{{subject}},{{pronoun}},"{{subject}} evokes feelings of an inner no that turn you away, blended with warm lift and shaded by tight caution. Your body may be saying this is not quite right, even while part of you stays engaged.

You might begin by simply noticing these responses in your body without arguing with them. From there, give some room to the the inner no and the warmth, and honor the caution by moving in small steps and checking what feels safe as you go.",-0.4,Gently Negative,"seed_genres=industrial,noise&target_valence=0.30&target_energy=0.46","Using the Spotify Search API, find one track that evokes the feeling of ""Cautious Boundary"". Return the single best matching track.","Atmospheric conditions around {subject} show a harsh turning current interacting with soft warming air, producing variable patterns. A a narrow watchful band at higher levels is expected to persist through the period, shaping the overall outlook for this area.",Boundary | Bonding | Cautious,The Edgy Nervous Border
Disgust,Joy,Withdrawing,{{subject}},{{pronoun}},"{{subject}} evokes feelings of an inner no that turn you away, blended with warm lift and shaded by a need for space. Your body may be saying this is not quite right, even while part of you stays engaged.

You might begin by simply noticing these responses in your body without arguing with them. From there, give some room to the the inner no and the warmth, and honor the the need for space by giving yourself room to breathe before deciding what you want to do.",-0.24,Gently Negative,"seed_genres=industrial,noise&target_valence=0.38&target_energy=0.48","Using the Spotify Search API, find one track that evokes the feeling of ""Objective Boundary"". Return the single best matching track.","Atmospheric conditions around {subject} show a harsh turning current interacting with a mild brightening trend, producing variable patterns. A a broad quiet layer at the margins is expected to persist through the period, shaping the overall outlook for this area.",Boundary | Bonding | Objective,The Cool Removed Edge
Disgust,Joy,Sadness,{{subject}},{{pronoun}},"{{subject}} evokes feelings of an inner no that turn you away, blended with warm lift and shaded by soft heaviness. Your body may be saying this is not quite right, even while part of you stays engaged.

You might begin by simply noticing these responses in your body without arguing with them. From there, give some room to the the inner no and the warmth, and treat the heaviness as a signal to slow down and stay close to what really matters here.",-0.4,Gently Negative,"seed_genres=industrial,noise&target_valence=0.30&target_energy=0.46","Using the Spotify Search API, find one track that evokes the feeling of ""Tender Boundary"". Return the single best matching track.","Atmospheric conditions around {subject} show an unstable, sour air mass interacting with gentle lifting pockets, producing variable patterns. A a soft descending mist layer is expected to persist through the period, shaping the overall outlook for this area.",Boundary | Bonding | Tender,The Exposed Frayed Threshold
Disgust,Joy,Surprise,{{subject}},{{pronoun}},"{{subject}} evokes feelings of an inner no that turn you away, blended with warm lift and shaded by a sharp jolt. Your body may be saying this is not quite right, even while part of you stays engaged.

You might begin by simply noticing these responses in your body without arguing with them. From there, give some room to the the inner no and the warmth, and use the the jolt as a brief pause to reset, then decide what pace actually feels right.",-0.2,Gently Negative,"seed_genres=industrial,noise&target_valence=0.40&target_energy=0.48","Using the Spotify Search API, find one track that evokes the feeling of ""New Boundary"". Return the single best matching track.","Atmospheric conditions around {subject} show a rough abrasive wind interacting with soft warming air, producing variable patterns. A a patchy scattering pattern aloft is expected to persist through the period, shaping the overall outlook for this area.",Boundary | Bonding | New,The Jarring Abrupt Limit
Disgust,Withdrawing,Anger,{{subject}},{{pronoun}},"{{subject}} evokes feelings of an inner no that turn you away, blended with a need for space and shaded by protective heat. Your body may be saying this is not quite right, even while part of you stays engaged.

You might begin by simply noticing these responses in your body without arguing with them. From there, give some room to the the inner no and the the need for space, and let the heat help you name what is okay and what is not as you relate to {subject}.",-0.76,Strongly Negative,"seed_genres=industrial,noise&target_valence=0.12&target_energy=0.42","Using the Spotify Search API, find one track that evokes the feeling of ""Firm Boundary"". Return the single best matching track.","Atmospheric conditions around {subject} show a harsh turning current interacting with a broad retreating zone, producing variable patterns. A a heated residue trailing the system is expected to persist through the period, shaping the overall outlook for this area.",Boundary | Retreating | Firm,The Tense Rigid Perimeter
Disgust,Withdrawing,Curiosity,{{subject}},{{pronoun}},"{{subject}} evokes feelings of an inner no that turn you away, blended with a need for space and shaded by steady interest. Your body may be saying this is not quite right, even while part of you stays engaged.

You might begin by simply noticing these responses in your body without arguing with them. From there, give some room to the the inner no and the the need for space, and let the interest gently invite you to stay curious without rushing your next move.",-0.36,Gently Negative,"seed_genres=industrial,noise&target_valence=0.32&target_energy=0.46","Using the Spotify Search API, find one track that evokes the feeling of ""Flexible Boundary"". Return the single best matching track.","Atmospheric conditions around {subject} show a harsh turning current interacting with expanding empty pockets, producing variable patterns. A a light exploratory shimmer aloft is expected to persist through the period, shaping the overall outlook for this area.",Boundary | Retreating | Flexible,The Shifting Tense Boundary
Disgust,Withdrawing,Dropping,{{subject}},{{pronoun}},"{{subject}} evokes feelings of an inner no that turn you away, blended with a need for space and shaded by a small collapse inside. Your body may be saying this is not quite right, even while part of you stays engaged.

You might begin by simply noticing these responses in your body without arguing with them. From there, give some room to the the inner no and the the need for space, and let the the collapse remind you to move gently and offer yourself a bit more support around {subject}.",-0.76,Strongly Negative,"seed_genres=industrial,noise&target_valence=0.12&target_energy=0.42","Using the Spotify Search API, find one track that evokes the feeling of ""Quiet Boundary"". Return the single best matching track.","Atmospheric conditions around {subject} show a harsh turning current interacting with receding quiet air, producing variable patterns. A a low dim undertone in the field is expected to persist through the period, shaping the overall outlook for this area.",Boundary | Retreating | Quiet,The Low Smothered Border
Disgust,Withdrawing,Fear,{{subject}},{{pronoun}},"{{subject}} evokes feelings of an inner no that turn you away, blended with a need for space and shaded by tight caution. Your body may be saying this is not quite right, even while part of you stays engaged.

You might begin by simply noticing these responses in your body without arguing with them. From there, give some room to the the inner no and the the need for space, and honor the caution by moving in small steps and checking what feels safe as you go.",-0.76,Strongly Negative,"seed_genres=industrial,noise&target_valence=0.12&target_energy=0.42","Using the Spotify Search API, find one track that evokes the feeling of ""Cautious Boundary"". Return the single best matching track.","Atmospheric conditions around {subject} show a rough abrasive wind interacting with expanding empty pockets, producing variable patterns. A a narrow watchful band at higher levels is expected to persist through the period, shaping the overall outlook for this area.",Boundary | Retreating | Cautious,The Guarded Tight Edge
Disgust,Withdrawing,Joy,{{subject}},{{pronoun}},"{{subject}} evokes feelings of an inner no that turn you away, blended with a need for space and shaded by warm lift. Your body may be saying this is not quite right, even while part of you stays engaged.

You might begin by simply noticing these responses in your body without arguing with them. From there, give some room to the the inner no and the the need for space, and let the warmth soften the edges so you can stay present without forcing anything.",-0.36,Gently Negative,"seed_genres=industrial,noise&target_valence=0.32&target_energy=0.46","Using the Spotify Search API, find one track that evokes the feeling of ""Open Boundary"". Return the single best matching track.","Atmospheric conditions around {subject} show a harsh turning current interacting with a broad retreating zone, producing variable patterns. A a quiet bright layer above is expected to persist through the period, shaping the overall outlook for this area.",Boundary | Retreating | Open,The Raw Unprotected Threshold
Disgust,Withdrawing,Sadness,{{subject}},{{pronoun}},"{{subject}} evokes feelings of an inner no that turn you away, blended with a need for space and shaded by soft heaviness. Your body may be saying this is not quite right, even while part of you stays engaged.

You might begin by simply noticing these responses in your body without arguing with them. From there, give some room to the the inner no and the the need for space, and treat the heaviness as a signal to slow down and stay close to what really matters here.",-0.76,Strongly Negative,"seed_genres=industrial,noise&target_valence=0.12&target_energy=0.42","Using the Spotify Search API, find one track that evokes the feeling of ""Tender Boundary"". Return the single best matching track.","Atmospheric conditions around {subject} show an unstable, sour air mass interacting with expanding empty pockets, producing variable patterns. A a soft descending mist layer is expected to persist through the period, shaping the overall outlook for this area.",Boundary | Retreating | Tender,The Sore Bruised Limit
Disgust,Withdrawing,Surprise,{{subject}},{{pronoun}},"{{subject}} evokes feelings of an inner no that turn you away, blended with a need for space and shaded by a sharp jolt. Your body may be saying this is not quite right, even while part of you stays engaged.

You might begin by simply noticing these responses in your body without arguing with them. From there, give some room to the the inner no and the the need for space, and use the the jolt as a brief pause to reset, then decide what pace actually feels right.",-0.56,Strongly Negative,"seed_genres=industrial,noise&target_valence=0.22&target_energy=0.44","Using the Spotify Search API, find one track that evokes the feeling of ""New Boundary"". Return the single best matching track.","Atmospheric conditions around {subject} show a rough abrasive wind interacting with expanding empty pockets, producing variable patterns. A a patchy scattering pattern aloft is expected to persist through the period, shaping the overall outlook for this area.",Boundary | Retreating | New,The Sudden Startling Perimeter
Disgust,Sadness,Anger,{{subject}},{{pronoun}},"{{subject}} evokes feelings of an inner no that turn you away, blended with soft heaviness and shaded by protective heat. Your body may be saying this is not quite right, even while part of you stays engaged.

You might begin by simply noticing these responses in your body without arguing with them. From there, give some room to the the inner no and the heaviness, and let the heat help you name what is okay and what is not as you relate to {subject}.",-1.0,Strongly Negative,"seed_genres=industrial,noise&target_valence=0.00&target_energy=0.40","Using the Spotify Search API, find one track that evokes the feeling of ""Firm Boundary"". Return the single best matching track.","Atmospheric conditions around {subject} show a harsh turning current interacting with a damp, heavy drift, producing variable patterns. A a thin aggressive echo aloft is expected to persist through the period, shaping the overall outlook for this area.",Boundary | Grieving | Firm,The Hard Unyielding Boundary
Disgust,Sadness,Curiosity,{{subject}},{{pronoun}},"{{subject}} evokes feelings of an inner no that turn you away, blended with soft heaviness and shaded by steady interest. Your body may be saying this is not quite right, even while part of you stays engaged.

You might begin by simply noticing these responses in your body without arguing with them. From there, give some room to the the inner no and the heaviness, and let the interest gently invite you to stay curious without rushing your next move.",-0.6000000000000000,Strongly Negative,"seed_genres=industrial,noise&target_valence=0.20&target_energy=0.44","Using the Spotify Search API, find one track that evokes the feeling of ""Flexible Boundary"". Return the single best matching track.","Atmospheric conditions around {subject} show a harsh turning current interacting with a damp, heavy drift, producing variable patterns. A a light exploratory shimmer aloft is expected to persist through the period, shaping the overall outlook for this area.",Boundary | Grieving | Flexible,The Uneasy Wavering Border
Disgust,Sadness,Dropping,{{subject}},{{pronoun}},"{{subject}} evokes feelings of an inner no that turn you away, blended with soft heaviness and shaded by a small collapse inside. Your body may be saying this is not quite right, even while part of you stays engaged.

You might begin by simply noticing these responses in your body without arguing with them. From there, give some room to the the inner no and the heaviness, and let the the collapse remind you to move gently and offer yourself a bit more support around {subject}.",-1.0,Strongly Negative,"seed_genres=industrial,noise&target_valence=0.00&target_energy=0.40","Using the Spotify Search API, find one track that evokes the feeling of ""Quiet Boundary"". Return the single best matching track.","Atmospheric conditions around {subject} show a harsh turning current interacting with a damp, heavy drift, producing variable patterns. A a settling hush near the ground is expected to persist through the period, shaping the overall outlook for this area.",Boundary | Grieving | Quiet,The Hushed Sinking Edge
Disgust,Sadness,Fear,{{subject}},{{pronoun}},"{{subject}} evokes feelings of an inner no that turn you away, blended with soft heaviness and shaded by tight caution. Your body may be saying this is not quite right, even while part of you stays engaged.

You might begin by simply noticing these responses in your body without arguing with them. From there, give some room to the the inner no and the heaviness, and honor the caution by moving in small steps and checking what feels safe as you go.",-1.0,Strongly Negative,"seed_genres=industrial,noise&target_valence=0.00&target_energy=0.40","Using the Spotify Search API, find one track that evokes the feeling of ""Cautious Boundary"". Return the single best matching track.","Atmospheric conditions around {subject} show an unstable, sour air mass interacting with slow trailing showers, producing variable patterns. A a narrow watchful band at higher levels is expected to persist through the period, shaping the overall outlook for this area.",Boundary | Grieving | Cautious,The Watchful Wary Threshold
Disgust,Sadness,Joy,{{subject}},{{pronoun}},"{{subject}} evokes feelings of an inner no that turn you away, blended with soft heaviness and shaded by warm lift. Your body may be saying this is not quite right, even while part of you stays engaged.

You might begin by simply noticing these responses in your body without arguing with them. From there, give some room to the the inner no and the heaviness, and let the warmth soften the edges so you can stay present without forcing anything.",-0.6000000000000000,Strongly Negative,"seed_genres=industrial,noise&target_valence=0.20&target_energy=0.44","Using the Spotify Search API, find one track that evokes the feeling of ""Open Boundary"". Return the single best matching track.","Atmospheric conditions around {subject} show an unstable, sour air mass interacting with muted rain bands, producing variable patterns. A a quiet bright layer above is expected to persist through the period, shaping the overall outlook for this area.",Boundary | Grieving | Open,The Thin Vulnerable Limit
Disgust,Sadness,Withdrawing,{{subject}},{{pronoun}},"{{subject}} evokes feelings of an inner no that turn you away, blended with soft heaviness and shaded by a need for space. Your body may be saying this is not quite right, even while part of you stays engaged.

You might begin by simply noticing these responses in your body without arguing with them. From there, give some room to the the inner no and the heaviness, and honor the the need for space by giving yourself room to breathe before deciding what you want to do.",-0.8400000000000000,Strongly Negative,"seed_genres=industrial,noise&target_valence=0.08&target_energy=0.42","Using the Spotify Search API, find one track that evokes the feeling of ""Objective Boundary"". Return the single best matching track.","Atmospheric conditions around {subject} show an unstable, sour air mass interacting with a damp, heavy drift, producing variable patterns. A an open still band on the horizon is expected to persist through the period, shaping the overall outlook for this area.",Boundary | Grieving | Objective,The Flat Blank Perimeter
Disgust,Sadness,Surprise,{{subject}},{{pronoun}},"{{subject}} evokes feelings of an inner no that turn you away, blended with soft heaviness and shaded by a sharp jolt. Your body may be saying this is not quite right, even while part of you stays engaged.

You might begin by simply noticing these responses in your body without arguing with them. From there, give some room to the the inner no and the heaviness, and use the the jolt as a brief pause to reset, then decide what pace actually feels right.",-0.8,Strongly Negative,"seed_genres=industrial,noise&target_valence=0.10&target_energy=0.42","Using the Spotify Search API, find one track that evokes the feeling of ""New Boundary"". Return the single best matching track.","Atmospheric conditions around {subject} show a rough abrasive wind interacting with slow trailing showers, producing variable patterns. A a patchy scattering pattern aloft is expected to persist through the period, shaping the overall outlook for this area.",Boundary | Grieving | New,The Sharp Harsh Boundary
Disgust,Surprise,Anger,{{subject}},{{pronoun}},"{{subject}} evokes feelings of an inner no that turn you away, blended with a sharp jolt and shaded by protective heat. Your body may be saying this is not quite right, even while part of you stays engaged.

You might begin by simply noticing these responses in your body without arguing with them. From there, give some room to the the inner no and the the jolt, and let the heat help you name what is okay and what is not as you relate to {subject}.",-0.7,Strongly Negative,"seed_genres=industrial,noise&target_valence=0.15&target_energy=0.43","Using the Spotify Search API, find one track that evokes the feeling of ""Firm Boundary"". Return the single best matching track.","Atmospheric conditions around {subject} show a harsh turning current interacting with scattered short bursts, producing variable patterns. A a heated residue trailing the system is expected to persist through the period, shaping the overall outlook for this area.",Boundary | Clearing | Firm,The Fixed Severe Border
Disgust,Surprise,Curiosity,{{subject}},{{pronoun}},"{{subject}} evokes feelings of an inner no that turn you away, blended with a sharp jolt and shaded by steady interest. Your body may be saying this is not quite right, even while part of you stays engaged.

You might begin by simply noticing these responses in your body without arguing with them. From there, give some room to the the inner no and the the jolt, and let the interest gently invite you to stay curious without rushing your next move.",-0.3,Gently Negative,"seed_genres=industrial,noise&target_valence=0.35&target_energy=0.47","Using the Spotify Search API, find one track that evokes the feeling of ""Flexible Boundary"". Return the single best matching track.","Atmospheric conditions around {subject} show an unstable, sour air mass interacting with broken, shifting patches, producing variable patterns. A thin curiosity haze is expected to persist through the period, shaping the overall outlook for this area.",Boundary | Clearing | Flexible,The Unsteady Slippery Edge
Disgust,Surprise,Dropping,{{subject}},{{pronoun}},"{{subject}} evokes feelings of an inner no that turn you away, blended with a sharp jolt and shaded by a small collapse inside. Your body may be saying this is not quite right, even while part of you stays engaged.

You might begin by simply noticing these responses in your body without arguing with them. From there, give some room to the the inner no and the the jolt, and let the the collapse remind you to move gently and offer yourself a bit more support around {subject}.",-0.7,Strongly Negative,"seed_genres=industrial,noise&target_valence=0.15&target_energy=0.43","Using the Spotify Search API, find one track that evokes the feeling of ""Quiet Boundary"". Return the single best matching track.","Atmospheric conditions around {subject} show a harsh turning current interacting with broken, shifting patches, producing variable patterns. A a low dim undertone in the field is expected to persist through the period, shaping the overall outlook for this area.",Boundary | Clearing | Quiet,The Muted Dim Threshold
Disgust,Surprise,Fear,{{subject}},{{pronoun}},"{{subject}} evokes feelings of an inner no that turn you away, blended with a sharp jolt and shaded by tight caution. Your body may be saying this is not quite right, even while part of you stays engaged.

You might begin by simply noticing these responses in your body without arguing with them. From there, give some room to the the inner no and the the jolt, and honor the caution by moving in small steps and checking what feels safe as you go.",-0.7,Strongly Negative,"seed_genres=industrial,noise&target_valence=0.15&target_energy=0.43","Using the Spotify Search API, find one track that evokes the feeling of ""Cautious Boundary"". Return the single best matching track.","Atmospheric conditions around {subject} show a rough abrasive wind interacting with brief unexpected shifts, producing variable patterns. A a cooling shadow line overhead is expected to persist through the period, shaping the overall outlook for this area.",Boundary | Clearing | Cautious,The Edgy Nervous Limit
Disgust,Surprise,Joy,{{subject}},{{pronoun}},"{{subject}} evokes feelings of an inner no that turn you away, blended with a sharp jolt and shaded by warm lift. Your body may be saying this is not quite right, even while part of you stays engaged.

You might begin by simply noticing these responses in your body without arguing with them. From there, give some room to the the inner no and the the jolt, and let the warmth soften the edges so you can stay present without forcing anything.",-0.3,Gently Negative,"seed_genres=industrial,noise&target_valence=0.35&target_energy=0.47","Using the Spotify Search API, find one track that evokes the feeling of ""Open Boundary"". Return the single best matching track.","Atmospheric conditions around {subject} show a rough abrasive wind interacting with scattered short bursts, producing variable patterns. A a soft warming undercurrent is expected to persist through the period, shaping the overall outlook for this area.",Boundary | Clearing | Open,The Exposed Bare Perimeter
Disgust,Surprise,Withdrawing,{{subject}},{{pronoun}},"{{subject}} evokes feelings of an inner no that turn you away, blended with a sharp jolt and shaded by a need for space. Your body may be saying this is not quite right, even while part of you stays engaged.

You might begin by simply noticing these responses in your body without arguing with them. From there, give some room to the the inner no and the the jolt, and honor the the need for space by giving yourself room to breathe before deciding what you want to do.",-0.54,Strongly Negative,"seed_genres=industrial,noise&target_valence=0.23&target_energy=0.45","Using the Spotify Search API, find one track that evokes the feeling of ""Objective Boundary"". Return the single best matching track.","Atmospheric conditions around {subject} show an unstable, sour air mass interacting with brief unexpected shifts, producing variable patterns. A an open still band on the horizon is expected to persist through the period, shaping the overall outlook for this area.",Boundary | Clearing | Objective,The Cold Distant Boundary
Disgust,Surprise,Sadness,{{subject}},{{pronoun}},"{{subject}} evokes feelings of an inner no that turn you away, blended with a sharp jolt and shaded by soft heaviness. Your body may be saying this is not quite right, even while part of you stays engaged.

You might begin by simply noticing these responses in your body without arguing with them. From there, give some room to the the inner no and the the jolt, and treat the heaviness as a signal to slow down and stay close to what really matters here.",-0.7,Strongly Negative,"seed_genres=industrial,noise&target_valence=0.15&target_energy=0.43","Using the Spotify Search API, find one track that evokes the feeling of ""Tender Boundary"". Return the single best matching track.","Atmospheric conditions around {subject} show a rough abrasive wind interacting with scattered short bursts, producing variable patterns. A a soft descending mist layer is expected to persist through the period, shaping the overall outlook for this area.",Boundary | Clearing | Tender,The Raw Fragile Border
Dropping,Anger,Curiosity,{{subject}},{{pronoun}},"{{subject}} evokes feelings of a small collapse inside that make you smaller, braided with protective heat and finished by steady interest. It may arrive as a brief dimming of energy alongside the part of you that still wants to track what is happening.

You might begin by simply noticing these responses in your body without arguing with them. From there, give some room to the the collapse and the heat, and let the interest gently invite you to stay curious without rushing your next move.",-0.6000000000000000,Strongly Negative,"seed_genres=drone,slowcore&target_valence=0.20&target_energy=0.14","Using the Spotify Search API, find one track that evokes the feeling of ""Flexible Humility"". Return the single best matching track.","Atmospheric conditions around {subject} show a falling pressure system interacting with a sharp heated edge, producing variable patterns. A thin curiosity haze is expected to persist through the period, shaping the overall outlook for this area.",Humility | Defending | Flexible,The Shifting Tense Humility
Dropping,Anger,Disgust,{{subject}},{{pronoun}},"{{subject}} evokes feelings of a small collapse inside that make you smaller, braided with protective heat and finished by an inner no. It may arrive as a brief dimming of energy alongside the part of you that still wants to track what is happening.

You might begin by simply noticing these responses in your body without arguing with them. From there, give some room to the the collapse and the heat, and use the the inner no to sort what belongs close and what needs more distance.",-1.0,Strongly Negative,"seed_genres=drone,slowcore&target_valence=0.00&target_energy=0.10","Using the Spotify Search API, find one track that evokes the feeling of ""Decisive Humility"". Return the single best matching track.","Atmospheric conditions around {subject} show a falling pressure system interacting with a tense, loaded boundary, producing variable patterns. A a thin acidic drift at altitude is expected to persist through the period, shaping the overall outlook for this area.",Humility | Defending | Decisive,The Severe Cutting Softness
Dropping,Anger,Fear,{{subject}},{{pronoun}},"{{subject}} evokes feelings of a small collapse inside that make you smaller, braided with protective heat and finished by tight caution. It may arrive as a brief dimming of energy alongside the part of you that still wants to track what is happening.

You might begin by simply noticing these responses in your body without arguing with them. From there, give some room to the the collapse and the heat, and honor the caution by moving in small steps and checking what feels safe as you go.",-1.0,Strongly Negative,"seed_genres=drone,slowcore&target_valence=0.00&target_energy=0.10","Using the Spotify Search API, find one track that evokes the feeling of ""Cautious Humility"". Return the single best matching track.","Atmospheric conditions around {subject} show a falling pressure system interacting with a pressing hot strip, producing variable patterns. A a cooling shadow line overhead is expected to persist through the period, shaping the overall outlook for this area.",Humility | Defending | Cautious,The Guarded Tight Stillness
Dropping,Anger,Joy,{{subject}},{{pronoun}},"{{subject}} evokes feelings of a small collapse inside that make you smaller, braided with protective heat and finished by warm lift. It may arrive as a brief dimming of energy alongside the part of you that still wants to track what is happening.

You might begin by simply noticing these responses in your body without arguing with them. From there, give some room to the the collapse and the heat, and let the warmth soften the edges so you can stay present without forcing anything.",-0.6000000000000000,Strongly Negative,"seed_genres=drone,slowcore&target_valence=0.20&target_energy=0.14","Using the Spotify Search API, find one track that evokes the feeling of ""Open Humility"". Return the single best matching track.","Atmospheric conditions around {subject} show a falling pressure system interacting with a sharp heated edge, producing variable patterns. A a quiet bright layer above is expected to persist through the period, shaping the overall outlook for this area.",Humility | Defending | Open,The Raw Unprotected Yielding
Dropping,Anger,Withdrawing,{{subject}},{{pronoun}},"{{subject}} evokes feelings of a small collapse inside that make you smaller, braided with protective heat and finished by a need for space. It may arrive as a brief dimming of energy alongside the part of you that still wants to track what is happening.

You might begin by simply noticing these responses in your body without arguing with them. From there, give some room to the the collapse and the heat, and honor the the need for space by giving yourself room to breathe before deciding what you want to do.",-0.8400000000000000,Strongly Negative,"seed_genres=drone,slowcore&target_valence=0.08&target_energy=0.12","Using the Spotify Search API, find one track that evokes the feeling of ""Objective Humility"". Return the single best matching track.","Atmospheric conditions around {subject} show a dim settling haze interacting with a tense, loaded boundary, producing variable patterns. A a broad quiet layer at the margins is expected to persist through the period, shaping the overall outlook for this area.",Humility | Defending | Objective,The Cool Removed Smallness
Dropping,Anger,Sadness,{{subject}},{{pronoun}},"{{subject}} evokes feelings of a small collapse inside that make you smaller, braided with protective heat and finished by soft heaviness. It may arrive as a brief dimming of energy alongside the part of you that still wants to track what is happening.

You might begin by simply noticing these responses in your body without arguing with them. From there, give some room to the the collapse and the heat, and treat the heaviness as a signal to slow down and stay close to what really matters here.",-1.0,Strongly Negative,"seed_genres=drone,slowcore&target_valence=0.00&target_energy=0.10","Using the Spotify Search API, find one track that evokes the feeling of ""Tender Humility"". Return the single best matching track.","Atmospheric conditions around {subject} show a falling pressure system interacting with a pressing hot strip, producing variable patterns. A a soft descending mist layer is expected to persist through the period, shaping the overall outlook for this area.",Humility | Defending | Tender,The Exposed Frayed Humility
Dropping,Anger,Surprise,{{subject}},{{pronoun}},"{{subject}} evokes feelings of a small collapse inside that make you smaller, braided with protective heat and finished by a sharp jolt. It may arrive as a brief dimming of energy alongside the part of you that still wants to track what is happening.

You might begin by simply noticing these responses in your body without arguing with them. From there, give some room to the the collapse and the heat, and use the the jolt as a brief pause to reset, then decide what pace actually feels right.",-0.8,Strongly Negative,"seed_genres=drone,slowcore&target_valence=0.10&target_energy=0.12","Using the Spotify Search API, find one track that evokes the feeling of ""New Humility"". Return the single best matching track.","Atmospheric conditions around {subject} show a slow cooling pool interacting with a sharp heated edge, producing variable patterns. A a brief flicker in the upper air is expected to persist through the period, shaping the overall outlook for this area.",Humility | Defending | New,The Jarring Abrupt Softness
Dropping,Curiosity,Anger,{{subject}},{{pronoun}},"{{subject}} evokes feelings of a small collapse inside that make you smaller, braided with steady interest and finished by protective heat. It may arrive as a brief dimming of energy alongside the part of you that still wants to track what is happening.

You might begin by simply noticing these responses in your body without arguing with them. From there, give some room to the the collapse and the interest, and let the heat help you name what is okay and what is not as you relate to {subject}.",-0.4,Gently Negative,"seed_genres=drone,slowcore&target_valence=0.30&target_energy=0.16","Using the Spotify Search API, find one track that evokes the feeling of ""Firm Humility"". Return the single best matching track.","Atmospheric conditions around {subject} show a falling pressure system interacting with light curious drift, producing variable patterns. A a heated residue trailing the system is expected to persist through the period, shaping the overall outlook for this area.",Humility | Exploring | Firm,The Tense Rigid Quiet
Dropping,Curiosity,Disgust,{{subject}},{{pronoun}},"{{subject}} evokes feelings of a small collapse inside that make you smaller, braided with steady interest and finished by an inner no. It may arrive as a brief dimming of energy alongside the part of you that still wants to track what is happening.

You might begin by simply noticing these responses in your body without arguing with them. From there, give some room to the the collapse and the interest, and use the the inner no to sort what belongs close and what needs more distance.",-0.4,Gently Negative,"seed_genres=drone,slowcore&target_valence=0.30&target_energy=0.16","Using the Spotify Search API, find one track that evokes the feeling of ""Decisive Humility"". Return the single best matching track.","Atmospheric conditions around {subject} show a slow cooling pool interacting with restless tilting currents, producing variable patterns. A a sharp edge in the higher air is expected to persist through the period, shaping the overall outlook for this area.",Humility | Exploring | Decisive,The Sharp Final Stillness
Dropping,Curiosity,Fear,{{subject}},{{pronoun}},"{{subject}} evokes feelings of a small collapse inside that make you smaller, braided with steady interest and finished by tight caution. It may arrive as a brief dimming of energy alongside the part of you that still wants to track what is happening.

You might begin by simply noticing these responses in your body without arguing with them. From there, give some room to the the collapse and the interest, and honor the caution by moving in small steps and checking what feels safe as you go.",-0.4,Gently Negative,"seed_genres=drone,slowcore&target_valence=0.30&target_energy=0.16","Using the Spotify Search API, find one track that evokes the feeling of ""Cautious Humility"". Return the single best matching track.","Atmospheric conditions around {subject} show a slow cooling pool interacting with restless tilting currents, producing variable patterns. A a narrow watchful band at higher levels is expected to persist through the period, shaping the overall outlook for this area.",Humility | Exploring | Cautious,The Watchful Wary Yielding
Dropping,Curiosity,Joy,{{subject}},{{pronoun}},"{{subject}} evokes feelings of a small collapse inside that make you smaller, braided with steady interest and finished by warm lift. It may arrive as a brief dimming of energy alongside the part of you that still wants to track what is happening.

You might begin by simply noticing these responses in your body without arguing with them. From there, give some room to the the collapse and the interest, and let the warmth soften the edges so you can stay present without forcing anything.",0.0,Mixed / Neutral,"seed_genres=drone,slowcore&target_valence=0.50&target_energy=0.20","Using the Spotify Search API, find one track that evokes the feeling of ""Open Humility"". Return the single best matching track.","Atmospheric conditions around {subject} show a dim settling haze interacting with restless tilting currents, producing variable patterns. A a quiet bright layer above is expected to persist through the period, shaping the overall outlook for this area.",Humility | Exploring | Open,The Bare Unfolding Smallness
Dropping,Curiosity,Withdrawing,{{subject}},{{pronoun}},"{{subject}} evokes feelings of a small collapse inside that make you smaller, braided with steady interest and finished by a need for space. It may arrive as a brief dimming of energy alongside the part of you that still wants to track what is happening.

You might begin by simply noticing these responses in your body without arguing with them. From there, give some room to the the collapse and the interest, and honor the the need for space by giving yourself room to breathe before deciding what you want to do.",-0.24,Gently Negative,"seed_genres=drone,slowcore&target_valence=0.38&target_energy=0.18","Using the Spotify Search API, find one track that evokes the feeling of ""Objective Humility"". Return the single best matching track.","Atmospheric conditions around {subject} show a slow cooling pool interacting with patchy exploratory flow, producing variable patterns. A an open still band on the horizon is expected to persist through the period, shaping the overall outlook for this area.",Humility | Exploring | Objective,The Flat Blank Humility
Dropping,Curiosity,Sadness,{{subject}},{{pronoun}},"{{subject}} evokes feelings of a small collapse inside that make you smaller, braided with steady interest and finished by soft heaviness. It may arrive as a brief dimming of energy alongside the part of you that still wants to track what is happening.

You might begin by simply noticing these responses in your body without arguing with them. From there, give some room to the the collapse and the interest, and treat the heaviness as a signal to slow down and stay close to what really matters here.",-0.4,Gently Negative,"seed_genres=drone,slowcore&target_valence=0.30&target_energy=0.16","Using the Spotify Search API, find one track that evokes the feeling of ""Tender Humility"". Return the single best matching track.","Atmospheric conditions around {subject} show a falling pressure system interacting with light curious drift, producing variable patterns. A a soft descending mist layer is expected to persist through the period, shaping the overall outlook for this area.",Humility | Exploring | Tender,The Sore Bruised Softness
Dropping,Curiosity,Surprise,{{subject}},{{pronoun}},"{{subject}} evokes feelings of a small collapse inside that make you smaller, braided with steady interest and finished by a sharp jolt. It may arrive as a brief dimming of energy alongside the part of you that still wants to track what is happening.

You might begin by simply noticing these responses in your body without arguing with them. From there, give some room to the the collapse and the interest, and use the the jolt as a brief pause to reset, then decide what pace actually feels right.",-0.2,Gently Negative,"seed_genres=drone,slowcore&target_valence=0.40&target_energy=0.18","Using the Spotify Search API, find one track that evokes the feeling of ""New Humility"". Return the single best matching track.","Atmospheric conditions around {subject} show a slow cooling pool interacting with restless tilting currents, producing variable patterns. A a brief flicker in the upper air is expected to persist through the period, shaping the overall outlook for this area.",Humility | Exploring | New,The Sudden Startling Quiet
Dropping,Disgust,Anger,{{subject}},{{pronoun}},"{{subject}} evokes feelings of a small collapse inside that make you smaller, braided with an inner no and finished by protective heat. It may arrive as a brief dimming of energy alongside the part of you that still wants to track what is happening.

You might begin by simply noticing these responses in your body without arguing with them. From there, give some room to the the collapse and the the inner no, and let the heat help you name what is okay and what is not as you relate to {subject}.",-1.0,Strongly Negative,"seed_genres=drone,slowcore&target_valence=0.00&target_energy=0.10","Using the Spotify Search API, find one track that evokes the feeling of ""Firm Humility"". Return the single best matching track.","Atmospheric conditions around {subject} show a dim settling haze interacting with irregular abrasive currents, producing variable patterns. A a thin aggressive echo aloft is expected to persist through the period, shaping the overall outlook for this area.",Humility | Rejecting | Firm,The Hard Unyielding Stillness
Dropping,Disgust,Curiosity,{{subject}},{{pronoun}},"{{subject}} evokes feelings of a small collapse inside that make you smaller, braided with an inner no and finished by steady interest. It may arrive as a brief dimming of energy alongside the part of you that still wants to track what is happening.

You might begin by simply noticing these responses in your body without arguing with them. From there, give some room to the the collapse and the the inner no, and let the interest gently invite you to stay curious without rushing your next move.",-0.6000000000000000,Strongly Negative,"seed_genres=drone,slowcore&target_valence=0.20&target_energy=0.14","Using the Spotify Search API, find one track that evokes the feeling of ""Flexible Humility"". Return the single best matching track.","Atmospheric conditions around {subject} show a falling pressure system interacting with a coarse turning gust, producing variable patterns. A a light exploratory shimmer aloft is expected to persist through the period, shaping the overall outlook for this area.",Humility | Rejecting | Flexible,The Uneasy Wavering Yielding
Dropping,Disgust,Fear,{{subject}},{{pronoun}},"{{subject}} evokes feelings of a small collapse inside that make you smaller, braided with an inner no and finished by tight caution. It may arrive as a brief dimming of energy alongside the part of you that still wants to track what is happening.

You might begin by simply noticing these responses in your body without arguing with them. From there, give some room to the the collapse and the the inner no, and honor the caution by moving in small steps and checking what feels safe as you go.",-1.0,Strongly Negative,"seed_genres=drone,slowcore&target_valence=0.00&target_energy=0.10","Using the Spotify Search API, find one track that evokes the feeling of ""Cautious Humility"". Return the single best matching track.","Atmospheric conditions around {subject} show a dim settling haze interacting with irregular abrasive currents, producing variable patterns. A a narrow watchful band at higher levels is expected to persist through the period, shaping the overall outlook for this area.",Humility | Rejecting | Cautious,The Edgy Nervous Smallness
Dropping,Disgust,Joy,{{subject}},{{pronoun}},"{{subject}} evokes feelings of a small collapse inside that make you smaller, braided with an inner no and finished by warm lift. It may arrive as a brief dimming of energy alongside the part of you that still wants to track what is happening.

You might begin by simply noticing these responses in your body without arguing with them. From there, give some room to the the collapse and the the inner no, and let the warmth soften the edges so you can stay present without forcing anything.",-0.6000000000000000,Strongly Negative,"seed_genres=drone,slowcore&target_valence=0.20&target_energy=0.14","Using the Spotify Search API, find one track that evokes the feeling of ""Open Humility"". Return the single best matching track.","Atmospheric conditions around {subject} show a falling pressure system interacting with harsh particulate air, producing variable patterns. A a quiet bright layer above is expected to persist through the period, shaping the overall outlook for this area.",Humility | Rejecting | Open,The Exposed Bare Humility
Dropping,Disgust,Withdrawing,{{subject}},{{pronoun}},"{{subject}} evokes feelings of a small collapse inside that make you smaller, braided with an inner no and finished by a need for space. It may arrive as a brief dimming of energy alongside the part of you that still wants to track what is happening.

You might begin by simply noticing these responses in your body without arguing with them. From there, give some room to the the collapse and the the inner no, and honor the the need for space by giving yourself room to breathe before deciding what you want to do.",-0.8400000000000000,Strongly Negative,"seed_genres=drone,slowcore&target_valence=0.08&target_energy=0.12","Using the Spotify Search API, find one track that evokes the feeling of ""Objective Humility"". Return the single best matching track.","Atmospheric conditions around {subject} show a slow cooling pool interacting with a coarse turning gust, producing variable patterns. A an open still band on the horizon is expected to persist through the period, shaping the overall outlook for this area.",Humility | Rejecting | Objective,The Cold Distant Softness
Dropping,Disgust,Sadness,{{subject}},{{pronoun}},"{{subject}} evokes feelings of a small collapse inside that make you smaller, braided with an inner no and finished by soft heaviness. It may arrive as a brief dimming of energy alongside the part of you that still wants to track what is happening.

You might begin by simply noticing these responses in your body without arguing with them. From there, give some room to the the collapse and the the inner no, and treat the heaviness as a signal to slow down and stay close to what really matters here.",-1.0,Strongly Negative,"seed_genres=drone,slowcore&target_valence=0.00&target_energy=0.10","Using the Spotify Search API, find one track that evokes the feeling of ""Tender Humility"". Return the single best matching track.","Atmospheric conditions around {subject} show a falling pressure system interacting with harsh particulate air, producing variable patterns. A a tender gray overcast above is expected to persist through the period, shaping the overall outlook for this area.",Humility | Rejecting | Tender,The Raw Fragile Quiet
Dropping,Disgust,Surprise,{{subject}},{{pronoun}},"{{subject}} evokes feelings of a small collapse inside that make you smaller, braided with an inner no and finished by a sharp jolt. It may arrive as a brief dimming of energy alongside the part of you that still wants to track what is happening.

You might begin by simply noticing these responses in your body without arguing with them. From there, give some room to the the collapse and the the inner no, and use the the jolt as a brief pause to reset, then decide what pace actually feels right.",-0.8,Strongly Negative,"seed_genres=drone,slowcore&target_valence=0.10&target_energy=0.12","Using the Spotify Search API, find one track that evokes the feeling of ""New Humility"". Return the single best matching track.","Atmospheric conditions around {subject} show a slow cooling pool interacting with a coarse turning gust, producing variable patterns. A a brief flicker in the upper air is expected to persist through the period, shaping the overall outlook for this area.",Humility | Rejecting | New,The Sharp Harsh Stillness
Dropping,Fear,Anger,{{subject}},{{pronoun}},"{{subject}} evokes feelings of a small collapse inside that make you smaller, braided with tight caution and finished by protective heat. It may arrive as a brief dimming of energy alongside the part of you that still wants to track what is happening.

You might begin by simply noticing these responses in your body without arguing with them. From there, give some room to the the collapse and the caution, and let the heat help you name what is okay and what is not as you relate to {subject}.",-1.0,Strongly Negative,"seed_genres=drone,slowcore&target_valence=0.00&target_energy=0.10","Using the Spotify Search API, find one track that evokes the feeling of ""Firm Humility"". Return the single best matching track.","Atmospheric conditions around {subject} show a dim settling haze interacting with a narrow cautious band, producing variable patterns. A a heated residue trailing the system is expected to persist through the period, shaping the overall outlook for this area.",Humility | Protecting | Firm,The Fixed Severe Yielding
Dropping,Fear,Curiosity,{{subject}},{{pronoun}},"{{subject}} evokes feelings of a small collapse inside that make you smaller, braided with tight caution and finished by steady interest. It may arrive as a brief dimming of energy alongside the part of you that still wants to track what is happening.

You might begin by simply noticing these responses in your body without arguing with them. From there, give some room to the the collapse and the caution, and let the interest gently invite you to stay curious without rushing your next move.",-0.6000000000000000,Strongly Negative,"seed_genres=drone,slowcore&target_valence=0.20&target_energy=0.14","Using the Spotify Search API, find one track that evokes the feeling of ""Flexible Humility"". Return the single best matching track.","Atmospheric conditions around {subject} show a slow cooling pool interacting with a narrow cautious band, producing variable patterns. A thin curiosity haze is expected to persist through the period, shaping the overall outlook for this area.",Humility | Protecting | Flexible,The Unsteady Slippery Smallness
Dropping,Fear,Disgust,{{subject}},{{pronoun}},"{{subject}} evokes feelings of a small collapse inside that make you smaller, braided with tight caution and finished by an inner no. It may arrive as a brief dimming of energy alongside the part of you that still wants to track what is happening.

You might begin by simply noticing these responses in your body without arguing with them. From there, give some room to the the collapse and the caution, and use the the inner no to sort what belongs close and what needs more distance.",-1.0,Strongly Negative,"seed_genres=drone,slowcore&target_valence=0.00&target_energy=0.10","Using the Spotify Search API, find one track that evokes the feeling of ""Decisive Humility"". Return the single best matching track.","Atmospheric conditions around {subject} show a falling pressure system interacting with a cautious, constricting flow, producing variable patterns. A a sharp edge in the higher air is expected to persist through the period, shaping the overall outlook for this area.",Humility | Protecting | Decisive,The Relentless Harsh Humility
Dropping,Fear,Joy,{{subject}},{{pronoun}},"{{subject}} evokes feelings of a small collapse inside that make you smaller, braided with tight caution and finished by warm lift. It may arrive as a brief dimming of energy alongside the part of you that still wants to track what is happening.

You might begin by simply noticing these responses in your body without arguing with them. From there, give some room to the the collapse and the caution, and let the warmth soften the edges so you can stay present without forcing anything.",-0.6000000000000000,Strongly Negative,"seed_genres=drone,slowcore&target_valence=0.20&target_energy=0.14","Using the Spotify Search API, find one track that evokes the feeling of ""Open Humility"". Return the single best matching track.","Atmospheric conditions around {subject} show a falling pressure system interacting with a cautious, constricting flow, producing variable patterns. A a quiet bright layer above is expected to persist through the period, shaping the overall outlook for this area.",Humility | Protecting | Open,The Raw Unprotected Softness
Dropping,Fear,Withdrawing,{{subject}},{{pronoun}},"{{subject}} evokes feelings of a small collapse inside that make you smaller, braided with tight caution and finished by a need for space. It may arrive as a brief dimming of energy alongside the part of you that still wants to track what is happening.

You might begin by simply noticing these responses in your body without arguing with them. From there, give some room to the the collapse and the caution, and honor the the need for space by giving yourself room to breathe before deciding what you want to do.",-0.8400000000000000,Strongly Negative,"seed_genres=drone,slowcore&target_valence=0.08&target_energy=0.12","Using the Spotify Search API, find one track that evokes the feeling of ""Objective Humility"". Return the single best matching track.","Atmospheric conditions around {subject} show a dim settling haze interacting with a narrow cautious band, producing variable patterns. A a broad quiet layer at the margins is expected to persist through the period, shaping the overall outlook for this area.",Humility | Protecting | Objective,The Cool Removed Quiet
Dropping,Fear,Sadness,{{subject}},{{pronoun}},"{{subject}} evokes feelings of a small collapse inside that make you smaller, braided with tight caution and finished by soft heaviness. It may arrive as a brief dimming of energy alongside the part of you that still wants to track what is happening.

You might begin by simply noticing these responses in your body without arguing with them. From there, give some room to the the collapse and the caution, and treat the heaviness as a signal to slow down and stay close to what really matters here.",-1.0,Strongly Negative,"seed_genres=drone,slowcore&target_valence=0.00&target_energy=0.10","Using the Spotify Search API, find one track that evokes the feeling of ""Tender Humility"". Return the single best matching track.","Atmospheric conditions around {subject} show a dim settling haze interacting with a narrow cautious band, producing variable patterns. A a soft descending mist layer is expected to persist through the period, shaping the overall outlook for this area.",Humility | Protecting | Tender,The Exposed Frayed Stillness
Dropping,Fear,Surprise,{{subject}},{{pronoun}},"{{subject}} evokes feelings of a small collapse inside that make you smaller, braided with tight caution and finished by a sharp jolt. It may arrive as a brief dimming of energy alongside the part of you that still wants to track what is happening.

You might begin by simply noticing these responses in your body without arguing with them. From there, give some room to the the collapse and the caution, and use the the jolt as a brief pause to reset, then decide what pace actually feels right.",-0.8,Strongly Negative,"seed_genres=drone,slowcore&target_valence=0.10&target_energy=0.12","Using the Spotify Search API, find one track that evokes the feeling of ""New Humility"". Return the single best matching track.","Atmospheric conditions around {subject} show a dim settling haze interacting with a cautious, constricting flow, producing variable patterns. A a brief flicker in the upper air is expected to persist through the period, shaping the overall outlook for this area.",Humility | Protecting | New,The Jarring Abrupt Yielding
Dropping,Joy,Anger,{{subject}},{{pronoun}},"{{subject}} evokes feelings of a small collapse inside that make you smaller, braided with warm lift and finished by protective heat. It may arrive as a brief dimming of energy alongside the part of you that still wants to track what is happening.

You might begin by simply noticing these responses in your body without arguing with them. From there, give some room to the the collapse and the warmth, and let the heat help you name what is okay and what is not as you relate to {subject}.",-0.4,Gently Negative,"seed_genres=drone,slowcore&target_valence=0.30&target_energy=0.16","Using the Spotify Search API, find one track that evokes the feeling of ""Firm Humility"". Return the single best matching track.","Atmospheric conditions around {subject} show a dim settling haze interacting with a mild brightening trend, producing variable patterns. A a thin aggressive echo aloft is expected to persist through the period, shaping the overall outlook for this area.",Humility | Bonding | Firm,The Tense Rigid Smallness
Dropping,Joy,Curiosity,{{subject}},{{pronoun}},"{{subject}} evokes feelings of a small collapse inside that make you smaller, braided with warm lift and finished by steady interest. It may arrive as a brief dimming of energy alongside the part of you that still wants to track what is happening.

You might begin by simply noticing these responses in your body without arguing with them. From there, give some room to the the collapse and the warmth, and let the interest gently invite you to stay curious without rushing your next move.",0.0,Mixed / Neutral,"seed_genres=drone,slowcore&target_valence=0.50&target_energy=0.20","Using the Spotify Search API, find one track that evokes the feeling of ""Flexible Humility"". Return the single best matching track.","Atmospheric conditions around {subject} show a dim settling haze interacting with gentle lifting pockets, producing variable patterns. A thin curiosity haze is expected to persist through the period, shaping the overall outlook for this area.",Humility | Bonding | Flexible,The Bending Flexible Humility
Dropping,Joy,Disgust,{{subject}},{{pronoun}},"{{subject}} evokes feelings of a small collapse inside that make you smaller, braided with warm lift and finished by an inner no. It may arrive as a brief dimming of energy alongside the part of you that still wants to track what is happening.

You might begin by simply noticing these responses in your body without arguing with them. From there, give some room to the the collapse and the warmth, and use the the inner no to sort what belongs close and what needs more distance.",-0.4,Gently Negative,"seed_genres=drone,slowcore&target_valence=0.30&target_energy=0.16","Using the Spotify Search API, find one track that evokes the feeling of ""Decisive Humility"". Return the single best matching track.","Atmospheric conditions around {subject} show a falling pressure system interacting with a mild brightening trend, producing variable patterns. A a thin acidic drift at altitude is expected to persist through the period, shaping the overall outlook for this area.",Humility | Bonding | Decisive,The Severe Cutting Softness
Dropping,Joy,Fear,{{subject}},{{pronoun}},"{{subject}} evokes feelings of a small collapse inside that make you smaller, braided with warm lift and finished by tight caution. It may arrive as a brief dimming of energy alongside the part of you that still wants to track what is happening.

You might begin by simply noticing these responses in your body without arguing with them. From there, give some room to the the collapse and the warmth, and honor the caution by moving in small steps and checking what feels safe as you go.",-0.4,Gently Negative,"seed_genres=drone,slowcore&target_valence=0.30&target_energy=0.16","Using the Spotify Search API, find one track that evokes the feeling of ""Cautious Humility"". Return the single best matching track.","Atmospheric conditions around {subject} show a dim settling haze interacting with soft warming air, producing variable patterns. A a cooling shadow line overhead is expected to persist through the period, shaping the overall outlook for this area.",Humility | Bonding | Cautious,The Guarded Tight Quiet
Dropping,Joy,Withdrawing,{{subject}},{{pronoun}},"{{subject}} evokes feelings of a small collapse inside that make you smaller, braided with warm lift and finished by a need for space. It may arrive as a brief dimming of energy alongside the part of you that still wants to track what is happening.

You might begin by simply noticing these responses in your body without arguing with them. From there, give some room to the the collapse and the warmth, and honor the the need for space by giving yourself room to breathe before deciding what you want to do.",-0.24,Gently Negative,"seed_genres=drone,slowcore&target_valence=0.38&target_energy=0.18","Using the Spotify Search API, find one track that evokes the feeling of ""Objective Humility"". Return the single best matching track.","Atmospheric conditions around {subject} show a dim settling haze interacting with a mild brightening trend, producing variable patterns. A an open still band on the horizon is expected to persist through the period, shaping the overall outlook for this area.",Humility | Bonding | Objective,The Flat Blank Stillness
Dropping,Joy,Sadness,{{subject}},{{pronoun}},"{{subject}} evokes feelings of a small collapse inside that make you smaller, braided with warm lift and finished by soft heaviness. It may arrive as a brief dimming of energy alongside the part of you that still wants to track what is happening.

You might begin by simply noticing these responses in your body without arguing with them. From there, give some room to the the collapse and the warmth, and treat the heaviness as a signal to slow down and stay close to what really matters here.",-0.4,Gently Negative,"seed_genres=drone,slowcore&target_valence=0.30&target_energy=0.16","Using the Spotify Search API, find one track that evokes the feeling of ""Tender Humility"". Return the single best matching track.","Atmospheric conditions around {subject} show a dim settling haze interacting with soft warming air, producing variable patterns. A a soft descending mist layer is expected to persist through the period, shaping the overall outlook for this area.",Humility | Bonding | Tender,The Sore Bruised Yielding
Dropping,Joy,Surprise,{{subject}},{{pronoun}},"{{subject}} evokes feelings of a small collapse inside that make you smaller, braided with warm lift and finished by a sharp jolt. It may arrive as a brief dimming of energy alongside the part of you that still wants to track what is happening.

You might begin by simply noticing these responses in your body without arguing with them. From there, give some room to the the collapse and the warmth, and use the the jolt as a brief pause to reset, then decide what pace actually feels right.",-0.2,Gently Negative,"seed_genres=drone,slowcore&target_valence=0.40&target_energy=0.18","Using the Spotify Search API, find one track that evokes the feeling of ""New Humility"". Return the single best matching track.","Atmospheric conditions around {subject} show a falling pressure system interacting with soft warming air, producing variable patterns. A a patchy scattering pattern aloft is expected to persist through the period, shaping the overall outlook for this area.",Humility | Bonding | New,The Sudden Startling Smallness
Dropping,Withdrawing,Anger,{{subject}},{{pronoun}},"{{subject}} evokes feelings of a small collapse inside that make you smaller, braided with a need for space and finished by protective heat. It may arrive as a brief dimming of energy alongside the part of you that still wants to track what is happening.

You might begin by simply noticing these responses in your body without arguing with them. From there, give some room to the the collapse and the the need for space, and let the heat help you name what is okay and what is not as you relate to {subject}.",-0.76,Strongly Negative,"seed_genres=drone,slowcore&target_valence=0.12&target_energy=0.12","Using the Spotify Search API, find one track that evokes the feeling of ""Firm Humility"". Return the single best matching track.","Atmospheric conditions around {subject} show a dim settling haze interacting with receding quiet air, producing variable patterns. A a heated residue trailing the system is expected to persist through the period, shaping the overall outlook for this area.",Humility | Retreating | Firm,The Hard Unyielding Humility
Dropping,Withdrawing,Curiosity,{{subject}},{{pronoun}},"{{subject}} evokes feelings of a small collapse inside that make you smaller, braided with a need for space and finished by steady interest. It may arrive as a brief dimming of energy alongside the part of you that still wants to track what is happening.

You might begin by simply noticing these responses in your body without arguing with them. From there, give some room to the the collapse and the the need for space, and let the interest gently invite you to stay curious without rushing your next move.",-0.36,Gently Negative,"seed_genres=drone,slowcore&target_valence=0.32&target_energy=0.16","Using the Spotify Search API, find one track that evokes the feeling of ""Flexible Humility"". Return the single best matching track.","Atmospheric conditions around {subject} show a slow cooling pool interacting with expanding empty pockets, producing variable patterns. A thin curiosity haze is expected to persist through the period, shaping the overall outlook for this area.",Humility | Retreating | Flexible,The Wavering Unsteady Softness
Dropping,Withdrawing,Disgust,{{subject}},{{pronoun}},"{{subject}} evokes feelings of a small collapse inside that make you smaller, braided with a need for space and finished by an inner no. It may arrive as a brief dimming of energy alongside the part of you that still wants to track what is happening.

You might begin by simply noticing these responses in your body without arguing with them. From there, give some room to the the collapse and the the need for space, and use the the inner no to sort what belongs close and what needs more distance.",-0.76,Strongly Negative,"seed_genres=drone,slowcore&target_valence=0.12&target_energy=0.12","Using the Spotify Search API, find one track that evokes the feeling of ""Decisive Humility"". Return the single best matching track.","Atmospheric conditions around {subject} show a falling pressure system interacting with a broad retreating zone, producing variable patterns. A a sharp edge in the higher air is expected to persist through the period, shaping the overall outlook for this area.",Humility | Retreating | Decisive,The Sharp Final Quiet
Dropping,Withdrawing,Fear,{{subject}},{{pronoun}},"{{subject}} evokes feelings of a small collapse inside that make you smaller, braided with a need for space and finished by tight caution. It may arrive as a brief dimming of energy alongside the part of you that still wants to track what is happening.

You might begin by simply noticing these responses in your body without arguing with them. From there, give some room to the the collapse and the the need for space, and honor the caution by moving in small steps and checking what feels safe as you go.",-0.76,Strongly Negative,"seed_genres=drone,slowcore&target_valence=0.12&target_energy=0.12","Using the Spotify Search API, find one track that evokes the feeling of ""Cautious Humility"". Return the single best matching track.","Atmospheric conditions around {subject} show a falling pressure system interacting with a broad retreating zone, producing variable patterns. A a cooling shadow line overhead is expected to persist through the period, shaping the overall outlook for this area.",Humility | Retreating | Cautious,The Watchful Wary Stillness
Dropping,Withdrawing,Joy,{{subject}},{{pronoun}},"{{subject}} evokes feelings of a small collapse inside that make you smaller, braided with a need for space and finished by warm lift. It may arrive as a brief dimming of energy alongside the part of you that still wants to track what is happening.

You might begin by simply noticing these responses in your body without arguing with them. From there, give some room to the the collapse and the the need for space, and let the warmth soften the edges so you can stay present without forcing anything.",-0.36,Gently Negative,"seed_genres=drone,slowcore&target_valence=0.32&target_energy=0.16","Using the Spotify Search API, find one track that evokes the feeling of ""Open Humility"". Return the single best matching track.","Atmospheric conditions around {subject} show a falling pressure system interacting with a broad retreating zone, producing variable patterns. A a soft warming undercurrent is expected to persist through the period, shaping the overall outlook for this area.",Humility | Retreating | Open,The Thin Vulnerable Yielding
Dropping,Withdrawing,Sadness,{{subject}},{{pronoun}},"{{subject}} evokes feelings of a small collapse inside that make you smaller, braided with a need for space and finished by soft heaviness. It may arrive as a brief dimming of energy alongside the part of you that still wants to track what is happening.

You might begin by simply noticing these responses in your body without arguing with them. From there, give some room to the the collapse and the the need for space, and treat the heaviness as a signal to slow down and stay close to what really matters here.",-0.76,Strongly Negative,"seed_genres=drone,slowcore&target_valence=0.12&target_energy=0.12","Using the Spotify Search API, find one track that evokes the feeling of ""Tender Humility"". Return the single best matching track.","Atmospheric conditions around {subject} show a dim settling haze interacting with a broad retreating zone, producing variable patterns. A a tender gray overcast above is expected to persist through the period, shaping the overall outlook for this area.",Humility | Retreating | Tender,The Raw Fragile Smallness
Dropping,Withdrawing,Surprise,{{subject}},{{pronoun}},"{{subject}} evokes feelings of a small collapse inside that make you smaller, braided with a need for space and finished by a sharp jolt. It may arrive as a brief dimming of energy alongside the part of you that still wants to track what is happening.

You might begin by simply noticing these responses in your body without arguing with them. From there, give some room to the the collapse and the the need for space, and use the the jolt as a brief pause to reset, then decide what pace actually feels right.",-0.56,Strongly Negative,"seed_genres=drone,slowcore&target_valence=0.22&target_energy=0.14","Using the Spotify Search API, find one track that evokes the feeling of ""New Humility"". Return the single best matching track.","Atmospheric conditions around {subject} show a falling pressure system interacting with expanding empty pockets, producing variable patterns. A a brief flicker in the upper air is expected to persist through the period, shaping the overall outlook for this area.",Humility | Retreating | New,The Sharp Harsh Humility
Dropping,Sadness,Anger,{{subject}},{{pronoun}},"{{subject}} evokes feelings of a small collapse inside that make you smaller, braided with soft heaviness and finished by protective heat. It may arrive as a brief dimming of energy alongside the part of you that still wants to track what is happening.

You might begin by simply noticing these responses in your body without arguing with them. From there, give some room to the the collapse and the heaviness, and let the heat help you name what is okay and what is not as you relate to {subject}.",-1.0,Strongly Negative,"seed_genres=drone,slowcore&target_valence=0.00&target_energy=0.10","Using the Spotify Search API, find one track that evokes the feeling of ""Firm Humility"". Return the single best matching track.","Atmospheric conditions around {subject} show a dim settling haze interacting with muted rain bands, producing variable patterns. A a thin aggressive echo aloft is expected to persist through the period, shaping the overall outlook for this area.",Humility | Grieving | Firm,The Fixed Severe Softness
Dropping,Sadness,Curiosity,{{subject}},{{pronoun}},"{{subject}} evokes feelings of a small collapse inside that make you smaller, braided with soft heaviness and finished by steady interest. It may arrive as a brief dimming of energy alongside the part of you that still wants to track what is happening.

You might begin by simply noticing these responses in your body without arguing with them. From there, give some room to the the collapse and the heaviness, and let the interest gently invite you to stay curious without rushing your next move.",-0.6000000000000000,Strongly Negative,"seed_genres=drone,slowcore&target_valence=0.20&target_energy=0.14","Using the Spotify Search API, find one track that evokes the feeling of ""Flexible Humility"". Return the single best matching track.","Atmospheric conditions around {subject} show a dim settling haze interacting with slow trailing showers, producing variable patterns. A thin curiosity haze is expected to persist through the period, shaping the overall outlook for this area.",Humility | Grieving | Flexible,The Slippery Shifting Quiet
Dropping,Sadness,Disgust,{{subject}},{{pronoun}},"{{subject}} evokes feelings of a small collapse inside that make you smaller, braided with soft heaviness and finished by an inner no. It may arrive as a brief dimming of energy alongside the part of you that still wants to track what is happening.

You might begin by simply noticing these responses in your body without arguing with them. From there, give some room to the the collapse and the heaviness, and use the the inner no to sort what belongs close and what needs more distance.",-1.0,Strongly Negative,"seed_genres=drone,slowcore&target_valence=0.00&target_energy=0.10","Using the Spotify Search API, find one track that evokes the feeling of ""Decisive Humility"". Return the single best matching track.","Atmospheric conditions around {subject} show a dim settling haze interacting with a damp, heavy drift, producing variable patterns. A a sharp edge in the higher air is expected to persist through the period, shaping the overall outlook for this area.",Humility | Grieving | Decisive,The Relentless Harsh Stillness
Dropping,Sadness,Fear,{{subject}},{{pronoun}},"{{subject}} evokes feelings of a small collapse inside that make you smaller, braided with soft heaviness and finished by tight caution. It may arrive as a brief dimming of energy alongside the part of you that still wants to track what is happening.

You might begin by simply noticing these responses in your body without arguing with them. From there, give some room to the the collapse and the heaviness, and honor the caution by moving in small steps and checking what feels safe as you go.",-1.0,Strongly Negative,"seed_genres=drone,slowcore&target_valence=0.00&target_energy=0.10","Using the Spotify Search API, find one track that evokes the feeling of ""Cautious Humility"". Return the single best matching track.","Atmospheric conditions around {subject} show a slow cooling pool interacting with muted rain bands, producing variable patterns. A a cooling shadow line overhead is expected to persist through the period, shaping the overall outlook for this area.",Humility | Grieving | Cautious,The Edgy Nervous Yielding
Dropping,Sadness,Joy,{{subject}},{{pronoun}},"{{subject}} evokes feelings of a small collapse inside that make you smaller, braided with soft heaviness and finished by warm lift. It may arrive as a brief dimming of energy alongside the part of you that still wants to track what is happening.

You might begin by simply noticing these responses in your body without arguing with them. From there, give some room to the the collapse and the heaviness, and let the warmth soften the edges so you can stay present without forcing anything.",-0.6000000000000000,Strongly Negative,"seed_genres=drone,slowcore&target_valence=0.20&target_energy=0.14","Using the Spotify Search API, find one track that evokes the feeling of ""Open Humility"". Return the single best matching track.","Atmospheric conditions around {subject} show a slow cooling pool interacting with muted rain bands, producing variable patterns. A a quiet bright layer above is expected to persist through the period, shaping the overall outlook for this area.",Humility | Grieving | Open,The Exposed Bare Smallness
Dropping,Sadness,Withdrawing,{{subject}},{{pronoun}},"{{subject}} evokes feelings of a small collapse inside that make you smaller, braided with soft heaviness and finished by a need for space. It may arrive as a brief dimming of energy alongside the part of you that still wants to track what is happening.

You might begin by simply noticing these responses in your body without arguing with them. From there, give some room to the the collapse and the heaviness, and honor the the need for space by giving yourself room to breathe before deciding what you want to do.",-0.8400000000000000,Strongly Negative,"seed_genres=drone,slowcore&target_valence=0.08&target_energy=0.12","Using the Spotify Search API, find one track that evokes the feeling of ""Objective Humility"". Return the single best matching track.","Atmospheric conditions around {subject} show a falling pressure system interacting with muted rain bands, producing variable patterns. A an open still band on the horizon is expected to persist through the period, shaping the overall outlook for this area.",Humility | Grieving | Objective,The Cold Distant Humility
Dropping,Sadness,Surprise,{{subject}},{{pronoun}},"{{subject}} evokes feelings of a small collapse inside that make you smaller, braided with soft heaviness and finished by a sharp jolt. It may arrive as a brief dimming of energy alongside the part of you that still wants to track what is happening.

You might begin by simply noticing these responses in your body without arguing with them. From there, give some room to the the collapse and the heaviness, and use the the jolt as a brief pause to reset, then decide what pace actually feels right.",-0.8,Strongly Negative,"seed_genres=drone,slowcore&target_valence=0.10&target_energy=0.12","Using the Spotify Search API, find one track that evokes the feeling of ""New Humility"". Return the single best matching track.","Atmospheric conditions around {subject} show a slow cooling pool interacting with muted rain bands, producing variable patterns. A a brief flicker in the upper air is expected to persist through the period, shaping the overall outlook for this area.",Humility | Grieving | New,The Jarring Abrupt Softness
Dropping,Surprise,Anger,{{subject}},{{pronoun}},"{{subject}} evokes feelings of a small collapse inside that make you smaller, braided with a sharp jolt and finished by protective heat. It may arrive as a brief dimming of energy alongside the part of you that still wants to track what is happening.

You might begin by simply noticing these responses in your body without arguing with them. From there, give some room to the the collapse and the the jolt, and let the heat help you name what is okay and what is not as you relate to {subject}.",-0.7,Strongly Negative,"seed_genres=drone,slowcore&target_valence=0.15&target_energy=0.13","Using the Spotify Search API, find one track that evokes the feeling of ""Firm Humility"". Return the single best matching track.","Atmospheric conditions around {subject} show a dim settling haze interacting with scattered short bursts, producing variable patterns. A a thin aggressive echo aloft is expected to persist through the period, shaping the overall outlook for this area.",Humility | Clearing | Firm,The Tense Rigid Quiet
Dropping,Surprise,Curiosity,{{subject}},{{pronoun}},"{{subject}} evokes feelings of a small collapse inside that make you smaller, braided with a sharp jolt and finished by steady interest. It may arrive as a brief dimming of energy alongside the part of you that still wants to track what is happening.

You might begin by simply noticing these responses in your body without arguing with them. From there, give some room to the the collapse and the the jolt, and let the interest gently invite you to stay curious without rushing your next move.",-0.3,Gently Negative,"seed_genres=drone,slowcore&target_valence=0.35&target_energy=0.17","Using the Spotify Search API, find one track that evokes the feeling of ""Flexible Humility"". Return the single best matching track.","Atmospheric conditions around {subject} show a dim settling haze interacting with brief unexpected shifts, producing variable patterns. A thin curiosity haze is expected to persist through the period, shaping the overall outlook for this area.",Humility | Clearing | Flexible,The Tense Uneasy Stillness
Dropping,Surprise,Disgust,{{subject}},{{pronoun}},"{{subject}} evokes feelings of a small collapse inside that make you smaller, braided with a sharp jolt and finished by an inner no. It may arrive as a brief dimming of energy alongside the part of you that still wants to track what is happening.

You might begin by simply noticing these responses in your body without arguing with them. From there, give some room to the the collapse and the the jolt, and use the the inner no to sort what belongs close and what needs more distance.",-0.7,Strongly Negative,"seed_genres=drone,slowcore&target_valence=0.15&target_energy=0.13","Using the Spotify Search API, find one track that evokes the feeling of ""Decisive Humility"". Return the single best matching track.","Atmospheric conditions around {subject} show a falling pressure system interacting with scattered short bursts, producing variable patterns. A a thin acidic drift at altitude is expected to persist through the period, shaping the overall outlook for this area.",Humility | Clearing | Decisive,The Severe Cutting Yielding
Dropping,Surprise,Fear,{{subject}},{{pronoun}},"{{subject}} evokes feelings of a small collapse inside that make you smaller, braided with a sharp jolt and finished by tight caution. It may arrive as a brief dimming of energy alongside the part of you that still wants to track what is happening.

You might begin by simply noticing these responses in your body without arguing with them. From there, give some room to the the collapse and the the jolt, and honor the caution by moving in small steps and checking what feels safe as you go.",-0.7,Strongly Negative,"seed_genres=drone,slowcore&target_valence=0.15&target_energy=0.13","Using the Spotify Search API, find one track that evokes the feeling of ""Cautious Humility"". Return the single best matching track.","Atmospheric conditions around {subject} show a slow cooling pool interacting with broken, shifting patches, producing variable patterns. A a cooling shadow line overhead is expected to persist through the period, shaping the overall outlook for this area.",Humility | Clearing | Cautious,The Guarded Tight Smallness
Dropping,Surprise,Joy,{{subject}},{{pronoun}},"{{subject}} evokes feelings of a small collapse inside that make you smaller, braided with a sharp jolt and finished by warm lift. It may arrive as a brief dimming of energy alongside the part of you that still wants to track what is happening.

You might begin by simply noticing these responses in your body without arguing with them. From there, give some room to the the collapse and the the jolt, and let the warmth soften the edges so you can stay present without forcing anything.",-0.3,Gently Negative,"seed_genres=drone,slowcore&target_valence=0.35&target_energy=0.17","Using the Spotify Search API, find one track that evokes the feeling of ""Open Humility"". Return the single best matching track.","Atmospheric conditions around {subject} show a dim settling haze interacting with scattered short bursts, producing variable patterns. A a soft warming undercurrent is expected to persist through the period, shaping the overall outlook for this area.",Humility | Clearing | Open,The Raw Unprotected Humility
Dropping,Surprise,Withdrawing,{{subject}},{{pronoun}},"{{subject}} evokes feelings of a small collapse inside that make you smaller, braided with a sharp jolt and finished by a need for space. It may arrive as a brief dimming of energy alongside the part of you that still wants to track what is happening.

You might begin by simply noticing these responses in your body without arguing with them. From there, give some room to the the collapse and the the jolt, and honor the the need for space by giving yourself room to breathe before deciding what you want to do.",-0.54,Strongly Negative,"seed_genres=drone,slowcore&target_valence=0.23&target_energy=0.15","Using the Spotify Search API, find one track that evokes the feeling of ""Objective Humility"". Return the single best matching track.","Atmospheric conditions around {subject} show a falling pressure system interacting with broken, shifting patches, producing variable patterns. A an open still band on the horizon is expected to persist through the period, shaping the overall outlook for this area.",Humility | Clearing | Objective,The Cool Removed Softness
Dropping,Surprise,Sadness,{{subject}},{{pronoun}},"{{subject}} evokes feelings of a small collapse inside that make you smaller, braided with a sharp jolt and finished by soft heaviness. It may arrive as a brief dimming of energy alongside the part of you that still wants to track what is happening.

You might begin by simply noticing these responses in your body without arguing with them. From there, give some room to the the collapse and the the jolt, and treat the heaviness as a signal to slow down and stay close to what really matters here.",-0.7,Strongly Negative,"seed_genres=drone,slowcore&target_valence=0.15&target_energy=0.13","Using the Spotify Search API, find one track that evokes the feeling of ""Tender Humility"". Return the single best matching track.","Atmospheric conditions around {subject} show a slow cooling pool interacting with brief unexpected shifts, producing variable patterns. A a tender gray overcast above is expected to persist through the period, shaping the overall outlook for this area.",Humility | Clearing | Tender,The Exposed Frayed Quiet
Fear,Anger,Curiosity,{{subject}},{{pronoun}},"{{subject}} evokes feelings of tight caution that tighten your focus, threaded together with protective heat, then colored by steady interest. It can feel like your body is quietly running a safety check before it commits.

You might begin by simply noticing these responses in your body without arguing with them. From there, give some room to the caution and the heat, and let the interest gently invite you to stay curious without rushing your next move.",-0.6000000000000000,Strongly Negative,"seed_genres=dark-ambient,cinematic&target_valence=0.20&target_energy=0.34","Using the Spotify Search API, find one track that evokes the feeling of ""Flexible Alert"". Return the single best matching track.","Atmospheric conditions around {subject} show a tightening pressure zone interacting with a pressing hot strip, producing variable patterns. A a light exploratory shimmer aloft is expected to persist through the period, shaping the overall outlook for this area.",Alert | Defending | Flexible,The Wavering Unsteady Alert
Fear,Anger,Disgust,{{subject}},{{pronoun}},"{{subject}} evokes feelings of tight caution that tighten your focus, threaded together with protective heat, then colored by an inner no. It can feel like your body is quietly running a safety check before it commits.

You might begin by simply noticing these responses in your body without arguing with them. From there, give some room to the caution and the heat, and use the the inner no to sort what belongs close and what needs more distance.",-1.0,Strongly Negative,"seed_genres=dark-ambient,cinematic&target_valence=0.00&target_energy=0.30","Using the Spotify Search API, find one track that evokes the feeling of ""Decisive Alert"". Return the single best matching track.","Atmospheric conditions around {subject} show a cold cautious draft interacting with a tense, loaded boundary, producing variable patterns. A a thin acidic drift at altitude is expected to persist through the period, shaping the overall outlook for this area.",Alert | Defending | Decisive,The Sharp Final Signal
Fear,Anger,Dropping,{{subject}},{{pronoun}},"{{subject}} evokes feelings of tight caution that tighten your focus, threaded together with protective heat, then colored by a small collapse inside. It can feel like your body is quietly running a safety check before it commits.

You might begin by simply noticing these responses in your body without arguing with them. From there, give some room to the caution and the heat, and let the the collapse remind you to move gently and offer yourself a bit more support around {subject}.",-1.0,Strongly Negative,"seed_genres=dark-ambient,cinematic&target_valence=0.00&target_energy=0.30","Using the Spotify Search API, find one track that evokes the feeling of ""Quiet Alert"". Return the single best matching track.","Atmospheric conditions around {subject} show a tightening pressure zone interacting with a tense, loaded boundary, producing variable patterns. A a settling hush near the ground is expected to persist through the period, shaping the overall outlook for this area.",Alert | Defending | Quiet,The Low Smothered Warning
Fear,Anger,Joy,{{subject}},{{pronoun}},"{{subject}} evokes feelings of tight caution that tighten your focus, threaded together with protective heat, then colored by warm lift. It can feel like your body is quietly running a safety check before it commits.

You might begin by simply noticing these responses in your body without arguing with them. From there, give some room to the caution and the heat, and let the warmth soften the edges so you can stay present without forcing anything.",-0.6000000000000000,Strongly Negative,"seed_genres=dark-ambient,cinematic&target_valence=0.20&target_energy=0.34","Using the Spotify Search API, find one track that evokes the feeling of ""Open Alert"". Return the single best matching track.","Atmospheric conditions around {subject} show a low visibility field interacting with a tense, loaded boundary, producing variable patterns. A a quiet bright layer above is expected to persist through the period, shaping the overall outlook for this area.",Alert | Defending | Open,The Thin Vulnerable Beacon
Fear,Anger,Withdrawing,{{subject}},{{pronoun}},"{{subject}} evokes feelings of tight caution that tighten your focus, threaded together with protective heat, then colored by a need for space. It can feel like your body is quietly running a safety check before it commits.

You might begin by simply noticing these responses in your body without arguing with them. From there, give some room to the caution and the heat, and honor the the need for space by giving yourself room to breathe before deciding what you want to do.",-0.8400000000000000,Strongly Negative,"seed_genres=dark-ambient,cinematic&target_valence=0.08&target_energy=0.32","Using the Spotify Search API, find one track that evokes the feeling of ""Objective Alert"". Return the single best matching track.","Atmospheric conditions around {subject} show a tightening pressure zone interacting with a tense, loaded boundary, producing variable patterns. A an open still band on the horizon is expected to persist through the period, shaping the overall outlook for this area.",Alert | Defending | Objective,The Flat Blank Flare
Fear,Anger,Sadness,{{subject}},{{pronoun}},"{{subject}} evokes feelings of tight caution that tighten your focus, threaded together with protective heat, then colored by soft heaviness. It can feel like your body is quietly running a safety check before it commits.

You might begin by simply noticing these responses in your body without arguing with them. From there, give some room to the caution and the heat, and treat the heaviness as a signal to slow down and stay close to what really matters here.",-1.0,Strongly Negative,"seed_genres=dark-ambient,cinematic&target_valence=0.00&target_energy=0.30","Using the Spotify Search API, find one track that evokes the feeling of ""Tender Alert"". Return the single best matching track.","Atmospheric conditions around {subject} show a low visibility field interacting with a tense, loaded boundary, producing variable patterns. A a soft descending mist layer is expected to persist through the period, shaping the overall outlook for this area.",Alert | Defending | Tender,The Sore Bruised Alarm
Fear,Anger,Surprise,{{subject}},{{pronoun}},"{{subject}} evokes feelings of tight caution that tighten your focus, threaded together with protective heat, then colored by a sharp jolt. It can feel like your body is quietly running a safety check before it commits.

You might begin by simply noticing these responses in your body without arguing with them. From there, give some room to the caution and the heat, and use the the jolt as a brief pause to reset, then decide what pace actually feels right.",-0.8,Strongly Negative,"seed_genres=dark-ambient,cinematic&target_valence=0.10&target_energy=0.32","Using the Spotify Search API, find one track that evokes the feeling of ""New Alert"". Return the single best matching track.","Atmospheric conditions around {subject} show a tightening pressure zone interacting with a sharp heated edge, producing variable patterns. A a patchy scattering pattern aloft is expected to persist through the period, shaping the overall outlook for this area.",Alert | Defending | New,The Sudden Startling Alert
Fear,Curiosity,Anger,{{subject}},{{pronoun}},"{{subject}} evokes feelings of tight caution that tighten your focus, threaded together with steady interest, then colored by protective heat. It can feel like your body is quietly running a safety check before it commits.

You might begin by simply noticing these responses in your body without arguing with them. From there, give some room to the caution and the interest, and let the heat help you name what is okay and what is not as you relate to {subject}.",-0.4,Gently Negative,"seed_genres=dark-ambient,cinematic&target_valence=0.30&target_energy=0.36","Using the Spotify Search API, find one track that evokes the feeling of ""Firm Alert"". Return the single best matching track.","Atmospheric conditions around {subject} show a low visibility field interacting with light curious drift, producing variable patterns. A a heated residue trailing the system is expected to persist through the period, shaping the overall outlook for this area.",Alert | Exploring | Firm,The Hard Unyielding Signal
Fear,Curiosity,Disgust,{{subject}},{{pronoun}},"{{subject}} evokes feelings of tight caution that tighten your focus, threaded together with steady interest, then colored by an inner no. It can feel like your body is quietly running a safety check before it commits.

You might begin by simply noticing these responses in your body without arguing with them. From there, give some room to the caution and the interest, and use the the inner no to sort what belongs close and what needs more distance.",-0.4,Gently Negative,"seed_genres=dark-ambient,cinematic&target_valence=0.30&target_energy=0.36","Using the Spotify Search API, find one track that evokes the feeling of ""Decisive Alert"". Return the single best matching track.","Atmospheric conditions around {subject} show a cold cautious draft interacting with light curious drift, producing variable patterns. A a thin acidic drift at altitude is expected to persist through the period, shaping the overall outlook for this area.",Alert | Exploring | Decisive,The Relentless Harsh Warning
Fear,Curiosity,Dropping,{{subject}},{{pronoun}},"{{subject}} evokes feelings of tight caution that tighten your focus, threaded together with steady interest, then colored by a small collapse inside. It can feel like your body is quietly running a safety check before it commits.

You might begin by simply noticing these responses in your body without arguing with them. From there, give some room to the caution and the interest, and let the the collapse remind you to move gently and offer yourself a bit more support around {subject}.",-0.4,Gently Negative,"seed_genres=dark-ambient,cinematic&target_valence=0.30&target_energy=0.36","Using the Spotify Search API, find one track that evokes the feeling of ""Quiet Alert"". Return the single best matching track.","Atmospheric conditions around {subject} show a tightening pressure zone interacting with restless tilting currents, producing variable patterns. A a settling hush near the ground is expected to persist through the period, shaping the overall outlook for this area.",Alert | Exploring | Quiet,The Hushed Sinking Beacon
Fear,Curiosity,Joy,{{subject}},{{pronoun}},"{{subject}} evokes feelings of tight caution that tighten your focus, threaded together with steady interest, then colored by warm lift. It can feel like your body is quietly running a safety check before it commits.

You might begin by simply noticing these responses in your body without arguing with them. From there, give some room to the caution and the interest, and let the warmth soften the edges so you can stay present without forcing anything.",0.0,Mixed / Neutral,"seed_genres=dark-ambient,cinematic&target_valence=0.50&target_energy=0.40","Using the Spotify Search API, find one track that evokes the feeling of ""Open Alert"". Return the single best matching track.","Atmospheric conditions around {subject} show a low visibility field interacting with restless tilting currents, producing variable patterns. A a quiet bright layer above is expected to persist through the period, shaping the overall outlook for this area.",Alert | Exploring | Open,The Open Plain Flare
Fear,Curiosity,Withdrawing,{{subject}},{{pronoun}},"{{subject}} evokes feelings of tight caution that tighten your focus, threaded together with steady interest, then colored by a need for space. It can feel like your body is quietly running a safety check before it commits.

You might begin by simply noticing these responses in your body without arguing with them. From there, give some room to the caution and the interest, and honor the the need for space by giving yourself room to breathe before deciding what you want to do.",-0.24,Gently Negative,"seed_genres=dark-ambient,cinematic&target_valence=0.38&target_energy=0.38","Using the Spotify Search API, find one track that evokes the feeling of ""Objective Alert"". Return the single best matching track.","Atmospheric conditions around {subject} show a cold cautious draft interacting with light curious drift, producing variable patterns. A an open still band on the horizon is expected to persist through the period, shaping the overall outlook for this area.",Alert | Exploring | Objective,The Cold Distant Alarm
Fear,Curiosity,Sadness,{{subject}},{{pronoun}},"{{subject}} evokes feelings of tight caution that tighten your focus, threaded together with steady interest, then colored by soft heaviness. It can feel like your body is quietly running a safety check before it commits.

You might begin by simply noticing these responses in your body without arguing with them. From there, give some room to the caution and the interest, and treat the heaviness as a signal to slow down and stay close to what really matters here.",-0.4,Gently Negative,"seed_genres=dark-ambient,cinematic&target_valence=0.30&target_energy=0.36","Using the Spotify Search API, find one track that evokes the feeling of ""Tender Alert"". Return the single best matching track.","Atmospheric conditions around {subject} show a cold cautious draft interacting with patchy exploratory flow, producing variable patterns. A a soft descending mist layer is expected to persist through the period, shaping the overall outlook for this area.",Alert | Exploring | Tender,The Raw Fragile Alert
Fear,Curiosity,Surprise,{{subject}},{{pronoun}},"{{subject}} evokes feelings of tight caution that tighten your focus, threaded together with steady interest, then colored by a sharp jolt. It can feel like your body is quietly running a safety check before it commits.

You might begin by simply noticing these responses in your body without arguing with them. From there, give some room to the caution and the interest, and use the the jolt as a brief pause to reset, then decide what pace actually feels right.",-0.2,Gently Negative,"seed_genres=dark-ambient,cinematic&target_valence=0.40&target_energy=0.38","Using the Spotify Search API, find one track that evokes the feeling of ""New Alert"". Return the single best matching track.","Atmospheric conditions around {subject} show a tightening pressure zone interacting with light curious drift, producing variable patterns. A a brief flicker in the upper air is expected to persist through the period, shaping the overall outlook for this area.",Alert | Exploring | New,The Sharp Harsh Signal
Fear,Disgust,Anger,{{subject}},{{pronoun}},"{{subject}} evokes feelings of tight caution that tighten your focus, threaded together with an inner no, then colored by protective heat. It can feel like your body is quietly running a safety check before it commits.

You might begin by simply noticing these responses in your body without arguing with them. From there, give some room to the caution and the the inner no, and let the heat help you name what is okay and what is not as you relate to {subject}.",-1.0,Strongly Negative,"seed_genres=dark-ambient,cinematic&target_valence=0.00&target_energy=0.30","Using the Spotify Search API, find one track that evokes the feeling of ""Firm Alert"". Return the single best matching track.","Atmospheric conditions around {subject} show a cold cautious draft interacting with irregular abrasive currents, producing variable patterns. A a heated residue trailing the system is expected to persist through the period, shaping the overall outlook for this area.",Alert | Rejecting | Firm,The Fixed Severe Warning
Fear,Disgust,Curiosity,{{subject}},{{pronoun}},"{{subject}} evokes feelings of tight caution that tighten your focus, threaded together with an inner no, then colored by steady interest. It can feel like your body is quietly running a safety check before it commits.

You might begin by simply noticing these responses in your body without arguing with them. From there, give some room to the caution and the the inner no, and let the interest gently invite you to stay curious without rushing your next move.",-0.6000000000000000,Strongly Negative,"seed_genres=dark-ambient,cinematic&target_valence=0.20&target_energy=0.34","Using the Spotify Search API, find one track that evokes the feeling of ""Flexible Alert"". Return the single best matching track.","Atmospheric conditions around {subject} show a low visibility field interacting with harsh particulate air, producing variable patterns. A a light exploratory shimmer aloft is expected to persist through the period, shaping the overall outlook for this area.",Alert | Rejecting | Flexible,The Slippery Shifting Beacon
Fear,Disgust,Dropping,{{subject}},{{pronoun}},"{{subject}} evokes feelings of tight caution that tighten your focus, threaded together with an inner no, then colored by a small collapse inside. It can feel like your body is quietly running a safety check before it commits.

You might begin by simply noticing these responses in your body without arguing with them. From there, give some room to the caution and the the inner no, and let the the collapse remind you to move gently and offer yourself a bit more support around {subject}.",-1.0,Strongly Negative,"seed_genres=dark-ambient,cinematic&target_valence=0.00&target_energy=0.30","Using the Spotify Search API, find one track that evokes the feeling of ""Quiet Alert"". Return the single best matching track.","Atmospheric conditions around {subject} show a tightening pressure zone interacting with harsh particulate air, producing variable patterns. A a low dim undertone in the field is expected to persist through the period, shaping the overall outlook for this area.",Alert | Rejecting | Quiet,The Muted Dim Flare
Fear,Disgust,Joy,{{subject}},{{pronoun}},"{{subject}} evokes feelings of tight caution that tighten your focus, threaded together with an inner no, then colored by warm lift. It can feel like your body is quietly running a safety check before it commits.

You might begin by simply noticing these responses in your body without arguing with them. From there, give some room to the caution and the the inner no, and let the warmth soften the edges so you can stay present without forcing anything.",-0.6000000000000000,Strongly Negative,"seed_genres=dark-ambient,cinematic&target_valence=0.20&target_energy=0.34","Using the Spotify Search API, find one track that evokes the feeling of ""Open Alert"". Return the single best matching track.","Atmospheric conditions around {subject} show a cold cautious draft interacting with a coarse turning gust, producing variable patterns. A a quiet bright layer above is expected to persist through the period, shaping the overall outlook for this area.",Alert | Rejecting | Open,The Raw Unprotected Alarm
Fear,Disgust,Withdrawing,{{subject}},{{pronoun}},"{{subject}} evokes feelings of tight caution that tighten your focus, threaded together with an inner no, then colored by a need for space. It can feel like your body is quietly running a safety check before it commits.

You might begin by simply noticing these responses in your body without arguing with them. From there, give some room to the caution and the the inner no, and honor the the need for space by giving yourself room to breathe before deciding what you want to do.",-0.8400000000000000,Strongly Negative,"seed_genres=dark-ambient,cinematic&target_valence=0.08&target_energy=0.32","Using the Spotify Search API, find one track that evokes the feeling of ""Objective Alert"". Return the single best matching track.","Atmospheric conditions around {subject} show a low visibility field interacting with a coarse turning gust, producing variable patterns. A an open still band on the horizon is expected to persist through the period, shaping the overall outlook for this area.",Alert | Rejecting | Objective,The Cool Removed Alert
Fear,Disgust,Sadness,{{subject}},{{pronoun}},"{{subject}} evokes feelings of tight caution that tighten your focus, threaded together with an inner no, then colored by soft heaviness. It can feel like your body is quietly running a safety check before it commits.

You might begin by simply noticing these responses in your body without arguing with them. From there, give some room to the caution and the the inner no, and treat the heaviness as a signal to slow down and stay close to what really matters here.",-1.0,Strongly Negative,"seed_genres=dark-ambient,cinematic&target_valence=0.00&target_energy=0.30","Using the Spotify Search API, find one track that evokes the feeling of ""Tender Alert"". Return the single best matching track.","Atmospheric conditions around {subject} show a tightening pressure zone interacting with harsh particulate air, producing variable patterns. A a tender gray overcast above is expected to persist through the period, shaping the overall outlook for this area.",Alert | Rejecting | Tender,The Exposed Frayed Signal
Fear,Disgust,Surprise,{{subject}},{{pronoun}},"{{subject}} evokes feelings of tight caution that tighten your focus, threaded together with an inner no, then colored by a sharp jolt. It can feel like your body is quietly running a safety check before it commits.

You might begin by simply noticing these responses in your body without arguing with them. From there, give some room to the caution and the the inner no, and use the the jolt as a brief pause to reset, then decide what pace actually feels right.",-0.8,Strongly Negative,"seed_genres=dark-ambient,cinematic&target_valence=0.10&target_energy=0.32","Using the Spotify Search API, find one track that evokes the feeling of ""New Alert"". Return the single best matching track.","Atmospheric conditions around {subject} show a low visibility field interacting with harsh particulate air, producing variable patterns. A a patchy scattering pattern aloft is expected to persist through the period, shaping the overall outlook for this area.",Alert | Rejecting | New,The Jarring Abrupt Warning
Fear,Dropping,Anger,{{subject}},{{pronoun}},"{{subject}} evokes feelings of tight caution that tighten your focus, threaded together with a small collapse inside, then colored by protective heat. It can feel like your body is quietly running a safety check before it commits.

You might begin by simply noticing these responses in your body without arguing with them. From there, give some room to the caution and the the collapse, and let the heat help you name what is okay and what is not as you relate to {subject}.",-1.0,Strongly Negative,"seed_genres=dark-ambient,cinematic&target_valence=0.00&target_energy=0.30","Using the Spotify Search API, find one track that evokes the feeling of ""Firm Alert"". Return the single best matching track.","Atmospheric conditions around {subject} show a tightening pressure zone interacting with sinking trailing clouds, producing variable patterns. A a thin aggressive echo aloft is expected to persist through the period, shaping the overall outlook for this area.",Alert | Yielding | Firm,The Tense Rigid Beacon
Fear,Dropping,Curiosity,{{subject}},{{pronoun}},"{{subject}} evokes feelings of tight caution that tighten your focus, threaded together with a small collapse inside, then colored by steady interest. It can feel like your body is quietly running a safety check before it commits.

You might begin by simply noticing these responses in your body without arguing with them. From there, give some room to the caution and the the collapse, and let the interest gently invite you to stay curious without rushing your next move.",-0.6000000000000000,Strongly Negative,"seed_genres=dark-ambient,cinematic&target_valence=0.20&target_energy=0.34","Using the Spotify Search API, find one track that evokes the feeling of ""Flexible Alert"". Return the single best matching track.","Atmospheric conditions around {subject} show a cold cautious draft interacting with sinking trailing clouds, producing variable patterns. A thin curiosity haze is expected to persist through the period, shaping the overall outlook for this area.",Alert | Yielding | Flexible,The Tense Uneasy Flare
Fear,Dropping,Disgust,{{subject}},{{pronoun}},"{{subject}} evokes feelings of tight caution that tighten your focus, threaded together with a small collapse inside, then colored by an inner no. It can feel like your body is quietly running a safety check before it commits.

You might begin by simply noticing these responses in your body without arguing with them. From there, give some room to the caution and the the collapse, and use the the inner no to sort what belongs close and what needs more distance.",-1.0,Strongly Negative,"seed_genres=dark-ambient,cinematic&target_valence=0.00&target_energy=0.30","Using the Spotify Search API, find one track that evokes the feeling of ""Decisive Alert"". Return the single best matching track.","Atmospheric conditions around {subject} show a low visibility field interacting with sinking trailing clouds, producing variable patterns. A a thin acidic drift at altitude is expected to persist through the period, shaping the overall outlook for this area.",Alert | Yielding | Decisive,The Severe Cutting Alarm
Fear,Dropping,Joy,{{subject}},{{pronoun}},"{{subject}} evokes feelings of tight caution that tighten your focus, threaded together with a small collapse inside, then colored by warm lift. It can feel like your body is quietly running a safety check before it commits.

You might begin by simply noticing these responses in your body without arguing with them. From there, give some room to the caution and the the collapse, and let the warmth soften the edges so you can stay present without forcing anything.",-0.6000000000000000,Strongly Negative,"seed_genres=dark-ambient,cinematic&target_valence=0.20&target_energy=0.34","Using the Spotify Search API, find one track that evokes the feeling of ""Open Alert"". Return the single best matching track.","Atmospheric conditions around {subject} show a tightening pressure zone interacting with a fading underside layer, producing variable patterns. A a quiet bright layer above is expected to persist through the period, shaping the overall outlook for this area.",Alert | Yielding | Open,The Thin Vulnerable Alert
Fear,Dropping,Withdrawing,{{subject}},{{pronoun}},"{{subject}} evokes feelings of tight caution that tighten your focus, threaded together with a small collapse inside, then colored by a need for space. It can feel like your body is quietly running a safety check before it commits.

You might begin by simply noticing these responses in your body without arguing with them. From there, give some room to the caution and the the collapse, and honor the the need for space by giving yourself room to breathe before deciding what you want to do.",-0.8400000000000000,Strongly Negative,"seed_genres=dark-ambient,cinematic&target_valence=0.08&target_energy=0.32","Using the Spotify Search API, find one track that evokes the feeling of ""Objective Alert"". Return the single best matching track.","Atmospheric conditions around {subject} show a cold cautious draft interacting with a fading underside layer, producing variable patterns. A a broad quiet layer at the margins is expected to persist through the period, shaping the overall outlook for this area.",Alert | Yielding | Objective,The Flat Blank Signal
Fear,Dropping,Sadness,{{subject}},{{pronoun}},"{{subject}} evokes feelings of tight caution that tighten your focus, threaded together with a small collapse inside, then colored by soft heaviness. It can feel like your body is quietly running a safety check before it commits.

You might begin by simply noticing these responses in your body without arguing with them. From there, give some room to the caution and the the collapse, and treat the heaviness as a signal to slow down and stay close to what really matters here.",-1.0,Strongly Negative,"seed_genres=dark-ambient,cinematic&target_valence=0.00&target_energy=0.30","Using the Spotify Search API, find one track that evokes the feeling of ""Tender Alert"". Return the single best matching track.","Atmospheric conditions around {subject} show a cold cautious draft interacting with a fading underside layer, producing variable patterns. A a tender gray overcast above is expected to persist through the period, shaping the overall outlook for this area.",Alert | Yielding | Tender,The Sore Bruised Warning
Fear,Dropping,Surprise,{{subject}},{{pronoun}},"{{subject}} evokes feelings of tight caution that tighten your focus, threaded together with a small collapse inside, then colored by a sharp jolt. It can feel like your body is quietly running a safety check before it commits.

You might begin by simply noticing these responses in your body without arguing with them. From there, give some room to the caution and the the collapse, and use the the jolt as a brief pause to reset, then decide what pace actually feels right.",-0.8,Strongly Negative,"seed_genres=dark-ambient,cinematic&target_valence=0.10&target_energy=0.32","Using the Spotify Search API, find one track that evokes the feeling of ""New Alert"". Return the single best matching track.","Atmospheric conditions around {subject} show a tightening pressure zone interacting with sinking trailing clouds, producing variable patterns. A a patchy scattering pattern aloft is expected to persist through the period, shaping the overall outlook for this area.",Alert | Yielding | New,The Sudden Startling Beacon
Fear,Joy,Anger,{{subject}},{{pronoun}},"{{subject}} evokes feelings of tight caution that tighten your focus, threaded together with warm lift, then colored by protective heat. It can feel like your body is quietly running a safety check before it commits.

You might begin by simply noticing these responses in your body without arguing with them. From there, give some room to the caution and the warmth, and let the heat help you name what is okay and what is not as you relate to {subject}.",-0.4,Gently Negative,"seed_genres=dark-ambient,cinematic&target_valence=0.30&target_energy=0.36","Using the Spotify Search API, find one track that evokes the feeling of ""Firm Alert"". Return the single best matching track.","Atmospheric conditions around {subject} show a tightening pressure zone interacting with soft warming air, producing variable patterns. A a heated residue trailing the system is expected to persist through the period, shaping the overall outlook for this area.",Alert | Bonding | Firm,The Hard Unyielding Flare
Fear,Joy,Curiosity,{{subject}},{{pronoun}},"{{subject}} evokes feelings of tight caution that tighten your focus, threaded together with warm lift, then colored by steady interest. It can feel like your body is quietly running a safety check before it commits.

You might begin by simply noticing these responses in your body without arguing with them. From there, give some room to the caution and the warmth, and let the interest gently invite you to stay curious without rushing your next move.",0.0,Mixed / Neutral,"seed_genres=dark-ambient,cinematic&target_valence=0.50&target_energy=0.40","Using the Spotify Search API, find one track that evokes the feeling of ""Flexible Alert"". Return the single best matching track.","Atmospheric conditions around {subject} show a tightening pressure zone interacting with gentle lifting pockets, producing variable patterns. A thin curiosity haze is expected to persist through the period, shaping the overall outlook for this area.",Alert | Bonding | Flexible,The Supple Leaning Alarm
Fear,Joy,Disgust,{{subject}},{{pronoun}},"{{subject}} evokes feelings of tight caution that tighten your focus, threaded together with warm lift, then colored by an inner no. It can feel like your body is quietly running a safety check before it commits.

You might begin by simply noticing these responses in your body without arguing with them. From there, give some room to the caution and the warmth, and use the the inner no to sort what belongs close and what needs more distance.",-0.4,Gently Negative,"seed_genres=dark-ambient,cinematic&target_valence=0.30&target_energy=0.36","Using the Spotify Search API, find one track that evokes the feeling of ""Decisive Alert"". Return the single best matching track.","Atmospheric conditions around {subject} show a low visibility field interacting with soft warming air, producing variable patterns. A a sharp edge in the higher air is expected to persist through the period, shaping the overall outlook for this area.",Alert | Bonding | Decisive,The Sharp Final Alert
Fear,Joy,Dropping,{{subject}},{{pronoun}},"{{subject}} evokes feelings of tight caution that tighten your focus, threaded together with warm lift, then colored by a small collapse inside. It can feel like your body is quietly running a safety check before it commits.

You might begin by simply noticing these responses in your body without arguing with them. From there, give some room to the caution and the warmth, and let the the collapse remind you to move gently and offer yourself a bit more support around {subject}.",-0.4,Gently Negative,"seed_genres=dark-ambient,cinematic&target_valence=0.30&target_energy=0.36","Using the Spotify Search API, find one track that evokes the feeling of ""Quiet Alert"". Return the single best matching track.","Atmospheric conditions around {subject} show a tightening pressure zone interacting with gentle lifting pockets, producing variable patterns. A a settling hush near the ground is expected to persist through the period, shaping the overall outlook for this area.",Alert | Bonding | Quiet,The Low Smothered Signal
Fear,Joy,Withdrawing,{{subject}},{{pronoun}},"{{subject}} evokes feelings of tight caution that tighten your focus, threaded together with warm lift, then colored by a need for space. It can feel like your body is quietly running a safety check before it commits.

You might begin by simply noticing these responses in your body without arguing with them. From there, give some room to the caution and the warmth, and honor the the need for space by giving yourself room to breathe before deciding what you want to do.",-0.24,Gently Negative,"seed_genres=dark-ambient,cinematic&target_valence=0.38&target_energy=0.38","Using the Spotify Search API, find one track that evokes the feeling of ""Objective Alert"". Return the single best matching track.","Atmospheric conditions around {subject} show a cold cautious draft interacting with soft warming air, producing variable patterns. A a broad quiet layer at the margins is expected to persist through the period, shaping the overall outlook for this area.",Alert | Bonding | Objective,The Cold Distant Warning
Fear,Joy,Sadness,{{subject}},{{pronoun}},"{{subject}} evokes feelings of tight caution that tighten your focus, threaded together with warm lift, then colored by soft heaviness. It can feel like your body is quietly running a safety check before it commits.

You might begin by simply noticing these responses in your body without arguing with them. From there, give some room to the caution and the warmth, and treat the heaviness as a signal to slow down and stay close to what really matters here.",-0.4,Gently Negative,"seed_genres=dark-ambient,cinematic&target_valence=0.30&target_energy=0.36","Using the Spotify Search API, find one track that evokes the feeling of ""Tender Alert"". Return the single best matching track.","Atmospheric conditions around {subject} show a cold cautious draft interacting with soft warming air, producing variable patterns. A a soft descending mist layer is expected to persist through the period, shaping the overall outlook for this area.",Alert | Bonding | Tender,The Raw Fragile Beacon
Fear,Joy,Surprise,{{subject}},{{pronoun}},"{{subject}} evokes feelings of tight caution that tighten your focus, threaded together with warm lift, then colored by a sharp jolt. It can feel like your body is quietly running a safety check before it commits.

You might begin by simply noticing these responses in your body without arguing with them. From there, give some room to the caution and the warmth, and use the the jolt as a brief pause to reset, then decide what pace actually feels right.",-0.2,Gently Negative,"seed_genres=dark-ambient,cinematic&target_valence=0.40&target_energy=0.38","Using the Spotify Search API, find one track that evokes the feeling of ""New Alert"". Return the single best matching track.","Atmospheric conditions around {subject} show a low visibility field interacting with gentle lifting pockets, producing variable patterns. A a brief flicker in the upper air is expected to persist through the period, shaping the overall outlook for this area.",Alert | Bonding | New,The Sharp Harsh Flare
Fear,Withdrawing,Anger,{{subject}},{{pronoun}},"{{subject}} evokes feelings of tight caution that tighten your focus, threaded together with a need for space, then colored by protective heat. It can feel like your body is quietly running a safety check before it commits.

You might begin by simply noticing these responses in your body without arguing with them. From there, give some room to the caution and the the need for space, and let the heat help you name what is okay and what is not as you relate to {subject}.",-0.76,Strongly Negative,"seed_genres=dark-ambient,cinematic&target_valence=0.12&target_energy=0.32","Using the Spotify Search API, find one track that evokes the feeling of ""Firm Alert"". Return the single best matching track.","Atmospheric conditions around {subject} show a low visibility field interacting with expanding empty pockets, producing variable patterns. A a thin aggressive echo aloft is expected to persist through the period, shaping the overall outlook for this area.",Alert | Retreating | Firm,The Fixed Severe Alarm
Fear,Withdrawing,Curiosity,{{subject}},{{pronoun}},"{{subject}} evokes feelings of tight caution that tighten your focus, threaded together with a need for space, then colored by steady interest. It can feel like your body is quietly running a safety check before it commits.

You might begin by simply noticing these responses in your body without arguing with them. From there, give some room to the caution and the the need for space, and let the interest gently invite you to stay curious without rushing your next move.",-0.36,Gently Negative,"seed_genres=dark-ambient,cinematic&target_valence=0.32&target_energy=0.36","Using the Spotify Search API, find one track that evokes the feeling of ""Flexible Alert"". Return the single best matching track.","Atmospheric conditions around {subject} show a low visibility field interacting with a broad retreating zone, producing variable patterns. A thin curiosity haze is expected to persist through the period, shaping the overall outlook for this area.",Alert | Retreating | Flexible,The Slippery Shifting Alert
Fear,Withdrawing,Disgust,{{subject}},{{pronoun}},"{{subject}} evokes feelings of tight caution that tighten your focus, threaded together with a need for space, then colored by an inner no. It can feel like your body is quietly running a safety check before it commits.

You might begin by simply noticing these responses in your body without arguing with them. From there, give some room to the caution and the the need for space, and use the the inner no to sort what belongs close and what needs more distance.",-0.76,Strongly Negative,"seed_genres=dark-ambient,cinematic&target_valence=0.12&target_energy=0.32","Using the Spotify Search API, find one track that evokes the feeling of ""Decisive Alert"". Return the single best matching track.","Atmospheric conditions around {subject} show a tightening pressure zone interacting with expanding empty pockets, producing variable patterns. A a thin acidic drift at altitude is expected to persist through the period, shaping the overall outlook for this area.",Alert | Retreating | Decisive,The Relentless Harsh Signal
Fear,Withdrawing,Dropping,{{subject}},{{pronoun}},"{{subject}} evokes feelings of tight caution that tighten your focus, threaded together with a need for space, then colored by a small collapse inside. It can feel like your body is quietly running a safety check before it commits.

You might begin by simply noticing these responses in your body without arguing with them. From there, give some room to the caution and the the need for space, and let the the collapse remind you to move gently and offer yourself a bit more support around {subject}.",-0.76,Strongly Negative,"seed_genres=dark-ambient,cinematic&target_valence=0.12&target_energy=0.32","Using the Spotify Search API, find one track that evokes the feeling of ""Quiet Alert"". Return the single best matching track.","Atmospheric conditions around {subject} show a low visibility field interacting with expanding empty pockets, producing variable patterns. A a settling hush near the ground is expected to persist through the period, shaping the overall outlook for this area.",Alert | Retreating | Quiet,The Hushed Sinking Warning
Fear,Withdrawing,Joy,{{subject}},{{pronoun}},"{{subject}} evokes feelings of tight caution that tighten your focus, threaded together with a need for space, then colored by warm lift. It can feel like your body is quietly running a safety check before it commits.

You might begin by simply noticing these responses in your body without arguing with them. From there, give some room to the caution and the the need for space, and let the warmth soften the edges so you can stay present without forcing anything.",-0.36,Gently Negative,"seed_genres=dark-ambient,cinematic&target_valence=0.32&target_energy=0.36","Using the Spotify Search API, find one track that evokes the feeling of ""Open Alert"". Return the single best matching track.","Atmospheric conditions around {subject} show a cold cautious draft interacting with a broad retreating zone, producing variable patterns. A a quiet bright layer above is expected to persist through the period, shaping the overall outlook for this area.",Alert | Retreating | Open,The Exposed Bare Beacon
Fear,Withdrawing,Sadness,{{subject}},{{pronoun}},"{{subject}} evokes feelings of tight caution that tighten your focus, threaded together with a need for space, then colored by soft heaviness. It can feel like your body is quietly running a safety check before it commits.

You might begin by simply noticing these responses in your body without arguing with them. From there, give some room to the caution and the the need for space, and treat the heaviness as a signal to slow down and stay close to what really matters here.",-0.76,Strongly Negative,"seed_genres=dark-ambient,cinematic&target_valence=0.12&target_energy=0.32","Using the Spotify Search API, find one track that evokes the feeling of ""Tender Alert"". Return the single best matching track.","Atmospheric conditions around {subject} show a low visibility field interacting with a broad retreating zone, producing variable patterns. A a tender gray overcast above is expected to persist through the period, shaping the overall outlook for this area.",Alert | Retreating | Tender,The Exposed Frayed Flare
Fear,Withdrawing,Surprise,{{subject}},{{pronoun}},"{{subject}} evokes feelings of tight caution that tighten your focus, threaded together with a need for space, then colored by a sharp jolt. It can feel like your body is quietly running a safety check before it commits.

You might begin by simply noticing these responses in your body without arguing with them. From there, give some room to the caution and the the need for space, and use the the jolt as a brief pause to reset, then decide what pace actually feels right.",-0.56,Strongly Negative,"seed_genres=dark-ambient,cinematic&target_valence=0.22&target_energy=0.34","Using the Spotify Search API, find one track that evokes the feeling of ""New Alert"". Return the single best matching track.","Atmospheric conditions around {subject} show a tightening pressure zone interacting with expanding empty pockets, producing variable patterns. A a brief flicker in the upper air is expected to persist through the period, shaping the overall outlook for this area.",Alert | Retreating | New,The Jarring Abrupt Alarm
Fear,Sadness,Anger,{{subject}},{{pronoun}},"{{subject}} evokes feelings of tight caution that tighten your focus, threaded together with soft heaviness, then colored by protective heat. It can feel like your body is quietly running a safety check before it commits.

You might begin by simply noticing these responses in your body without arguing with them. From there, give some room to the caution and the heaviness, and let the heat help you name what is okay and what is not as you relate to {subject}.",-1.0,Strongly Negative,"seed_genres=dark-ambient,cinematic&target_valence=0.00&target_energy=0.30","Using the Spotify Search API, find one track that evokes the feeling of ""Firm Alert"". Return the single best matching track.","Atmospheric conditions around {subject} show a cold cautious draft interacting with a damp, heavy drift, producing variable patterns. A a thin aggressive echo aloft is expected to persist through the period, shaping the overall outlook for this area.",Alert | Grieving | Firm,The Tense Rigid Alert
Fear,Sadness,Curiosity,{{subject}},{{pronoun}},"{{subject}} evokes feelings of tight caution that tighten your focus, threaded together with soft heaviness, then colored by steady interest. It can feel like your body is quietly running a safety check before it commits.

You might begin by simply noticing these responses in your body without arguing with them. From there, give some room to the caution and the heaviness, and let the interest gently invite you to stay curious without rushing your next move.",-0.6000000000000000,Strongly Negative,"seed_genres=dark-ambient,cinematic&target_valence=0.20&target_energy=0.34","Using the Spotify Search API, find one track that evokes the feeling of ""Flexible Alert"". Return the single best matching track.","Atmospheric conditions around {subject} show a low visibility field interacting with muted rain bands, producing variable patterns. A thin curiosity haze is expected to persist through the period, shaping the overall outlook for this area.",Alert | Grieving | Flexible,The Tense Uneasy Signal
Fear,Sadness,Disgust,{{subject}},{{pronoun}},"{{subject}} evokes feelings of tight caution that tighten your focus, threaded together with soft heaviness, then colored by an inner no. It can feel like your body is quietly running a safety check before it commits.

You might begin by simply noticing these responses in your body without arguing with them. From there, give some room to the caution and the heaviness, and use the the inner no to sort what belongs close and what needs more distance.",-1.0,Strongly Negative,"seed_genres=dark-ambient,cinematic&target_valence=0.00&target_energy=0.30","Using the Spotify Search API, find one track that evokes the feeling of ""Decisive Alert"". Return the single best matching track.","Atmospheric conditions around {subject} show a cold cautious draft interacting with slow trailing showers, producing variable patterns. A a thin acidic drift at altitude is expected to persist through the period, shaping the overall outlook for this area.",Alert | Grieving | Decisive,The Severe Cutting Warning
Fear,Sadness,Dropping,{{subject}},{{pronoun}},"{{subject}} evokes feelings of tight caution that tighten your focus, threaded together with soft heaviness, then colored by a small collapse inside. It can feel like your body is quietly running a safety check before it commits.

You might begin by simply noticing these responses in your body without arguing with them. From there, give some room to the caution and the heaviness, and let the the collapse remind you to move gently and offer yourself a bit more support around {subject}.",-1.0,Strongly Negative,"seed_genres=dark-ambient,cinematic&target_valence=0.00&target_energy=0.30","Using the Spotify Search API, find one track that evokes the feeling of ""Quiet Alert"". Return the single best matching track.","Atmospheric conditions around {subject} show a tightening pressure zone interacting with muted rain bands, producing variable patterns. A a low dim undertone in the field is expected to persist through the period, shaping the overall outlook for this area.",Alert | Grieving | Quiet,The Muted Dim Beacon
Fear,Sadness,Joy,{{subject}},{{pronoun}},"{{subject}} evokes feelings of tight caution that tighten your focus, threaded together with soft heaviness, then colored by warm lift. It can feel like your body is quietly running a safety check before it commits.

You might begin by simply noticing these responses in your body without arguing with them. From there, give some room to the caution and the heaviness, and let the warmth soften the edges so you can stay present without forcing anything.",-0.6000000000000000,Strongly Negative,"seed_genres=dark-ambient,cinematic&target_valence=0.20&target_energy=0.34","Using the Spotify Search API, find one track that evokes the feeling of ""Open Alert"". Return the single best matching track.","Atmospheric conditions around {subject} show a cold cautious draft interacting with muted rain bands, producing variable patterns. A a soft warming undercurrent is expected to persist through the period, shaping the overall outlook for this area.",Alert | Grieving | Open,The Raw Unprotected Flare
Fear,Sadness,Withdrawing,{{subject}},{{pronoun}},"{{subject}} evokes feelings of tight caution that tighten your focus, threaded together with soft heaviness, then colored by a need for space. It can feel like your body is quietly running a safety check before it commits.

You might begin by simply noticing these responses in your body without arguing with them. From there, give some room to the caution and the heaviness, and honor the the need for space by giving yourself room to breathe before deciding what you want to do.",-0.8400000000000000,Strongly Negative,"seed_genres=dark-ambient,cinematic&target_valence=0.08&target_energy=0.32","Using the Spotify Search API, find one track that evokes the feeling of ""Objective Alert"". Return the single best matching track.","Atmospheric conditions around {subject} show a tightening pressure zone interacting with a damp, heavy drift, producing variable patterns. A an open still band on the horizon is expected to persist through the period, shaping the overall outlook for this area.",Alert | Grieving | Objective,The Cool Removed Alarm
Fear,Sadness,Surprise,{{subject}},{{pronoun}},"{{subject}} evokes feelings of tight caution that tighten your focus, threaded together with soft heaviness, then colored by a sharp jolt. It can feel like your body is quietly running a safety check before it commits.

You might begin by simply noticing these responses in your body without arguing with them. From there, give some room to the caution and the heaviness, and use the the jolt as a brief pause to reset, then decide what pace actually feels right.",-0.8,Strongly Negative,"seed_genres=dark-ambient,cinematic&target_valence=0.10&target_energy=0.32","Using the Spotify Search API, find one track that evokes the feeling of ""New Alert"". Return the single best matching track.","Atmospheric conditions around {subject} show a low visibility field interacting with a damp, heavy drift, producing variable patterns. A a brief flicker in the upper air is expected to persist through the period, shaping the overall outlook for this area.",Alert | Grieving | New,The Sudden Startling Alert
Fear,Surprise,Anger,{{subject}},{{pronoun}},"{{subject}} evokes feelings of tight caution that tighten your focus, threaded together with a sharp jolt, then colored by protective heat. It can feel like your body is quietly running a safety check before it commits.

You might begin by simply noticing these responses in your body without arguing with them. From there, give some room to the caution and the the jolt, and let the heat help you name what is okay and what is not as you relate to {subject}.",-0.7,Strongly Negative,"seed_genres=dark-ambient,cinematic&target_valence=0.15&target_energy=0.33","Using the Spotify Search API, find one track that evokes the feeling of ""Firm Alert"". Return the single best matching track.","Atmospheric conditions around {subject} show a cold cautious draft interacting with brief unexpected shifts, producing variable patterns. A a heated residue trailing the system is expected to persist through the period, shaping the overall outlook for this area.",Alert | Clearing | Firm,The Hard Unyielding Signal
Fear,Surprise,Curiosity,{{subject}},{{pronoun}},"{{subject}} evokes feelings of tight caution that tighten your focus, threaded together with a sharp jolt, then colored by steady interest. It can feel like your body is quietly running a safety check before it commits.

You might begin by simply noticing these responses in your body without arguing with them. From there, give some room to the caution and the the jolt, and let the interest gently invite you to stay curious without rushing your next move.",-0.3,Gently Negative,"seed_genres=dark-ambient,cinematic&target_valence=0.35&target_energy=0.37","Using the Spotify Search API, find one track that evokes the feeling of ""Flexible Alert"". Return the single best matching track.","Atmospheric conditions around {subject} show a low visibility field interacting with brief unexpected shifts, producing variable patterns. A a light exploratory shimmer aloft is expected to persist through the period, shaping the overall outlook for this area.",Alert | Clearing | Flexible,The Wavering Unsteady Warning
Fear,Surprise,Disgust,{{subject}},{{pronoun}},"{{subject}} evokes feelings of tight caution that tighten your focus, threaded together with a sharp jolt, then colored by an inner no. It can feel like your body is quietly running a safety check before it commits.

You might begin by simply noticing these responses in your body without arguing with them. From there, give some room to the caution and the the jolt, and use the the inner no to sort what belongs close and what needs more distance.",-0.7,Strongly Negative,"seed_genres=dark-ambient,cinematic&target_valence=0.15&target_energy=0.33","Using the Spotify Search API, find one track that evokes the feeling of ""Decisive Alert"". Return the single best matching track.","Atmospheric conditions around {subject} show a cold cautious draft interacting with brief unexpected shifts, producing variable patterns. A a sharp edge in the higher air is expected to persist through the period, shaping the overall outlook for this area.",Alert | Clearing | Decisive,The Sharp Final Beacon
Fear,Surprise,Dropping,{{subject}},{{pronoun}},"{{subject}} evokes feelings of tight caution that tighten your focus, threaded together with a sharp jolt, then colored by a small collapse inside. It can feel like your body is quietly running a safety check before it commits.

You might begin by simply noticing these responses in your body without arguing with them. From there, give some room to the caution and the the jolt, and let the the collapse remind you to move gently and offer yourself a bit more support around {subject}.",-0.7,Strongly Negative,"seed_genres=dark-ambient,cinematic&target_valence=0.15&target_energy=0.33","Using the Spotify Search API, find one track that evokes the feeling of ""Quiet Alert"". Return the single best matching track.","Atmospheric conditions around {subject} show a tightening pressure zone interacting with brief unexpected shifts, producing variable patterns. A a low dim undertone in the field is expected to persist through the period, shaping the overall outlook for this area.",Alert | Clearing | Quiet,The Low Smothered Flare
Fear,Surprise,Joy,{{subject}},{{pronoun}},"{{subject}} evokes feelings of tight caution that tighten your focus, threaded together with a sharp jolt, then colored by warm lift. It can feel like your body is quietly running a safety check before it commits.

You might begin by simply noticing these responses in your body without arguing with them. From there, give some room to the caution and the the jolt, and let the warmth soften the edges so you can stay present without forcing anything.",-0.3,Gently Negative,"seed_genres=dark-ambient,cinematic&target_valence=0.35&target_energy=0.37","Using the Spotify Search API, find one track that evokes the feeling of ""Open Alert"". Return the single best matching track.","Atmospheric conditions around {subject} show a tightening pressure zone interacting with broken, shifting patches, producing variable patterns. A a soft warming undercurrent is expected to persist through the period, shaping the overall outlook for this area.",Alert | Clearing | Open,The Thin Vulnerable Alarm
Fear,Surprise,Withdrawing,{{subject}},{{pronoun}},"{{subject}} evokes feelings of tight caution that tighten your focus, threaded together with a sharp jolt, then colored by a need for space. It can feel like your body is quietly running a safety check before it commits.

You might begin by simply noticing these responses in your body without arguing with them. From there, give some room to the caution and the the jolt, and honor the the need for space by giving yourself room to breathe before deciding what you want to do.",-0.54,Strongly Negative,"seed_genres=dark-ambient,cinematic&target_valence=0.23&target_energy=0.35","Using the Spotify Search API, find one track that evokes the feeling of ""Objective Alert"". Return the single best matching track.","Atmospheric conditions around {subject} show a tightening pressure zone interacting with scattered short bursts, producing variable patterns. A a broad quiet layer at the margins is expected to persist through the period, shaping the overall outlook for this area.",Alert | Clearing | Objective,The Flat Blank Alert
Fear,Surprise,Sadness,{{subject}},{{pronoun}},"{{subject}} evokes feelings of tight caution that tighten your focus, threaded together with a sharp jolt, then colored by soft heaviness. It can feel like your body is quietly running a safety check before it commits.

You might begin by simply noticing these responses in your body without arguing with them. From there, give some room to the caution and the the jolt, and treat the heaviness as a signal to slow down and stay close to what really matters here.",-0.7,Strongly Negative,"seed_genres=dark-ambient,cinematic&target_valence=0.15&target_energy=0.33","Using the Spotify Search API, find one track that evokes the feeling of ""Tender Alert"". Return the single best matching track.","Atmospheric conditions around {subject} show a tightening pressure zone interacting with broken, shifting patches, producing variable patterns. A a tender gray overcast above is expected to persist through the period, shaping the overall outlook for this area.",Alert | Clearing | Tender,The Sore Bruised Signal
Joy,Anger,Curiosity,{{subject}},{{pronoun}},"{{subject}} evokes feelings of warm lift that open you up, mixed with protective heat, then shaded by steady interest. Your system leans toward connection here, even as it stays aware of what might shift or sting.

You might begin by simply noticing these responses in your body without arguing with them. From there, give some room to the warmth and the heat, and let the interest gently invite you to stay curious without rushing your next move.",0.4,Gently Positive,"seed_genres=indie-pop,neo-soul&target_valence=0.70&target_energy=0.74","Using the Spotify Search API, find one track that evokes the feeling of ""Flexible Connection"". Return the single best matching track.","Atmospheric conditions around {subject} show clear high-pressure skies interacting with a sharp heated edge, producing variable patterns. A a light exploratory shimmer aloft is expected to persist through the period, shaping the overall outlook for this area.",Connection | Defending | Flexible,The Flowing Playful Connection
Joy,Anger,Disgust,{{subject}},{{pronoun}},"{{subject}} evokes feelings of warm lift that open you up, mixed with protective heat, then shaded by an inner no. Your system leans toward connection here, even as it stays aware of what might shift or sting.

You might begin by simply noticing these responses in your body without arguing with them. From there, give some room to the warmth and the heat, and use the the inner no to sort what belongs close and what needs more distance.",0.0,Mixed / Neutral,"seed_genres=indie-pop,neo-soul&target_valence=0.50&target_energy=0.70","Using the Spotify Search API, find one track that evokes the feeling of ""Decisive Connection"". Return the single best matching track.","Atmospheric conditions around {subject} show a stable warm front interacting with a pressing hot strip, producing variable patterns. A a sharp edge in the higher air is expected to persist through the period, shaping the overall outlook for this area.",Connection | Defending | Decisive,The Definite Decisive Bond
Joy,Anger,Dropping,{{subject}},{{pronoun}},"{{subject}} evokes feelings of warm lift that open you up, mixed with protective heat, then shaded by a small collapse inside. Your system leans toward connection here, even as it stays aware of what might shift or sting.

You might begin by simply noticing these responses in your body without arguing with them. From there, give some room to the warmth and the heat, and let the the collapse remind you to move gently and offer yourself a bit more support around {subject}.",0.0,Mixed / Neutral,"seed_genres=indie-pop,neo-soul&target_valence=0.50&target_energy=0.70","Using the Spotify Search API, find one track that evokes the feeling of ""Quiet Connection"". Return the single best matching track.","Atmospheric conditions around {subject} show a stable warm front interacting with a pressing hot strip, producing variable patterns. A a low dim undertone in the field is expected to persist through the period, shaping the overall outlook for this area.",Connection | Defending | Quiet,The Dim Low Tie
Joy,Anger,Fear,{{subject}},{{pronoun}},"{{subject}} evokes feelings of warm lift that open you up, mixed with protective heat, then shaded by tight caution. Your system leans toward connection here, even as it stays aware of what might shift or sting.

You might begin by simply noticing these responses in your body without arguing with them. From there, give some room to the warmth and the heat, and honor the caution by moving in small steps and checking what feels safe as you go.",0.0,Mixed / Neutral,"seed_genres=indie-pop,neo-soul&target_valence=0.50&target_energy=0.70","Using the Spotify Search API, find one track that evokes the feeling of ""Cautious Connection"". Return the single best matching track.","Atmospheric conditions around {subject} show a stable warm front interacting with a tense, loaded boundary, producing variable patterns. A a cooling shadow line overhead is expected to persist through the period, shaping the overall outlook for this area.",Connection | Defending | Cautious,The Attentive Vigilant Link
Joy,Anger,Withdrawing,{{subject}},{{pronoun}},"{{subject}} evokes feelings of warm lift that open you up, mixed with protective heat, then shaded by a need for space. Your system leans toward connection here, even as it stays aware of what might shift or sting.

You might begin by simply noticing these responses in your body without arguing with them. From there, give some room to the warmth and the heat, and honor the the need for space by giving yourself room to breathe before deciding what you want to do.",0.16,Gently Positive,"seed_genres=indie-pop,neo-soul&target_valence=0.58&target_energy=0.72","Using the Spotify Search API, find one track that evokes the feeling of ""Objective Connection"". Return the single best matching track.","Atmospheric conditions around {subject} show clear high-pressure skies interacting with a tense, loaded boundary, producing variable patterns. A a broad quiet layer at the margins is expected to persist through the period, shaping the overall outlook for this area.",Connection | Defending | Objective,The Even Balanced Affinity
Joy,Anger,Sadness,{{subject}},{{pronoun}},"{{subject}} evokes feelings of warm lift that open you up, mixed with protective heat, then shaded by soft heaviness. Your system leans toward connection here, even as it stays aware of what might shift or sting.

You might begin by simply noticing these responses in your body without arguing with them. From there, give some room to the warmth and the heat, and treat the heaviness as a signal to slow down and stay close to what really matters here.",0.0,Mixed / Neutral,"seed_genres=indie-pop,neo-soul&target_valence=0.50&target_energy=0.70","Using the Spotify Search API, find one track that evokes the feeling of ""Tender Connection"". Return the single best matching track.","Atmospheric conditions around {subject} show a broad sunlit field interacting with a sharp heated edge, producing variable patterns. A a tender gray overcast above is expected to persist through the period, shaping the overall outlook for this area.",Connection | Defending | Tender,The Quiet Light Kinship
Joy,Anger,Surprise,{{subject}},{{pronoun}},"{{subject}} evokes feelings of warm lift that open you up, mixed with protective heat, then shaded by a sharp jolt. Your system leans toward connection here, even as it stays aware of what might shift or sting.

You might begin by simply noticing these responses in your body without arguing with them. From there, give some room to the warmth and the heat, and use the the jolt as a brief pause to reset, then decide what pace actually feels right.",0.2,Gently Positive,"seed_genres=indie-pop,neo-soul&target_valence=0.60&target_energy=0.72","Using the Spotify Search API, find one track that evokes the feeling of ""New Connection"". Return the single best matching track.","Atmospheric conditions around {subject} show clear high-pressure skies interacting with a sharp heated edge, producing variable patterns. A a patchy scattering pattern aloft is expected to persist through the period, shaping the overall outlook for this area.",Connection | Defending | New,The Surprising Lively Connection
Joy,Curiosity,Anger,{{subject}},{{pronoun}},"{{subject}} evokes feelings of warm lift that open you up, mixed with steady interest, then shaded by protective heat. Your system leans toward connection here, even as it stays aware of what might shift or sting.

You might begin by simply noticing these responses in your body without arguing with them. From there, give some room to the warmth and the interest, and let the heat help you name what is okay and what is not as you relate to {subject}.",0.6000000000000000,Strongly Positive,"seed_genres=indie-pop,neo-soul&target_valence=0.80&target_energy=0.76","Using the Spotify Search API, find one track that evokes the feeling of ""Firm Connection"". Return the single best matching track.","Atmospheric conditions around {subject} show a stable warm front interacting with light curious drift, producing variable patterns. A a heated residue trailing the system is expected to persist through the period, shaping the overall outlook for this area.",Connection | Exploring | Firm,The Firm Solid Bond
Joy,Curiosity,Disgust,{{subject}},{{pronoun}},"{{subject}} evokes feelings of warm lift that open you up, mixed with steady interest, then shaded by an inner no. Your system leans toward connection here, even as it stays aware of what might shift or sting.

You might begin by simply noticing these responses in your body without arguing with them. From there, give some room to the warmth and the interest, and use the the inner no to sort what belongs close and what needs more distance.",0.6000000000000000,Strongly Positive,"seed_genres=indie-pop,neo-soul&target_valence=0.80&target_energy=0.76","Using the Spotify Search API, find one track that evokes the feeling of ""Decisive Connection"". Return the single best matching track.","Atmospheric conditions around {subject} show a stable warm front interacting with restless tilting currents, producing variable patterns. A a sharp edge in the higher air is expected to persist through the period, shaping the overall outlook for this area.",Connection | Exploring | Decisive,The Certain Definite Tie
Joy,Curiosity,Dropping,{{subject}},{{pronoun}},"{{subject}} evokes feelings of warm lift that open you up, mixed with steady interest, then shaded by a small collapse inside. Your system leans toward connection here, even as it stays aware of what might shift or sting.

You might begin by simply noticing these responses in your body without arguing with them. From there, give some room to the warmth and the interest, and let the the collapse remind you to move gently and offer yourself a bit more support around {subject}.",0.6000000000000000,Strongly Positive,"seed_genres=indie-pop,neo-soul&target_valence=0.80&target_energy=0.76","Using the Spotify Search API, find one track that evokes the feeling of ""Quiet Connection"". Return the single best matching track.","Atmospheric conditions around {subject} show clear high-pressure skies interacting with light curious drift, producing variable patterns. A a low dim undertone in the field is expected to persist through the period, shaping the overall outlook for this area.",Connection | Exploring | Quiet,The Still Calm Link
Joy,Curiosity,Fear,{{subject}},{{pronoun}},"{{subject}} evokes feelings of warm lift that open you up, mixed with steady interest, then shaded by tight caution. Your system leans toward connection here, even as it stays aware of what might shift or sting.

You might begin by simply noticing these responses in your body without arguing with them. From there, give some room to the warmth and the interest, and honor the caution by moving in small steps and checking what feels safe as you go.",0.6000000000000000,Strongly Positive,"seed_genres=indie-pop,neo-soul&target_valence=0.80&target_energy=0.76","Using the Spotify Search API, find one track that evokes the feeling of ""Cautious Connection"". Return the single best matching track.","Atmospheric conditions around {subject} show a broad sunlit field interacting with light curious drift, producing variable patterns. A a cooling shadow line overhead is expected to persist through the period, shaping the overall outlook for this area.",Connection | Exploring | Cautious,The Attentive Careful Affinity
Joy,Curiosity,Withdrawing,{{subject}},{{pronoun}},"{{subject}} evokes feelings of warm lift that open you up, mixed with steady interest, then shaded by a need for space. Your system leans toward connection here, even as it stays aware of what might shift or sting.

You might begin by simply noticing these responses in your body without arguing with them. From there, give some room to the warmth and the interest, and honor the the need for space by giving yourself room to breathe before deciding what you want to do.",0.76,Strongly Positive,"seed_genres=indie-pop,neo-soul&target_valence=0.88&target_energy=0.78","Using the Spotify Search API, find one track that evokes the feeling of ""Objective Connection"". Return the single best matching track.","Atmospheric conditions around {subject} show a broad sunlit field interacting with patchy exploratory flow, producing variable patterns. A a broad quiet layer at the margins is expected to persist through the period, shaping the overall outlook for this area.",Connection | Exploring | Objective,The Plain Neutral Kinship
Joy,Curiosity,Sadness,{{subject}},{{pronoun}},"{{subject}} evokes feelings of warm lift that open you up, mixed with steady interest, then shaded by soft heaviness. Your system leans toward connection here, even as it stays aware of what might shift or sting.

You might begin by simply noticing these responses in your body without arguing with them. From there, give some room to the warmth and the interest, and treat the heaviness as a signal to slow down and stay close to what really matters here.",0.6000000000000000,Strongly Positive,"seed_genres=indie-pop,neo-soul&target_valence=0.80&target_energy=0.76","Using the Spotify Search API, find one track that evokes the feeling of ""Tender Connection"". Return the single best matching track.","Atmospheric conditions around {subject} show clear high-pressure skies interacting with patchy exploratory flow, producing variable patterns. A a soft descending mist layer is expected to persist through the period, shaping the overall outlook for this area.",Connection | Exploring | Tender,The Warm Tender Connection
Joy,Curiosity,Surprise,{{subject}},{{pronoun}},"{{subject}} evokes feelings of warm lift that open you up, mixed with steady interest, then shaded by a sharp jolt. Your system leans toward connection here, even as it stays aware of what might shift or sting.

You might begin by simply noticing these responses in your body without arguing with them. From there, give some room to the warmth and the interest, and use the the jolt as a brief pause to reset, then decide what pace actually feels right.",0.8,Strongly Positive,"seed_genres=indie-pop,neo-soul&target_valence=0.90&target_energy=0.78","Using the Spotify Search API, find one track that evokes the feeling of ""New Connection"". Return the single best matching track.","Atmospheric conditions around {subject} show a broad sunlit field interacting with restless tilting currents, producing variable patterns. A a patchy scattering pattern aloft is expected to persist through the period, shaping the overall outlook for this area.",Connection | Exploring | New,The Fresh New Bond
Joy,Disgust,Anger,{{subject}},{{pronoun}},"{{subject}} evokes feelings of warm lift that open you up, mixed with an inner no, then shaded by protective heat. Your system leans toward connection here, even as it stays aware of what might shift or sting.

You might begin by simply noticing these responses in your body without arguing with them. From there, give some room to the warmth and the the inner no, and let the heat help you name what is okay and what is not as you relate to {subject}.",0.0,Mixed / Neutral,"seed_genres=indie-pop,neo-soul&target_valence=0.50&target_energy=0.70","Using the Spotify Search API, find one track that evokes the feeling of ""Firm Connection"". Return the single best matching track.","Atmospheric conditions around {subject} show clear high-pressure skies interacting with irregular abrasive currents, producing variable patterns. A a thin aggressive echo aloft is expected to persist through the period, shaping the overall outlook for this area.",Connection | Rejecting | Firm,The Set Firm Tie
Joy,Disgust,Curiosity,{{subject}},{{pronoun}},"{{subject}} evokes feelings of warm lift that open you up, mixed with an inner no, then shaded by steady interest. Your system leans toward connection here, even as it stays aware of what might shift or sting.

You might begin by simply noticing these responses in your body without arguing with them. From there, give some room to the warmth and the the inner no, and let the interest gently invite you to stay curious without rushing your next move.",0.4,Gently Positive,"seed_genres=indie-pop,neo-soul&target_valence=0.70&target_energy=0.74","Using the Spotify Search API, find one track that evokes the feeling of ""Flexible Connection"". Return the single best matching track.","Atmospheric conditions around {subject} show clear high-pressure skies interacting with irregular abrasive currents, producing variable patterns. A a light exploratory shimmer aloft is expected to persist through the period, shaping the overall outlook for this area.",Connection | Rejecting | Flexible,The Curving Gentle Link
Joy,Disgust,Dropping,{{subject}},{{pronoun}},"{{subject}} evokes feelings of warm lift that open you up, mixed with an inner no, then shaded by a small collapse inside. Your system leans toward connection here, even as it stays aware of what might shift or sting.

You might begin by simply noticing these responses in your body without arguing with them. From there, give some room to the warmth and the the inner no, and let the the collapse remind you to move gently and offer yourself a bit more support around {subject}.",0.0,Mixed / Neutral,"seed_genres=indie-pop,neo-soul&target_valence=0.50&target_energy=0.70","Using the Spotify Search API, find one track that evokes the feeling of ""Quiet Connection"". Return the single best matching track.","Atmospheric conditions around {subject} show a broad sunlit field interacting with a coarse turning gust, producing variable patterns. A a settling hush near the ground is expected to persist through the period, shaping the overall outlook for this area.",Connection | Rejecting | Quiet,The Hushed Muted Affinity
Joy,Disgust,Fear,{{subject}},{{pronoun}},"{{subject}} evokes feelings of warm lift that open you up, mixed with an inner no, then shaded by tight caution. Your system leans toward connection here, even as it stays aware of what might shift or sting.

You might begin by simply noticing these responses in your body without arguing with them. From there, give some room to the warmth and the the inner no, and honor the caution by moving in small steps and checking what feels safe as you go.",0.0,Mixed / Neutral,"seed_genres=indie-pop,neo-soul&target_valence=0.50&target_energy=0.70","Using the Spotify Search API, find one track that evokes the feeling of ""Cautious Connection"". Return the single best matching track.","Atmospheric conditions around {subject} show clear high-pressure skies interacting with a coarse turning gust, producing variable patterns. A a cooling shadow line overhead is expected to persist through the period, shaping the overall outlook for this area.",Connection | Rejecting | Cautious,The Careful Guarded Kinship
Joy,Disgust,Withdrawing,{{subject}},{{pronoun}},"{{subject}} evokes feelings of warm lift that open you up, mixed with an inner no, then shaded by a need for space. Your system leans toward connection here, even as it stays aware of what might shift or sting.

You might begin by simply noticing these responses in your body without arguing with them. From there, give some room to the warmth and the the inner no, and honor the the need for space by giving yourself room to breathe before deciding what you want to do.",0.16,Gently Positive,"seed_genres=indie-pop,neo-soul&target_valence=0.58&target_energy=0.72","Using the Spotify Search API, find one track that evokes the feeling of ""Objective Connection"". Return the single best matching track.","Atmospheric conditions around {subject} show a stable warm front interacting with a coarse turning gust, producing variable patterns. A a broad quiet layer at the margins is expected to persist through the period, shaping the overall outlook for this area.",Connection | Rejecting | Objective,The Cool Simple Connection
Joy,Disgust,Sadness,{{subject}},{{pronoun}},"{{subject}} evokes feelings of warm lift that open you up, mixed with an inner no, then shaded by soft heaviness. Your system leans toward connection here, even as it stays aware of what might shift or sting.

You might begin by simply noticing these responses in your body without arguing with them. From there, give some room to the warmth and the the inner no, and treat the heaviness as a signal to slow down and stay close to what really matters here.",0.0,Mixed / Neutral,"seed_genres=indie-pop,neo-soul&target_valence=0.50&target_energy=0.70","Using the Spotify Search API, find one track that evokes the feeling of ""Tender Connection"". Return the single best matching track.","Atmospheric conditions around {subject} show clear high-pressure skies interacting with irregular abrasive currents, producing variable patterns. A a tender gray overcast above is expected to persist through the period, shaping the overall outlook for this area.",Connection | Rejecting | Tender,The Gentle Soft Bond
Joy,Disgust,Surprise,{{subject}},{{pronoun}},"{{subject}} evokes feelings of warm lift that open you up, mixed with an inner no, then shaded by a sharp jolt. Your system leans toward connection here, even as it stays aware of what might shift or sting.

You might begin by simply noticing these responses in your body without arguing with them. From there, give some room to the warmth and the the inner no, and use the the jolt as a brief pause to reset, then decide what pace actually feels right.",0.2,Gently Positive,"seed_genres=indie-pop,neo-soul&target_valence=0.60&target_energy=0.72","Using the Spotify Search API, find one track that evokes the feeling of ""New Connection"". Return the single best matching track.","Atmospheric conditions around {subject} show a stable warm front interacting with irregular abrasive currents, producing variable patterns. A a brief flicker in the upper air is expected to persist through the period, shaping the overall outlook for this area.",Connection | Rejecting | New,The Crisp Sparkling Tie
Joy,Dropping,Anger,{{subject}},{{pronoun}},"{{subject}} evokes feelings of warm lift that open you up, mixed with a small collapse inside, then shaded by protective heat. Your system leans toward connection here, even as it stays aware of what might shift or sting.

You might begin by simply noticing these responses in your body without arguing with them. From there, give some room to the warmth and the the collapse, and let the heat help you name what is okay and what is not as you relate to {subject}.",0.0,Mixed / Neutral,"seed_genres=indie-pop,neo-soul&target_valence=0.50&target_energy=0.70","Using the Spotify Search API, find one track that evokes the feeling of ""Firm Connection"". Return the single best matching track.","Atmospheric conditions around {subject} show a stable warm front interacting with sinking trailing clouds, producing variable patterns. A a thin aggressive echo aloft is expected to persist through the period, shaping the overall outlook for this area.",Connection | Yielding | Firm,The Steady Rooted Link
Joy,Dropping,Curiosity,{{subject}},{{pronoun}},"{{subject}} evokes feelings of warm lift that open you up, mixed with a small collapse inside, then shaded by steady interest. Your system leans toward connection here, even as it stays aware of what might shift or sting.

You might begin by simply noticing these responses in your body without arguing with them. From there, give some room to the warmth and the the collapse, and let the interest gently invite you to stay curious without rushing your next move.",0.4,Gently Positive,"seed_genres=indie-pop,neo-soul&target_valence=0.70&target_energy=0.74","Using the Spotify Search API, find one track that evokes the feeling of ""Flexible Connection"". Return the single best matching track.","Atmospheric conditions around {subject} show a broad sunlit field interacting with a fading underside layer, producing variable patterns. A a light exploratory shimmer aloft is expected to persist through the period, shaping the overall outlook for this area.",Connection | Yielding | Flexible,The Leaning Supple Affinity
Joy,Dropping,Disgust,{{subject}},{{pronoun}},"{{subject}} evokes feelings of warm lift that open you up, mixed with a small collapse inside, then shaded by an inner no. Your system leans toward connection here, even as it stays aware of what might shift or sting.

You might begin by simply noticing these responses in your body without arguing with them. From there, give some room to the warmth and the the collapse, and use the the inner no to sort what belongs close and what needs more distance.",0.0,Mixed / Neutral,"seed_genres=indie-pop,neo-soul&target_valence=0.50&target_energy=0.70","Using the Spotify Search API, find one track that evokes the feeling of ""Decisive Connection"". Return the single best matching track.","Atmospheric conditions around {subject} show a broad sunlit field interacting with a fading underside layer, producing variable patterns. A a sharp edge in the higher air is expected to persist through the period, shaping the overall outlook for this area.",Connection | Yielding | Decisive,The Exact Certain Kinship
Joy,Dropping,Fear,{{subject}},{{pronoun}},"{{subject}} evokes feelings of warm lift that open you up, mixed with a small collapse inside, then shaded by tight caution. Your system leans toward connection here, even as it stays aware of what might shift or sting.

You might begin by simply noticing these responses in your body without arguing with them. From there, give some room to the warmth and the the collapse, and honor the caution by moving in small steps and checking what feels safe as you go.",0.0,Mixed / Neutral,"seed_genres=indie-pop,neo-soul&target_valence=0.50&target_energy=0.70","Using the Spotify Search API, find one track that evokes the feeling of ""Cautious Connection"". Return the single best matching track.","Atmospheric conditions around {subject} show a broad sunlit field interacting with a fading underside layer, producing variable patterns. A a narrow watchful band at higher levels is expected to persist through the period, shaping the overall outlook for this area.",Connection | Yielding | Cautious,The Attentive Vigilant Connection
Joy,Dropping,Withdrawing,{{subject}},{{pronoun}},"{{subject}} evokes feelings of warm lift that open you up, mixed with a small collapse inside, then shaded by a need for space. Your system leans toward connection here, even as it stays aware of what might shift or sting.

You might begin by simply noticing these responses in your body without arguing with them. From there, give some room to the warmth and the the collapse, and honor the the need for space by giving yourself room to breathe before deciding what you want to do.",0.16,Gently Positive,"seed_genres=indie-pop,neo-soul&target_valence=0.58&target_energy=0.72","Using the Spotify Search API, find one track that evokes the feeling of ""Objective Connection"". Return the single best matching track.","Atmospheric conditions around {subject} show clear high-pressure skies interacting with a fading underside layer, producing variable patterns. A an open still band on the horizon is expected to persist through the period, shaping the overall outlook for this area.",Connection | Yielding | Objective,The Even Balanced Bond
Joy,Dropping,Sadness,{{subject}},{{pronoun}},"{{subject}} evokes feelings of warm lift that open you up, mixed with a small collapse inside, then shaded by soft heaviness. Your system leans toward connection here, even as it stays aware of what might shift or sting.

You might begin by simply noticing these responses in your body without arguing with them. From there, give some room to the warmth and the the collapse, and treat the heaviness as a signal to slow down and stay close to what really matters here.",0.0,Mixed / Neutral,"seed_genres=indie-pop,neo-soul&target_valence=0.50&target_energy=0.70","Using the Spotify Search API, find one track that evokes the feeling of ""Tender Connection"". Return the single best matching track.","Atmospheric conditions around {subject} show a broad sunlit field interacting with low drifting haze, producing variable patterns. A a soft descending mist layer is expected to persist through the period, shaping the overall outlook for this area.",Connection | Yielding | Tender,The Quiet Light Tie
Joy,Dropping,Surprise,{{subject}},{{pronoun}},"{{subject}} evokes feelings of warm lift that open you up, mixed with a small collapse inside, then shaded by a sharp jolt. Your system leans toward connection here, even as it stays aware of what might shift or sting.

You might begin by simply noticing these responses in your body without arguing with them. From there, give some room to the warmth and the the collapse, and use the the jolt as a brief pause to reset, then decide what pace actually feels right.",0.2,Gently Positive,"seed_genres=indie-pop,neo-soul&target_valence=0.60&target_energy=0.72","Using the Spotify Search API, find one track that evokes the feeling of ""New Connection"". Return the single best matching track.","Atmospheric conditions around {subject} show a broad sunlit field interacting with low drifting haze, producing variable patterns. A a brief flicker in the upper air is expected to persist through the period, shaping the overall outlook for this area.",Connection | Yielding | New,The Surprising Lively Link
Joy,Fear,Anger,{{subject}},{{pronoun}},"{{subject}} evokes feelings of warm lift that open you up, mixed with tight caution, then shaded by protective heat. Your system leans toward connection here, even as it stays aware of what might shift or sting.

You might begin by simply noticing these responses in your body without arguing with them. From there, give some room to the warmth and the caution, and let the heat help you name what is okay and what is not as you relate to {subject}.",0.0,Mixed / Neutral,"seed_genres=indie-pop,neo-soul&target_valence=0.50&target_energy=0.70","Using the Spotify Search API, find one track that evokes the feeling of ""Firm Connection"". Return the single best matching track.","Atmospheric conditions around {subject} show a stable warm front interacting with a narrow cautious band, producing variable patterns. A a thin aggressive echo aloft is expected to persist through the period, shaping the overall outlook for this area.",Connection | Protecting | Firm,The Solid Grounded Affinity
Joy,Fear,Curiosity,{{subject}},{{pronoun}},"{{subject}} evokes feelings of warm lift that open you up, mixed with tight caution, then shaded by steady interest. Your system leans toward connection here, even as it stays aware of what might shift or sting.

You might begin by simply noticing these responses in your body without arguing with them. From there, give some room to the warmth and the caution, and let the interest gently invite you to stay curious without rushing your next move.",0.4,Gently Positive,"seed_genres=indie-pop,neo-soul&target_valence=0.70&target_energy=0.74","Using the Spotify Search API, find one track that evokes the feeling of ""Flexible Connection"". Return the single best matching track.","Atmospheric conditions around {subject} show a broad sunlit field interacting with tightening cool layers, producing variable patterns. A thin curiosity haze is expected to persist through the period, shaping the overall outlook for this area.",Connection | Protecting | Flexible,The Flowing Playful Kinship
Joy,Fear,Disgust,{{subject}},{{pronoun}},"{{subject}} evokes feelings of warm lift that open you up, mixed with tight caution, then shaded by an inner no. Your system leans toward connection here, even as it stays aware of what might shift or sting.

You might begin by simply noticing these responses in your body without arguing with them. From there, give some room to the warmth and the caution, and use the the inner no to sort what belongs close and what needs more distance.",0.0,Mixed / Neutral,"seed_genres=indie-pop,neo-soul&target_valence=0.50&target_energy=0.70","Using the Spotify Search API, find one track that evokes the feeling of ""Decisive Connection"". Return the single best matching track.","Atmospheric conditions around {subject} show a broad sunlit field interacting with a narrow cautious band, producing variable patterns. A a thin acidic drift at altitude is expected to persist through the period, shaping the overall outlook for this area.",Connection | Protecting | Decisive,The Definite Decisive Connection
Joy,Fear,Dropping,{{subject}},{{pronoun}},"{{subject}} evokes feelings of warm lift that open you up, mixed with tight caution, then shaded by a small collapse inside. Your system leans toward connection here, even as it stays aware of what might shift or sting.

You might begin by simply noticing these responses in your body without arguing with them. From there, give some room to the warmth and the caution, and let the the collapse remind you to move gently and offer yourself a bit more support around {subject}.",0.0,Mixed / Neutral,"seed_genres=indie-pop,neo-soul&target_valence=0.50&target_energy=0.70","Using the Spotify Search API, find one track that evokes the feeling of ""Quiet Connection"". Return the single best matching track.","Atmospheric conditions around {subject} show a broad sunlit field interacting with a cautious, constricting flow, producing variable patterns. A a low dim undertone in the field is expected to persist through the period, shaping the overall outlook for this area.",Connection | Protecting | Quiet,The Dim Low Bond
Joy,Fear,Withdrawing,{{subject}},{{pronoun}},"{{subject}} evokes feelings of warm lift that open you up, mixed with tight caution, then shaded by a need for space. Your system leans toward connection here, even as it stays aware of what might shift or sting.

You might begin by simply noticing these responses in your body without arguing with them. From there, give some room to the warmth and the caution, and honor the the need for space by giving yourself room to breathe before deciding what you want to do.",0.16,Gently Positive,"seed_genres=indie-pop,neo-soul&target_valence=0.58&target_energy=0.72","Using the Spotify Search API, find one track that evokes the feeling of ""Objective Connection"". Return the single best matching track.","Atmospheric conditions around {subject} show a broad sunlit field interacting with a narrow cautious band, producing variable patterns. A an open still band on the horizon is expected to persist through the period, shaping the overall outlook for this area.",Connection | Protecting | Objective,The Plain Neutral Tie
Joy,Fear,Sadness,{{subject}},{{pronoun}},"{{subject}} evokes feelings of warm lift that open you up, mixed with tight caution, then shaded by soft heaviness. Your system leans toward connection here, even as it stays aware of what might shift or sting.

You might begin by simply noticing these responses in your body without arguing with them. From there, give some room to the warmth and the caution, and treat the heaviness as a signal to slow down and stay close to what really matters here.",0.0,Mixed / Neutral,"seed_genres=indie-pop,neo-soul&target_valence=0.50&target_energy=0.70","Using the Spotify Search API, find one track that evokes the feeling of ""Tender Connection"". Return the single best matching track.","Atmospheric conditions around {subject} show clear high-pressure skies interacting with a cautious, constricting flow, producing variable patterns. A a tender gray overcast above is expected to persist through the period, shaping the overall outlook for this area.",Connection | Protecting | Tender,The Fine Tender Link
Joy,Fear,Surprise,{{subject}},{{pronoun}},"{{subject}} evokes feelings of warm lift that open you up, mixed with tight caution, then shaded by a sharp jolt. Your system leans toward connection here, even as it stays aware of what might shift or sting.

You might begin by simply noticing these responses in your body without arguing with them. From there, give some room to the warmth and the caution, and use the the jolt as a brief pause to reset, then decide what pace actually feels right.",0.2,Gently Positive,"seed_genres=indie-pop,neo-soul&target_valence=0.60&target_energy=0.72","Using the Spotify Search API, find one track that evokes the feeling of ""New Connection"". Return the single best matching track.","Atmospheric conditions around {subject} show a stable warm front interacting with a narrow cautious band, producing variable patterns. A a brief flicker in the upper air is expected to persist through the period, shaping the overall outlook for this area.",Connection | Protecting | New,The Fresh New Affinity
Joy,Withdrawing,Anger,{{subject}},{{pronoun}},"{{subject}} evokes feelings of warm lift that open you up, mixed with a need for space, then shaded by protective heat. Your system leans toward connection here, even as it stays aware of what might shift or sting.

You might begin by simply noticing these responses in your body without arguing with them. From there, give some room to the warmth and the the need for space, and let the heat help you name what is okay and what is not as you relate to {subject}.",0.24,Gently Positive,"seed_genres=indie-pop,neo-soul&target_valence=0.62&target_energy=0.72","Using the Spotify Search API, find one track that evokes the feeling of ""Firm Connection"". Return the single best matching track.","Atmospheric conditions around {subject} show a stable warm front interacting with receding quiet air, producing variable patterns. A a thin aggressive echo aloft is expected to persist through the period, shaping the overall outlook for this area.",Connection | Retreating | Firm,The Resolved Steady Kinship
Joy,Withdrawing,Curiosity,{{subject}},{{pronoun}},"{{subject}} evokes feelings of warm lift that open you up, mixed with a need for space, then shaded by steady interest. Your system leans toward connection here, even as it stays aware of what might shift or sting.

You might begin by simply noticing these responses in your body without arguing with them. From there, give some room to the warmth and the the need for space, and let the interest gently invite you to stay curious without rushing your next move.",0.64,Strongly Positive,"seed_genres=indie-pop,neo-soul&target_valence=0.82&target_energy=0.76","Using the Spotify Search API, find one track that evokes the feeling of ""Flexible Connection"". Return the single best matching track.","Atmospheric conditions around {subject} show a broad sunlit field interacting with expanding empty pockets, producing variable patterns. A thin curiosity haze is expected to persist through the period, shaping the overall outlook for this area.",Connection | Retreating | Flexible,The Curving Gentle Connection
Joy,Withdrawing,Disgust,{{subject}},{{pronoun}},"{{subject}} evokes feelings of warm lift that open you up, mixed with a need for space, then shaded by an inner no. Your system leans toward connection here, even as it stays aware of what might shift or sting.

You might begin by simply noticing these responses in your body without arguing with them. From there, give some room to the warmth and the the need for space, and use the the inner no to sort what belongs close and what needs more distance.",0.24,Gently Positive,"seed_genres=indie-pop,neo-soul&target_valence=0.62&target_energy=0.72","Using the Spotify Search API, find one track that evokes the feeling of ""Decisive Connection"". Return the single best matching track.","Atmospheric conditions around {subject} show a broad sunlit field interacting with expanding empty pockets, producing variable patterns. A a sharp edge in the higher air is expected to persist through the period, shaping the overall outlook for this area.",Connection | Retreating | Decisive,The Certain Definite Bond
Joy,Withdrawing,Dropping,{{subject}},{{pronoun}},"{{subject}} evokes feelings of warm lift that open you up, mixed with a need for space, then shaded by a small collapse inside. Your system leans toward connection here, even as it stays aware of what might shift or sting.

You might begin by simply noticing these responses in your body without arguing with them. From there, give some room to the warmth and the the need for space, and let the the collapse remind you to move gently and offer yourself a bit more support around {subject}.",0.24,Gently Positive,"seed_genres=indie-pop,neo-soul&target_valence=0.62&target_energy=0.72","Using the Spotify Search API, find one track that evokes the feeling of ""Quiet Connection"". Return the single best matching track.","Atmospheric conditions around {subject} show clear high-pressure skies interacting with receding quiet air, producing variable patterns. A a settling hush near the ground is expected to persist through the period, shaping the overall outlook for this area.",Connection | Retreating | Quiet,The Still Calm Tie
Joy,Withdrawing,Fear,{{subject}},{{pronoun}},"{{subject}} evokes feelings of warm lift that open you up, mixed with a need for space, then shaded by tight caution. Your system leans toward connection here, even as it stays aware of what might shift or sting.

You might begin by simply noticing these responses in your body without arguing with them. From there, give some room to the warmth and the the need for space, and honor the caution by moving in small steps and checking what feels safe as you go.",0.24,Gently Positive,"seed_genres=indie-pop,neo-soul&target_valence=0.62&target_energy=0.72","Using the Spotify Search API, find one track that evokes the feeling of ""Cautious Connection"". Return the single best matching track.","Atmospheric conditions around {subject} show a stable warm front interacting with a broad retreating zone, producing variable patterns. A a narrow watchful band at higher levels is expected to persist through the period, shaping the overall outlook for this area.",Connection | Retreating | Cautious,The Attentive Careful Link
Joy,Withdrawing,Sadness,{{subject}},{{pronoun}},"{{subject}} evokes feelings of warm lift that open you up, mixed with a need for space, then shaded by soft heaviness. Your system leans toward connection here, even as it stays aware of what might shift or sting.

You might begin by simply noticing these responses in your body without arguing with them. From there, give some room to the warmth and the the need for space, and treat the heaviness as a signal to slow down and stay close to what really matters here.",0.24,Gently Positive,"seed_genres=indie-pop,neo-soul&target_valence=0.62&target_energy=0.72","Using the Spotify Search API, find one track that evokes the feeling of ""Tender Connection"". Return the single best matching track.","Atmospheric conditions around {subject} show a stable warm front interacting with receding quiet air, producing variable patterns. A a soft descending mist layer is expected to persist through the period, shaping the overall outlook for this area.",Connection | Retreating | Tender,The Gentle Soft Affinity
Joy,Withdrawing,Surprise,{{subject}},{{pronoun}},"{{subject}} evokes feelings of warm lift that open you up, mixed with a need for space, then shaded by a sharp jolt. Your system leans toward connection here, even as it stays aware of what might shift or sting.

You might begin by simply noticing these responses in your body without arguing with them. From there, give some room to the warmth and the the need for space, and use the the jolt as a brief pause to reset, then decide what pace actually feels right.",0.44,Gently Positive,"seed_genres=indie-pop,neo-soul&target_valence=0.72&target_energy=0.74","Using the Spotify Search API, find one track that evokes the feeling of ""New Connection"". Return the single best matching track.","Atmospheric conditions around {subject} show a stable warm front interacting with expanding empty pockets, producing variable patterns. A a patchy scattering pattern aloft is expected to persist through the period, shaping the overall outlook for this area.",Connection | Retreating | New,The Crisp Sparkling Kinship
Joy,Sadness,Anger,{{subject}},{{pronoun}},"{{subject}} evokes feelings of warm lift that open you up, mixed with soft heaviness, then shaded by protective heat. Your system leans toward connection here, even as it stays aware of what might shift or sting.

You might begin by simply noticing these responses in your body without arguing with them. From there, give some room to the warmth and the heaviness, and let the heat help you name what is okay and what is not as you relate to {subject}.",0.0,Mixed / Neutral,"seed_genres=indie-pop,neo-soul&target_valence=0.50&target_energy=0.70","Using the Spotify Search API, find one track that evokes the feeling of ""Firm Connection"". Return the single best matching track.","Atmospheric conditions around {subject} show a broad sunlit field interacting with slow trailing showers, producing variable patterns. A a heated residue trailing the system is expected to persist through the period, shaping the overall outlook for this area.",Connection | Grieving | Firm,The Steady Rooted Connection
Joy,Sadness,Curiosity,{{subject}},{{pronoun}},"{{subject}} evokes feelings of warm lift that open you up, mixed with soft heaviness, then shaded by steady interest. Your system leans toward connection here, even as it stays aware of what might shift or sting.

You might begin by simply noticing these responses in your body without arguing with them. From there, give some room to the warmth and the heaviness, and let the interest gently invite you to stay curious without rushing your next move.",0.4,Gently Positive,"seed_genres=indie-pop,neo-soul&target_valence=0.70&target_energy=0.74","Using the Spotify Search API, find one track that evokes the feeling of ""Flexible Connection"". Return the single best matching track.","Atmospheric conditions around {subject} show clear high-pressure skies interacting with a damp, heavy drift, producing variable patterns. A thin curiosity haze is expected to persist through the period, shaping the overall outlook for this area.",Connection | Grieving | Flexible,The Leaning Supple Bond
Joy,Sadness,Disgust,{{subject}},{{pronoun}},"{{subject}} evokes feelings of warm lift that open you up, mixed with soft heaviness, then shaded by an inner no. Your system leans toward connection here, even as it stays aware of what might shift or sting.

You might begin by simply noticing these responses in your body without arguing with them. From there, give some room to the warmth and the heaviness, and use the the inner no to sort what belongs close and what needs more distance.",0.0,Mixed / Neutral,"seed_genres=indie-pop,neo-soul&target_valence=0.50&target_energy=0.70","Using the Spotify Search API, find one track that evokes the feeling of ""Decisive Connection"". Return the single best matching track.","Atmospheric conditions around {subject} show clear high-pressure skies interacting with a damp, heavy drift, producing variable patterns. A a sharp edge in the higher air is expected to persist through the period, shaping the overall outlook for this area.",Connection | Grieving | Decisive,The Exact Certain Tie
Joy,Sadness,Dropping,{{subject}},{{pronoun}},"{{subject}} evokes feelings of warm lift that open you up, mixed with soft heaviness, then shaded by a small collapse inside. Your system leans toward connection here, even as it stays aware of what might shift or sting.

You might begin by simply noticing these responses in your body without arguing with them. From there, give some room to the warmth and the heaviness, and let the the collapse remind you to move gently and offer yourself a bit more support around {subject}.",0.0,Mixed / Neutral,"seed_genres=indie-pop,neo-soul&target_valence=0.50&target_energy=0.70","Using the Spotify Search API, find one track that evokes the feeling of ""Quiet Connection"". Return the single best matching track.","Atmospheric conditions around {subject} show a stable warm front interacting with muted rain bands, producing variable patterns. A a settling hush near the ground is expected to persist through the period, shaping the overall outlook for this area.",Connection | Grieving | Quiet,The Hushed Muted Link
Joy,Sadness,Fear,{{subject}},{{pronoun}},"{{subject}} evokes feelings of warm lift that open you up, mixed with soft heaviness, then shaded by tight caution. Your system leans toward connection here, even as it stays aware of what might shift or sting.

You might begin by simply noticing these responses in your body without arguing with them. From there, give some room to the warmth and the heaviness, and honor the caution by moving in small steps and checking what feels safe as you go.",0.0,Mixed / Neutral,"seed_genres=indie-pop,neo-soul&target_valence=0.50&target_energy=0.70","Using the Spotify Search API, find one track that evokes the feeling of ""Cautious Connection"". Return the single best matching track.","Atmospheric conditions around {subject} show a broad sunlit field interacting with slow trailing showers, producing variable patterns. A a narrow watchful band at higher levels is expected to persist through the period, shaping the overall outlook for this area.",Connection | Grieving | Cautious,The Careful Guarded Affinity
Joy,Sadness,Withdrawing,{{subject}},{{pronoun}},"{{subject}} evokes feelings of warm lift that open you up, mixed with soft heaviness, then shaded by a need for space. Your system leans toward connection here, even as it stays aware of what might shift or sting.

You might begin by simply noticing these responses in your body without arguing with them. From there, give some room to the warmth and the heaviness, and honor the the need for space by giving yourself room to breathe before deciding what you want to do.",0.16,Gently Positive,"seed_genres=indie-pop,neo-soul&target_valence=0.58&target_energy=0.72","Using the Spotify Search API, find one track that evokes the feeling of ""Objective Connection"". Return the single best matching track.","Atmospheric conditions around {subject} show a stable warm front interacting with a damp, heavy drift, producing variable patterns. A a broad quiet layer at the margins is expected to persist through the period, shaping the overall outlook for this area.",Connection | Grieving | Objective,The Cool Simple Kinship
Joy,Sadness,Surprise,{{subject}},{{pronoun}},"{{subject}} evokes feelings of warm lift that open you up, mixed with soft heaviness, then shaded by a sharp jolt. Your system leans toward connection here, even as it stays aware of what might shift or sting.

You might begin by simply noticing these responses in your body without arguing with them. From there, give some room to the warmth and the heaviness, and use the the jolt as a brief pause to reset, then decide what pace actually feels right.",0.2,Gently Positive,"seed_genres=indie-pop,neo-soul&target_valence=0.60&target_energy=0.72","Using the Spotify Search API, find one track that evokes the feeling of ""New Connection"". Return the single best matching track.","Atmospheric conditions around {subject} show a stable warm front interacting with muted rain bands, producing variable patterns. A a patchy scattering pattern aloft is expected to persist through the period, shaping the overall outlook for this area.",Connection | Grieving | New,The Surprising Lively Connection
Joy,Surprise,Anger,{{subject}},{{pronoun}},"{{subject}} evokes feelings of warm lift that open you up, mixed with a sharp jolt, then shaded by protective heat. Your system leans toward connection here, even as it stays aware of what might shift or sting.

You might begin by simply noticing these responses in your body without arguing with them. From there, give some room to the warmth and the the jolt, and let the heat help you name what is okay and what is not as you relate to {subject}.",0.3,Gently Positive,"seed_genres=indie-pop,neo-soul&target_valence=0.65&target_energy=0.73","Using the Spotify Search API, find one track that evokes the feeling of ""Firm Connection"". Return the single best matching track.","Atmospheric conditions around {subject} show a stable warm front interacting with broken, shifting patches, producing variable patterns. A a thin aggressive echo aloft is expected to persist through the period, shaping the overall outlook for this area.",Connection | Clearing | Firm,The Firm Solid Bond
Joy,Surprise,Curiosity,{{subject}},{{pronoun}},"{{subject}} evokes feelings of warm lift that open you up, mixed with a sharp jolt, then shaded by steady interest. Your system leans toward connection here, even as it stays aware of what might shift or sting.

You might begin by simply noticing these responses in your body without arguing with them. From there, give some room to the warmth and the the jolt, and let the interest gently invite you to stay curious without rushing your next move.",0.7,Strongly Positive,"seed_genres=indie-pop,neo-soul&target_valence=0.85&target_energy=0.77","Using the Spotify Search API, find one track that evokes the feeling of ""Flexible Connection"". Return the single best matching track.","Atmospheric conditions around {subject} show a stable warm front interacting with scattered short bursts, producing variable patterns. A a light exploratory shimmer aloft is expected to persist through the period, shaping the overall outlook for this area.",Connection | Clearing | Flexible,The Flowing Playful Tie
Joy,Surprise,Disgust,{{subject}},{{pronoun}},"{{subject}} evokes feelings of warm lift that open you up, mixed with a sharp jolt, then shaded by an inner no. Your system leans toward connection here, even as it stays aware of what might shift or sting.

You might begin by simply noticing these responses in your body without arguing with them. From there, give some room to the warmth and the the jolt, and use the the inner no to sort what belongs close and what needs more distance.",0.3,Gently Positive,"seed_genres=indie-pop,neo-soul&target_valence=0.65&target_energy=0.73","Using the Spotify Search API, find one track that evokes the feeling of ""Decisive Connection"". Return the single best matching track.","Atmospheric conditions around {subject} show clear high-pressure skies interacting with brief unexpected shifts, producing variable patterns. A a thin acidic drift at altitude is expected to persist through the period, shaping the overall outlook for this area.",Connection | Clearing | Decisive,The Sure Clear Link
Joy,Surprise,Dropping,{{subject}},{{pronoun}},"{{subject}} evokes feelings of warm lift that open you up, mixed with a sharp jolt, then shaded by a small collapse inside. Your system leans toward connection here, even as it stays aware of what might shift or sting.

You might begin by simply noticing these responses in your body without arguing with them. From there, give some room to the warmth and the the jolt, and let the the collapse remind you to move gently and offer yourself a bit more support around {subject}.",0.3,Gently Positive,"seed_genres=indie-pop,neo-soul&target_valence=0.65&target_energy=0.73","Using the Spotify Search API, find one track that evokes the feeling of ""Quiet Connection"". Return the single best matching track.","Atmospheric conditions around {subject} show a broad sunlit field interacting with scattered short bursts, producing variable patterns. A a settling hush near the ground is expected to persist through the period, shaping the overall outlook for this area.",Connection | Clearing | Quiet,The Soft Restful Affinity
Joy,Surprise,Fear,{{subject}},{{pronoun}},"{{subject}} evokes feelings of warm lift that open you up, mixed with a sharp jolt, then shaded by tight caution. Your system leans toward connection here, even as it stays aware of what might shift or sting.

You might begin by simply noticing these responses in your body without arguing with them. From there, give some room to the warmth and the the jolt, and honor the caution by moving in small steps and checking what feels safe as you go.",0.3,Gently Positive,"seed_genres=indie-pop,neo-soul&target_valence=0.65&target_energy=0.73","Using the Spotify Search API, find one track that evokes the feeling of ""Cautious Connection"". Return the single best matching track.","Atmospheric conditions around {subject} show a stable warm front interacting with scattered short bursts, producing variable patterns. A a narrow watchful band at higher levels is expected to persist through the period, shaping the overall outlook for this area.",Connection | Clearing | Cautious,The Measured Considerate Kinship
Joy,Surprise,Withdrawing,{{subject}},{{pronoun}},"{{subject}} evokes feelings of warm lift that open you up, mixed with a sharp jolt, then shaded by a need for space. Your system leans toward connection here, even as it stays aware of what might shift or sting.

You might begin by simply noticing these responses in your body without arguing with them. From there, give some room to the warmth and the the jolt, and honor the the need for space by giving yourself room to breathe before deciding what you want to do.",0.4600000000000000,Strongly Positive,"seed_genres=indie-pop,neo-soul&target_valence=0.73&target_energy=0.75","Using the Spotify Search API, find one track that evokes the feeling of ""Objective Connection"". Return the single best matching track.","Atmospheric conditions around {subject} show clear high-pressure skies interacting with scattered short bursts, producing variable patterns. A a broad quiet layer at the margins is expected to persist through the period, shaping the overall outlook for this area.",Connection | Clearing | Objective,The Even Balanced Connection
Joy,Surprise,Sadness,{{subject}},{{pronoun}},"{{subject}} evokes feelings of warm lift that open you up, mixed with a sharp jolt, then shaded by soft heaviness. Your system leans toward connection here, even as it stays aware of what might shift or sting.

You might begin by simply noticing these responses in your body without arguing with them. From there, give some room to the warmth and the the jolt, and treat the heaviness as a signal to slow down and stay close to what really matters here.",0.3,Gently Positive,"seed_genres=indie-pop,neo-soul&target_valence=0.65&target_energy=0.73","Using the Spotify Search API, find one track that evokes the feeling of ""Tender Connection"". Return the single best matching track.","Atmospheric conditions around {subject} show clear high-pressure skies interacting with broken, shifting patches, producing variable patterns. A a tender gray overcast above is expected to persist through the period, shaping the overall outlook for this area.",Connection | Clearing | Tender,The Delicate Kind Bond
Withdrawing,Anger,Curiosity,{{subject}},{{pronoun}},"{{subject}} evokes feelings of a need for space, mixed with protective heat and colored by steady interest. It can feel like you need a little distance first, so you can see it clearly without losing contact.

You might begin by simply noticing these responses in your body without arguing with them. From there, give some room to the the need for space and the heat, and let the interest gently invite you to stay curious without rushing your next move.",-0.2,Gently Negative,"seed_genres=ambient,lo-fi&target_valence=0.40&target_energy=0.23","Using the Spotify Search API, find one track that evokes the feeling of ""Flexible Distance"". Return the single best matching track.","Atmospheric conditions around {subject} show a quiet retreating band interacting with a tense, loaded boundary, producing variable patterns. A thin curiosity haze is expected to persist through the period, shaping the overall outlook for this area.",Distance | Defending | Flexible,The Slippery Shifting Distance
Withdrawing,Anger,Disgust,{{subject}},{{pronoun}},"{{subject}} evokes feelings of a need for space, mixed with protective heat and colored by an inner no. It can feel like you need a little distance first, so you can see it clearly without losing contact.

You might begin by simply noticing these responses in your body without arguing with them. From there, give some room to the the need for space and the heat, and use the the inner no to sort what belongs close and what needs more distance.",-0.6000000000000000,Strongly Negative,"seed_genres=ambient,lo-fi&target_valence=0.20&target_energy=0.19","Using the Spotify Search API, find one track that evokes the feeling of ""Decisive Distance"". Return the single best matching track.","Atmospheric conditions around {subject} show a wide still airfield interacting with a tense, loaded boundary, producing variable patterns. A a sharp edge in the higher air is expected to persist through the period, shaping the overall outlook for this area.",Distance | Defending | Decisive,The Severe Cutting Horizon
Withdrawing,Anger,Dropping,{{subject}},{{pronoun}},"{{subject}} evokes feelings of a need for space, mixed with protective heat and colored by a small collapse inside. It can feel like you need a little distance first, so you can see it clearly without losing contact.

You might begin by simply noticing these responses in your body without arguing with them. From there, give some room to the the need for space and the heat, and let the the collapse remind you to move gently and offer yourself a bit more support around {subject}.",-0.6000000000000000,Strongly Negative,"seed_genres=ambient,lo-fi&target_valence=0.20&target_energy=0.19","Using the Spotify Search API, find one track that evokes the feeling of ""Quiet Distance"". Return the single best matching track.","Atmospheric conditions around {subject} show a thinning distant layer interacting with a tense, loaded boundary, producing variable patterns. A a low dim undertone in the field is expected to persist through the period, shaping the overall outlook for this area.",Distance | Defending | Quiet,The Muted Dim Gap
Withdrawing,Anger,Fear,{{subject}},{{pronoun}},"{{subject}} evokes feelings of a need for space, mixed with protective heat and colored by tight caution. It can feel like you need a little distance first, so you can see it clearly without losing contact.

You might begin by simply noticing these responses in your body without arguing with them. From there, give some room to the the need for space and the heat, and honor the caution by moving in small steps and checking what feels safe as you go.",-0.6000000000000000,Strongly Negative,"seed_genres=ambient,lo-fi&target_valence=0.20&target_energy=0.19","Using the Spotify Search API, find one track that evokes the feeling of ""Cautious Distance"". Return the single best matching track.","Atmospheric conditions around {subject} show a thinning distant layer interacting with a pressing hot strip, producing variable patterns. A a narrow watchful band at higher levels is expected to persist through the period, shaping the overall outlook for this area.",Distance | Defending | Cautious,The Edgy Nervous Space
Withdrawing,Anger,Joy,{{subject}},{{pronoun}},"{{subject}} evokes feelings of a need for space, mixed with protective heat and colored by warm lift. It can feel like you need a little distance first, so you can see it clearly without losing contact.

You might begin by simply noticing these responses in your body without arguing with them. From there, give some room to the the need for space and the heat, and let the warmth soften the edges so you can stay present without forcing anything.",-0.2,Gently Negative,"seed_genres=ambient,lo-fi&target_valence=0.40&target_energy=0.23","Using the Spotify Search API, find one track that evokes the feeling of ""Open Distance"". Return the single best matching track.","Atmospheric conditions around {subject} show a quiet retreating band interacting with a pressing hot strip, producing variable patterns. A a quiet bright layer above is expected to persist through the period, shaping the overall outlook for this area.",Distance | Defending | Open,The Exposed Bare Drift
Withdrawing,Anger,Sadness,{{subject}},{{pronoun}},"{{subject}} evokes feelings of a need for space, mixed with protective heat and colored by soft heaviness. It can feel like you need a little distance first, so you can see it clearly without losing contact.

You might begin by simply noticing these responses in your body without arguing with them. From there, give some room to the the need for space and the heat, and treat the heaviness as a signal to slow down and stay close to what really matters here.",-0.6000000000000000,Strongly Negative,"seed_genres=ambient,lo-fi&target_valence=0.20&target_energy=0.19","Using the Spotify Search API, find one track that evokes the feeling of ""Tender Distance"". Return the single best matching track.","Atmospheric conditions around {subject} show a wide still airfield interacting with a tense, loaded boundary, producing variable patterns. A a tender gray overcast above is expected to persist through the period, shaping the overall outlook for this area.",Distance | Defending | Tender,The Exposed Frayed Remove
Withdrawing,Anger,Surprise,{{subject}},{{pronoun}},"{{subject}} evokes feelings of a need for space, mixed with protective heat and colored by a sharp jolt. It can feel like you need a little distance first, so you can see it clearly without losing contact.

You might begin by simply noticing these responses in your body without arguing with them. From there, give some room to the the need for space and the heat, and use the the jolt as a brief pause to reset, then decide what pace actually feels right.",-0.4,Gently Negative,"seed_genres=ambient,lo-fi&target_valence=0.30&target_energy=0.21","Using the Spotify Search API, find one track that evokes the feeling of ""New Distance"". Return the single best matching track.","Atmospheric conditions around {subject} show a thinning distant layer interacting with a tense, loaded boundary, producing variable patterns. A a brief flicker in the upper air is expected to persist through the period, shaping the overall outlook for this area.",Distance | Defending | New,The Jarring Abrupt Distance
Withdrawing,Curiosity,Anger,{{subject}},{{pronoun}},"{{subject}} evokes feelings of a need for space, mixed with steady interest and colored by protective heat. It can feel like you need a little distance first, so you can see it clearly without losing contact.

You might begin by simply noticing these responses in your body without arguing with them. From there, give some room to the the need for space and the interest, and let the heat help you name what is okay and what is not as you relate to {subject}.",-2.77555756156289E-17,Mixed / Neutral,"seed_genres=ambient,lo-fi&target_valence=0.50&target_energy=0.25","Using the Spotify Search API, find one track that evokes the feeling of ""Firm Distance"". Return the single best matching track.","Atmospheric conditions around {subject} show a wide still airfield interacting with light curious drift, producing variable patterns. A a thin aggressive echo aloft is expected to persist through the period, shaping the overall outlook for this area.",Distance | Exploring | Firm,The Set Firm Horizon
Withdrawing,Curiosity,Disgust,{{subject}},{{pronoun}},"{{subject}} evokes feelings of a need for space, mixed with steady interest and colored by an inner no. It can feel like you need a little distance first, so you can see it clearly without losing contact.

You might begin by simply noticing these responses in your body without arguing with them. From there, give some room to the the need for space and the interest, and use the the inner no to sort what belongs close and what needs more distance.",-2.77555756156289E-17,Mixed / Neutral,"seed_genres=ambient,lo-fi&target_valence=0.50&target_energy=0.25","Using the Spotify Search API, find one track that evokes the feeling of ""Decisive Distance"". Return the single best matching track.","Atmospheric conditions around {subject} show a wide still airfield interacting with light curious drift, producing variable patterns. A a thin acidic drift at altitude is expected to persist through the period, shaping the overall outlook for this area.",Distance | Exploring | Decisive,The Exact Certain Gap
Withdrawing,Curiosity,Dropping,{{subject}},{{pronoun}},"{{subject}} evokes feelings of a need for space, mixed with steady interest and colored by a small collapse inside. It can feel like you need a little distance first, so you can see it clearly without losing contact.

You might begin by simply noticing these responses in your body without arguing with them. From there, give some room to the the need for space and the interest, and let the the collapse remind you to move gently and offer yourself a bit more support around {subject}.",-2.77555756156289E-17,Mixed / Neutral,"seed_genres=ambient,lo-fi&target_valence=0.50&target_energy=0.25","Using the Spotify Search API, find one track that evokes the feeling of ""Quiet Distance"". Return the single best matching track.","Atmospheric conditions around {subject} show a wide still airfield interacting with patchy exploratory flow, producing variable patterns. A a low dim undertone in the field is expected to persist through the period, shaping the overall outlook for this area.",Distance | Exploring | Quiet,The Hushed Muted Space
Withdrawing,Curiosity,Fear,{{subject}},{{pronoun}},"{{subject}} evokes feelings of a need for space, mixed with steady interest and colored by tight caution. It can feel like you need a little distance first, so you can see it clearly without losing contact.

You might begin by simply noticing these responses in your body without arguing with them. From there, give some room to the the need for space and the interest, and honor the caution by moving in small steps and checking what feels safe as you go.",-2.77555756156289E-17,Mixed / Neutral,"seed_genres=ambient,lo-fi&target_valence=0.50&target_energy=0.25","Using the Spotify Search API, find one track that evokes the feeling of ""Cautious Distance"". Return the single best matching track.","Atmospheric conditions around {subject} show a thinning distant layer interacting with restless tilting currents, producing variable patterns. A a cooling shadow line overhead is expected to persist through the period, shaping the overall outlook for this area.",Distance | Exploring | Cautious,The Careful Guarded Drift
Withdrawing,Curiosity,Joy,{{subject}},{{pronoun}},"{{subject}} evokes feelings of a need for space, mixed with steady interest and colored by warm lift. It can feel like you need a little distance first, so you can see it clearly without losing contact.

You might begin by simply noticing these responses in your body without arguing with them. From there, give some room to the the need for space and the interest, and let the warmth soften the edges so you can stay present without forcing anything.",0.4,Gently Positive,"seed_genres=ambient,lo-fi&target_valence=0.70&target_energy=0.29","Using the Spotify Search API, find one track that evokes the feeling of ""Open Distance"". Return the single best matching track.","Atmospheric conditions around {subject} show a wide still airfield interacting with patchy exploratory flow, producing variable patterns. A a quiet bright layer above is expected to persist through the period, shaping the overall outlook for this area.",Distance | Exploring | Open,The Open Welcoming Remove
Withdrawing,Curiosity,Sadness,{{subject}},{{pronoun}},"{{subject}} evokes feelings of a need for space, mixed with steady interest and colored by soft heaviness. It can feel like you need a little distance first, so you can see it clearly without losing contact.

You might begin by simply noticing these responses in your body without arguing with them. From there, give some room to the the need for space and the interest, and treat the heaviness as a signal to slow down and stay close to what really matters here.",-2.77555756156289E-17,Mixed / Neutral,"seed_genres=ambient,lo-fi&target_valence=0.50&target_energy=0.25","Using the Spotify Search API, find one track that evokes the feeling of ""Tender Distance"". Return the single best matching track.","Atmospheric conditions around {subject} show a quiet retreating band interacting with light curious drift, producing variable patterns. A a soft descending mist layer is expected to persist through the period, shaping the overall outlook for this area.",Distance | Exploring | Tender,The Gentle Soft Distance
Withdrawing,Curiosity,Surprise,{{subject}},{{pronoun}},"{{subject}} evokes feelings of a need for space, mixed with steady interest and colored by a sharp jolt. It can feel like you need a little distance first, so you can see it clearly without losing contact.

You might begin by simply noticing these responses in your body without arguing with them. From there, give some room to the the need for space and the interest, and use the the jolt as a brief pause to reset, then decide what pace actually feels right.",0.2000000000000000,Gently Positive,"seed_genres=ambient,lo-fi&target_valence=0.60&target_energy=0.27","Using the Spotify Search API, find one track that evokes the feeling of ""New Distance"". Return the single best matching track.","Atmospheric conditions around {subject} show a wide still airfield interacting with patchy exploratory flow, producing variable patterns. A a patchy scattering pattern aloft is expected to persist through the period, shaping the overall outlook for this area.",Distance | Exploring | New,The Crisp Sparkling Horizon
Withdrawing,Disgust,Anger,{{subject}},{{pronoun}},"{{subject}} evokes feelings of a need for space, mixed with an inner no and colored by protective heat. It can feel like you need a little distance first, so you can see it clearly without losing contact.

You might begin by simply noticing these responses in your body without arguing with them. From there, give some room to the the need for space and the the inner no, and let the heat help you name what is okay and what is not as you relate to {subject}.",-0.6000000000000000,Strongly Negative,"seed_genres=ambient,lo-fi&target_valence=0.20&target_energy=0.19","Using the Spotify Search API, find one track that evokes the feeling of ""Firm Distance"". Return the single best matching track.","Atmospheric conditions around {subject} show a quiet retreating band interacting with harsh particulate air, producing variable patterns. A a heated residue trailing the system is expected to persist through the period, shaping the overall outlook for this area.",Distance | Rejecting | Firm,The Hard Unyielding Gap
Withdrawing,Disgust,Curiosity,{{subject}},{{pronoun}},"{{subject}} evokes feelings of a need for space, mixed with an inner no and colored by steady interest. It can feel like you need a little distance first, so you can see it clearly without losing contact.

You might begin by simply noticing these responses in your body without arguing with them. From there, give some room to the the need for space and the the inner no, and let the interest gently invite you to stay curious without rushing your next move.",-0.2,Gently Negative,"seed_genres=ambient,lo-fi&target_valence=0.40&target_energy=0.23","Using the Spotify Search API, find one track that evokes the feeling of ""Flexible Distance"". Return the single best matching track.","Atmospheric conditions around {subject} show a quiet retreating band interacting with irregular abrasive currents, producing variable patterns. A a light exploratory shimmer aloft is expected to persist through the period, shaping the overall outlook for this area.",Distance | Rejecting | Flexible,The Tense Uneasy Space
Withdrawing,Disgust,Dropping,{{subject}},{{pronoun}},"{{subject}} evokes feelings of a need for space, mixed with an inner no and colored by a small collapse inside. It can feel like you need a little distance first, so you can see it clearly without losing contact.

You might begin by simply noticing these responses in your body without arguing with them. From there, give some room to the the need for space and the the inner no, and let the the collapse remind you to move gently and offer yourself a bit more support around {subject}.",-0.6000000000000000,Strongly Negative,"seed_genres=ambient,lo-fi&target_valence=0.20&target_energy=0.19","Using the Spotify Search API, find one track that evokes the feeling of ""Quiet Distance"". Return the single best matching track.","Atmospheric conditions around {subject} show a wide still airfield interacting with a coarse turning gust, producing variable patterns. A a settling hush near the ground is expected to persist through the period, shaping the overall outlook for this area.",Distance | Rejecting | Quiet,The Hushed Sinking Drift
Withdrawing,Disgust,Fear,{{subject}},{{pronoun}},"{{subject}} evokes feelings of a need for space, mixed with an inner no and colored by tight caution. It can feel like you need a little distance first, so you can see it clearly without losing contact.

You might begin by simply noticing these responses in your body without arguing with them. From there, give some room to the the need for space and the the inner no, and honor the caution by moving in small steps and checking what feels safe as you go.",-0.6000000000000000,Strongly Negative,"seed_genres=ambient,lo-fi&target_valence=0.20&target_energy=0.19","Using the Spotify Search API, find one track that evokes the feeling of ""Cautious Distance"". Return the single best matching track.","Atmospheric conditions around {subject} show a wide still airfield interacting with irregular abrasive currents, producing variable patterns. A a cooling shadow line overhead is expected to persist through the period, shaping the overall outlook for this area.",Distance | Rejecting | Cautious,The Watchful Wary Remove
Withdrawing,Disgust,Joy,{{subject}},{{pronoun}},"{{subject}} evokes feelings of a need for space, mixed with an inner no and colored by warm lift. It can feel like you need a little distance first, so you can see it clearly without losing contact.

You might begin by simply noticing these responses in your body without arguing with them. From there, give some room to the the need for space and the the inner no, and let the warmth soften the edges so you can stay present without forcing anything.",-0.2,Gently Negative,"seed_genres=ambient,lo-fi&target_valence=0.40&target_energy=0.23","Using the Spotify Search API, find one track that evokes the feeling of ""Open Distance"". Return the single best matching track.","Atmospheric conditions around {subject} show a thinning distant layer interacting with harsh particulate air, producing variable patterns. A a soft warming undercurrent is expected to persist through the period, shaping the overall outlook for this area.",Distance | Rejecting | Open,The Thin Vulnerable Distance
Withdrawing,Disgust,Sadness,{{subject}},{{pronoun}},"{{subject}} evokes feelings of a need for space, mixed with an inner no and colored by soft heaviness. It can feel like you need a little distance first, so you can see it clearly without losing contact.

You might begin by simply noticing these responses in your body without arguing with them. From there, give some room to the the need for space and the the inner no, and treat the heaviness as a signal to slow down and stay close to what really matters here.",-0.6000000000000000,Strongly Negative,"seed_genres=ambient,lo-fi&target_valence=0.20&target_energy=0.19","Using the Spotify Search API, find one track that evokes the feeling of ""Tender Distance"". Return the single best matching track.","Atmospheric conditions around {subject} show a wide still airfield interacting with harsh particulate air, producing variable patterns. A a tender gray overcast above is expected to persist through the period, shaping the overall outlook for this area.",Distance | Rejecting | Tender,The Raw Fragile Horizon
Withdrawing,Disgust,Surprise,{{subject}},{{pronoun}},"{{subject}} evokes feelings of a need for space, mixed with an inner no and colored by a sharp jolt. It can feel like you need a little distance first, so you can see it clearly without losing contact.

You might begin by simply noticing these responses in your body without arguing with them. From there, give some room to the the need for space and the the inner no, and use the the jolt as a brief pause to reset, then decide what pace actually feels right.",-0.4,Gently Negative,"seed_genres=ambient,lo-fi&target_valence=0.30&target_energy=0.21","Using the Spotify Search API, find one track that evokes the feeling of ""New Distance"". Return the single best matching track.","Atmospheric conditions around {subject} show a quiet retreating band interacting with harsh particulate air, producing variable patterns. A a brief flicker in the upper air is expected to persist through the period, shaping the overall outlook for this area.",Distance | Rejecting | New,The Sharp Harsh Gap
Withdrawing,Dropping,Anger,{{subject}},{{pronoun}},"{{subject}} evokes feelings of a need for space, mixed with a small collapse inside and colored by protective heat. It can feel like you need a little distance first, so you can see it clearly without losing contact.

You might begin by simply noticing these responses in your body without arguing with them. From there, give some room to the the need for space and the the collapse, and let the heat help you name what is okay and what is not as you relate to {subject}.",-0.6000000000000000,Strongly Negative,"seed_genres=ambient,lo-fi&target_valence=0.20&target_energy=0.19","Using the Spotify Search API, find one track that evokes the feeling of ""Firm Distance"". Return the single best matching track.","Atmospheric conditions around {subject} show a quiet retreating band interacting with low drifting haze, producing variable patterns. A a thin aggressive echo aloft is expected to persist through the period, shaping the overall outlook for this area.",Distance | Yielding | Firm,The Fixed Severe Space
Withdrawing,Dropping,Curiosity,{{subject}},{{pronoun}},"{{subject}} evokes feelings of a need for space, mixed with a small collapse inside and colored by steady interest. It can feel like you need a little distance first, so you can see it clearly without losing contact.

You might begin by simply noticing these responses in your body without arguing with them. From there, give some room to the the need for space and the the collapse, and let the interest gently invite you to stay curious without rushing your next move.",-0.2,Gently Negative,"seed_genres=ambient,lo-fi&target_valence=0.40&target_energy=0.23","Using the Spotify Search API, find one track that evokes the feeling of ""Flexible Distance"". Return the single best matching track.","Atmospheric conditions around {subject} show a thinning distant layer interacting with sinking trailing clouds, producing variable patterns. A a light exploratory shimmer aloft is expected to persist through the period, shaping the overall outlook for this area.",Distance | Yielding | Flexible,The Wavering Unsteady Drift
Withdrawing,Dropping,Disgust,{{subject}},{{pronoun}},"{{subject}} evokes feelings of a need for space, mixed with a small collapse inside and colored by an inner no. It can feel like you need a little distance first, so you can see it clearly without losing contact.

You might begin by simply noticing these responses in your body without arguing with them. From there, give some room to the the need for space and the the collapse, and use the the inner no to sort what belongs close and what needs more distance.",-0.6000000000000000,Strongly Negative,"seed_genres=ambient,lo-fi&target_valence=0.20&target_energy=0.19","Using the Spotify Search API, find one track that evokes the feeling of ""Decisive Distance"". Return the single best matching track.","Atmospheric conditions around {subject} show a thinning distant layer interacting with a fading underside layer, producing variable patterns. A a thin acidic drift at altitude is expected to persist through the period, shaping the overall outlook for this area.",Distance | Yielding | Decisive,The Relentless Harsh Remove
Withdrawing,Dropping,Fear,{{subject}},{{pronoun}},"{{subject}} evokes feelings of a need for space, mixed with a small collapse inside and colored by tight caution. It can feel like you need a little distance first, so you can see it clearly without losing contact.

You might begin by simply noticing these responses in your body without arguing with them. From there, give some room to the the need for space and the the collapse, and honor the caution by moving in small steps and checking what feels safe as you go.",-0.6000000000000000,Strongly Negative,"seed_genres=ambient,lo-fi&target_valence=0.20&target_energy=0.19","Using the Spotify Search API, find one track that evokes the feeling of ""Cautious Distance"". Return the single best matching track.","Atmospheric conditions around {subject} show a quiet retreating band interacting with a fading underside layer, producing variable patterns. A a cooling shadow line overhead is expected to persist through the period, shaping the overall outlook for this area.",Distance | Yielding | Cautious,The Edgy Nervous Distance
Withdrawing,Dropping,Joy,{{subject}},{{pronoun}},"{{subject}} evokes feelings of a need for space, mixed with a small collapse inside and colored by warm lift. It can feel like you need a little distance first, so you can see it clearly without losing contact.

You might begin by simply noticing these responses in your body without arguing with them. From there, give some room to the the need for space and the the collapse, and let the warmth soften the edges so you can stay present without forcing anything.",-0.2,Gently Negative,"seed_genres=ambient,lo-fi&target_valence=0.40&target_energy=0.23","Using the Spotify Search API, find one track that evokes the feeling of ""Open Distance"". Return the single best matching track.","Atmospheric conditions around {subject} show a thinning distant layer interacting with low drifting haze, producing variable patterns. A a soft warming undercurrent is expected to persist through the period, shaping the overall outlook for this area.",Distance | Yielding | Open,The Exposed Bare Horizon
Withdrawing,Dropping,Sadness,{{subject}},{{pronoun}},"{{subject}} evokes feelings of a need for space, mixed with a small collapse inside and colored by soft heaviness. It can feel like you need a little distance first, so you can see it clearly without losing contact.

You might begin by simply noticing these responses in your body without arguing with them. From there, give some room to the the need for space and the the collapse, and treat the heaviness as a signal to slow down and stay close to what really matters here.",-0.6000000000000000,Strongly Negative,"seed_genres=ambient,lo-fi&target_valence=0.20&target_energy=0.19","Using the Spotify Search API, find one track that evokes the feeling of ""Tender Distance"". Return the single best matching track.","Atmospheric conditions around {subject} show a thinning distant layer interacting with low drifting haze, producing variable patterns. A a soft descending mist layer is expected to persist through the period, shaping the overall outlook for this area.",Distance | Yielding | Tender,The Exposed Frayed Gap
Withdrawing,Dropping,Surprise,{{subject}},{{pronoun}},"{{subject}} evokes feelings of a need for space, mixed with a small collapse inside and colored by a sharp jolt. It can feel like you need a little distance first, so you can see it clearly without losing contact.

You might begin by simply noticing these responses in your body without arguing with them. From there, give some room to the the need for space and the the collapse, and use the the jolt as a brief pause to reset, then decide what pace actually feels right.",-0.4,Gently Negative,"seed_genres=ambient,lo-fi&target_valence=0.30&target_energy=0.21","Using the Spotify Search API, find one track that evokes the feeling of ""New Distance"". Return the single best matching track.","Atmospheric conditions around {subject} show a quiet retreating band interacting with low drifting haze, producing variable patterns. A a brief flicker in the upper air is expected to persist through the period, shaping the overall outlook for this area.",Distance | Yielding | New,The Jarring Abrupt Space
Withdrawing,Fear,Anger,{{subject}},{{pronoun}},"{{subject}} evokes feelings of a need for space, mixed with tight caution and colored by protective heat. It can feel like you need a little distance first, so you can see it clearly without losing contact.

You might begin by simply noticing these responses in your body without arguing with them. From there, give some room to the the need for space and the caution, and let the heat help you name what is okay and what is not as you relate to {subject}.",-0.6000000000000000,Strongly Negative,"seed_genres=ambient,lo-fi&target_valence=0.20&target_energy=0.19","Using the Spotify Search API, find one track that evokes the feeling of ""Firm Distance"". Return the single best matching track.","Atmospheric conditions around {subject} show a thinning distant layer interacting with a cautious, constricting flow, producing variable patterns. A a heated residue trailing the system is expected to persist through the period, shaping the overall outlook for this area.",Distance | Protecting | Firm,The Tense Rigid Drift
Withdrawing,Fear,Curiosity,{{subject}},{{pronoun}},"{{subject}} evokes feelings of a need for space, mixed with tight caution and colored by steady interest. It can feel like you need a little distance first, so you can see it clearly without losing contact.

You might begin by simply noticing these responses in your body without arguing with them. From there, give some room to the the need for space and the caution, and let the interest gently invite you to stay curious without rushing your next move.",-0.2,Gently Negative,"seed_genres=ambient,lo-fi&target_valence=0.40&target_energy=0.23","Using the Spotify Search API, find one track that evokes the feeling of ""Flexible Distance"". Return the single best matching track.","Atmospheric conditions around {subject} show a wide still airfield interacting with a cautious, constricting flow, producing variable patterns. A thin curiosity haze is expected to persist through the period, shaping the overall outlook for this area.",Distance | Protecting | Flexible,The Slippery Shifting Remove
Withdrawing,Fear,Disgust,{{subject}},{{pronoun}},"{{subject}} evokes feelings of a need for space, mixed with tight caution and colored by an inner no. It can feel like you need a little distance first, so you can see it clearly without losing contact.

You might begin by simply noticing these responses in your body without arguing with them. From there, give some room to the the need for space and the caution, and use the the inner no to sort what belongs close and what needs more distance.",-0.6000000000000000,Strongly Negative,"seed_genres=ambient,lo-fi&target_valence=0.20&target_energy=0.19","Using the Spotify Search API, find one track that evokes the feeling of ""Decisive Distance"". Return the single best matching track.","Atmospheric conditions around {subject} show a thinning distant layer interacting with a cautious, constricting flow, producing variable patterns. A a sharp edge in the higher air is expected to persist through the period, shaping the overall outlook for this area.",Distance | Protecting | Decisive,The Severe Cutting Distance
Withdrawing,Fear,Dropping,{{subject}},{{pronoun}},"{{subject}} evokes feelings of a need for space, mixed with tight caution and colored by a small collapse inside. It can feel like you need a little distance first, so you can see it clearly without losing contact.

You might begin by simply noticing these responses in your body without arguing with them. From there, give some room to the the need for space and the caution, and let the the collapse remind you to move gently and offer yourself a bit more support around {subject}.",-0.6000000000000000,Strongly Negative,"seed_genres=ambient,lo-fi&target_valence=0.20&target_energy=0.19","Using the Spotify Search API, find one track that evokes the feeling of ""Quiet Distance"". Return the single best matching track.","Atmospheric conditions around {subject} show a thinning distant layer interacting with a narrow cautious band, producing variable patterns. A a low dim undertone in the field is expected to persist through the period, shaping the overall outlook for this area.",Distance | Protecting | Quiet,The Muted Dim Horizon
Withdrawing,Fear,Joy,{{subject}},{{pronoun}},"{{subject}} evokes feelings of a need for space, mixed with tight caution and colored by warm lift. It can feel like you need a little distance first, so you can see it clearly without losing contact.

You might begin by simply noticing these responses in your body without arguing with them. From there, give some room to the the need for space and the caution, and let the warmth soften the edges so you can stay present without forcing anything.",-0.2,Gently Negative,"seed_genres=ambient,lo-fi&target_valence=0.40&target_energy=0.23","Using the Spotify Search API, find one track that evokes the feeling of ""Open Distance"". Return the single best matching track.","Atmospheric conditions around {subject} show a quiet retreating band interacting with tightening cool layers, producing variable patterns. A a soft warming undercurrent is expected to persist through the period, shaping the overall outlook for this area.",Distance | Protecting | Open,The Raw Unprotected Gap
Withdrawing,Fear,Sadness,{{subject}},{{pronoun}},"{{subject}} evokes feelings of a need for space, mixed with tight caution and colored by soft heaviness. It can feel like you need a little distance first, so you can see it clearly without losing contact.

You might begin by simply noticing these responses in your body without arguing with them. From there, give some room to the the need for space and the caution, and treat the heaviness as a signal to slow down and stay close to what really matters here.",-0.6000000000000000,Strongly Negative,"seed_genres=ambient,lo-fi&target_valence=0.20&target_energy=0.19","Using the Spotify Search API, find one track that evokes the feeling of ""Tender Distance"". Return the single best matching track.","Atmospheric conditions around {subject} show a wide still airfield interacting with a narrow cautious band, producing variable patterns. A a soft descending mist layer is expected to persist through the period, shaping the overall outlook for this area.",Distance | Protecting | Tender,The Sore Bruised Space
Withdrawing,Fear,Surprise,{{subject}},{{pronoun}},"{{subject}} evokes feelings of a need for space, mixed with tight caution and colored by a sharp jolt. It can feel like you need a little distance first, so you can see it clearly without losing contact.

You might begin by simply noticing these responses in your body without arguing with them. From there, give some room to the the need for space and the caution, and use the the jolt as a brief pause to reset, then decide what pace actually feels right.",-0.4,Gently Negative,"seed_genres=ambient,lo-fi&target_valence=0.30&target_energy=0.21","Using the Spotify Search API, find one track that evokes the feeling of ""New Distance"". Return the single best matching track.","Atmospheric conditions around {subject} show a quiet retreating band interacting with a narrow cautious band, producing variable patterns. A a brief flicker in the upper air is expected to persist through the period, shaping the overall outlook for this area.",Distance | Protecting | New,The Sudden Startling Drift
Withdrawing,Joy,Anger,{{subject}},{{pronoun}},"{{subject}} evokes feelings of a need for space, mixed with warm lift and colored by protective heat. It can feel like you need a little distance first, so you can see it clearly without losing contact.

You might begin by simply noticing these responses in your body without arguing with them. From there, give some room to the the need for space and the warmth, and let the heat help you name what is okay and what is not as you relate to {subject}.",-2.77555756156289E-17,Mixed / Neutral,"seed_genres=ambient,lo-fi&target_valence=0.50&target_energy=0.25","Using the Spotify Search API, find one track that evokes the feeling of ""Firm Distance"". Return the single best matching track.","Atmospheric conditions around {subject} show a wide still airfield interacting with gentle lifting pockets, producing variable patterns. A a heated residue trailing the system is expected to persist through the period, shaping the overall outlook for this area.",Distance | Bonding | Firm,The Steady Rooted Remove
Withdrawing,Joy,Curiosity,{{subject}},{{pronoun}},"{{subject}} evokes feelings of a need for space, mixed with warm lift and colored by steady interest. It can feel like you need a little distance first, so you can see it clearly without losing contact.

You might begin by simply noticing these responses in your body without arguing with them. From there, give some room to the the need for space and the warmth, and let the interest gently invite you to stay curious without rushing your next move.",0.4,Gently Positive,"seed_genres=ambient,lo-fi&target_valence=0.70&target_energy=0.29","Using the Spotify Search API, find one track that evokes the feeling of ""Flexible Distance"". Return the single best matching track.","Atmospheric conditions around {subject} show a quiet retreating band interacting with a mild brightening trend, producing variable patterns. A a light exploratory shimmer aloft is expected to persist through the period, shaping the overall outlook for this area.",Distance | Bonding | Flexible,The Leaning Supple Distance
Withdrawing,Joy,Disgust,{{subject}},{{pronoun}},"{{subject}} evokes feelings of a need for space, mixed with warm lift and colored by an inner no. It can feel like you need a little distance first, so you can see it clearly without losing contact.

You might begin by simply noticing these responses in your body without arguing with them. From there, give some room to the the need for space and the warmth, and use the the inner no to sort what belongs close and what needs more distance.",-2.77555756156289E-17,Mixed / Neutral,"seed_genres=ambient,lo-fi&target_valence=0.50&target_energy=0.25","Using the Spotify Search API, find one track that evokes the feeling of ""Decisive Distance"". Return the single best matching track.","Atmospheric conditions around {subject} show a wide still airfield interacting with gentle lifting pockets, producing variable patterns. A a sharp edge in the higher air is expected to persist through the period, shaping the overall outlook for this area.",Distance | Bonding | Decisive,The Exact Certain Horizon
Withdrawing,Joy,Dropping,{{subject}},{{pronoun}},"{{subject}} evokes feelings of a need for space, mixed with warm lift and colored by a small collapse inside. It can feel like you need a little distance first, so you can see it clearly without losing contact.

You might begin by simply noticing these responses in your body without arguing with them. From there, give some room to the the need for space and the warmth, and let the the collapse remind you to move gently and offer yourself a bit more support around {subject}.",-2.77555756156289E-17,Mixed / Neutral,"seed_genres=ambient,lo-fi&target_valence=0.50&target_energy=0.25","Using the Spotify Search API, find one track that evokes the feeling of ""Quiet Distance"". Return the single best matching track.","Atmospheric conditions around {subject} show a thinning distant layer interacting with a mild brightening trend, producing variable patterns. A a settling hush near the ground is expected to persist through the period, shaping the overall outlook for this area.",Distance | Bonding | Quiet,The Hushed Muted Gap
Withdrawing,Joy,Fear,{{subject}},{{pronoun}},"{{subject}} evokes feelings of a need for space, mixed with warm lift and colored by tight caution. It can feel like you need a little distance first, so you can see it clearly without losing contact.

You might begin by simply noticing these responses in your body without arguing with them. From there, give some room to the the need for space and the warmth, and honor the caution by moving in small steps and checking what feels safe as you go.",-2.77555756156289E-17,Mixed / Neutral,"seed_genres=ambient,lo-fi&target_valence=0.50&target_energy=0.25","Using the Spotify Search API, find one track that evokes the feeling of ""Cautious Distance"". Return the single best matching track.","Atmospheric conditions around {subject} show a quiet retreating band interacting with soft warming air, producing variable patterns. A a narrow watchful band at higher levels is expected to persist through the period, shaping the overall outlook for this area.",Distance | Bonding | Cautious,The Careful Guarded Space
Withdrawing,Joy,Sadness,{{subject}},{{pronoun}},"{{subject}} evokes feelings of a need for space, mixed with warm lift and colored by soft heaviness. It can feel like you need a little distance first, so you can see it clearly without losing contact.

You might begin by simply noticing these responses in your body without arguing with them. From there, give some room to the the need for space and the warmth, and treat the heaviness as a signal to slow down and stay close to what really matters here.",-2.77555756156289E-17,Mixed / Neutral,"seed_genres=ambient,lo-fi&target_valence=0.50&target_energy=0.25","Using the Spotify Search API, find one track that evokes the feeling of ""Tender Distance"". Return the single best matching track.","Atmospheric conditions around {subject} show a wide still airfield interacting with a mild brightening trend, producing variable patterns. A a soft descending mist layer is expected to persist through the period, shaping the overall outlook for this area.",Distance | Bonding | Tender,The Quiet Light Drift
Withdrawing,Joy,Surprise,{{subject}},{{pronoun}},"{{subject}} evokes feelings of a need for space, mixed with warm lift and colored by a sharp jolt. It can feel like you need a little distance first, so you can see it clearly without losing contact.

You might begin by simply noticing these responses in your body without arguing with them. From there, give some room to the the need for space and the warmth, and use the the jolt as a brief pause to reset, then decide what pace actually feels right.",0.2000000000000000,Gently Positive,"seed_genres=ambient,lo-fi&target_valence=0.60&target_energy=0.27","Using the Spotify Search API, find one track that evokes the feeling of ""New Distance"". Return the single best matching track.","Atmospheric conditions around {subject} show a thinning distant layer interacting with gentle lifting pockets, producing variable patterns. A a patchy scattering pattern aloft is expected to persist through the period, shaping the overall outlook for this area.",Distance | Bonding | New,The Surprising Lively Remove
Withdrawing,Sadness,Anger,{{subject}},{{pronoun}},"{{subject}} evokes feelings of a need for space, mixed with soft heaviness and colored by protective heat. It can feel like you need a little distance first, so you can see it clearly without losing contact.

You might begin by simply noticing these responses in your body without arguing with them. From there, give some room to the the need for space and the heaviness, and let the heat help you name what is okay and what is not as you relate to {subject}.",-0.6000000000000000,Strongly Negative,"seed_genres=ambient,lo-fi&target_valence=0.20&target_energy=0.19","Using the Spotify Search API, find one track that evokes the feeling of ""Firm Distance"". Return the single best matching track.","Atmospheric conditions around {subject} show a quiet retreating band interacting with muted rain bands, producing variable patterns. A a thin aggressive echo aloft is expected to persist through the period, shaping the overall outlook for this area.",Distance | Grieving | Firm,The Fixed Severe Distance
Withdrawing,Sadness,Curiosity,{{subject}},{{pronoun}},"{{subject}} evokes feelings of a need for space, mixed with soft heaviness and colored by steady interest. It can feel like you need a little distance first, so you can see it clearly without losing contact.

You might begin by simply noticing these responses in your body without arguing with them. From there, give some room to the the need for space and the heaviness, and let the interest gently invite you to stay curious without rushing your next move.",-0.2,Gently Negative,"seed_genres=ambient,lo-fi&target_valence=0.40&target_energy=0.23","Using the Spotify Search API, find one track that evokes the feeling of ""Flexible Distance"". Return the single best matching track.","Atmospheric conditions around {subject} show a quiet retreating band interacting with a damp, heavy drift, producing variable patterns. A thin curiosity haze is expected to persist through the period, shaping the overall outlook for this area.",Distance | Grieving | Flexible,The Wavering Unsteady Horizon
Withdrawing,Sadness,Disgust,{{subject}},{{pronoun}},"{{subject}} evokes feelings of a need for space, mixed with soft heaviness and colored by an inner no. It can feel like you need a little distance first, so you can see it clearly without losing contact.

You might begin by simply noticing these responses in your body without arguing with them. From there, give some room to the the need for space and the heaviness, and use the the inner no to sort what belongs close and what needs more distance.",-0.6000000000000000,Strongly Negative,"seed_genres=ambient,lo-fi&target_valence=0.20&target_energy=0.19","Using the Spotify Search API, find one track that evokes the feeling of ""Decisive Distance"". Return the single best matching track.","Atmospheric conditions around {subject} show a wide still airfield interacting with a damp, heavy drift, producing variable patterns. A a thin acidic drift at altitude is expected to persist through the period, shaping the overall outlook for this area.",Distance | Grieving | Decisive,The Relentless Harsh Gap
Withdrawing,Sadness,Dropping,{{subject}},{{pronoun}},"{{subject}} evokes feelings of a need for space, mixed with soft heaviness and colored by a small collapse inside. It can feel like you need a little distance first, so you can see it clearly without losing contact.

You might begin by simply noticing these responses in your body without arguing with them. From there, give some room to the the need for space and the heaviness, and let the the collapse remind you to move gently and offer yourself a bit more support around {subject}.",-0.6000000000000000,Strongly Negative,"seed_genres=ambient,lo-fi&target_valence=0.20&target_energy=0.19","Using the Spotify Search API, find one track that evokes the feeling of ""Quiet Distance"". Return the single best matching track.","Atmospheric conditions around {subject} show a wide still airfield interacting with slow trailing showers, producing variable patterns. A a settling hush near the ground is expected to persist through the period, shaping the overall outlook for this area.",Distance | Grieving | Quiet,The Hushed Sinking Space
Withdrawing,Sadness,Fear,{{subject}},{{pronoun}},"{{subject}} evokes feelings of a need for space, mixed with soft heaviness and colored by tight caution. It can feel like you need a little distance first, so you can see it clearly without losing contact.

You might begin by simply noticing these responses in your body without arguing with them. From there, give some room to the the need for space and the heaviness, and honor the caution by moving in small steps and checking what feels safe as you go.",-0.6000000000000000,Strongly Negative,"seed_genres=ambient,lo-fi&target_valence=0.20&target_energy=0.19","Using the Spotify Search API, find one track that evokes the feeling of ""Cautious Distance"". Return the single best matching track.","Atmospheric conditions around {subject} show a wide still airfield interacting with slow trailing showers, producing variable patterns. A a cooling shadow line overhead is expected to persist through the period, shaping the overall outlook for this area.",Distance | Grieving | Cautious,The Watchful Wary Drift
Withdrawing,Sadness,Joy,{{subject}},{{pronoun}},"{{subject}} evokes feelings of a need for space, mixed with soft heaviness and colored by warm lift. It can feel like you need a little distance first, so you can see it clearly without losing contact.

You might begin by simply noticing these responses in your body without arguing with them. From there, give some room to the the need for space and the heaviness, and let the warmth soften the edges so you can stay present without forcing anything.",-0.2,Gently Negative,"seed_genres=ambient,lo-fi&target_valence=0.40&target_energy=0.23","Using the Spotify Search API, find one track that evokes the feeling of ""Open Distance"". Return the single best matching track.","Atmospheric conditions around {subject} show a wide still airfield interacting with muted rain bands, producing variable patterns. A a quiet bright layer above is expected to persist through the period, shaping the overall outlook for this area.",Distance | Grieving | Open,The Thin Vulnerable Remove
Withdrawing,Sadness,Surprise,{{subject}},{{pronoun}},"{{subject}} evokes feelings of a need for space, mixed with soft heaviness and colored by a sharp jolt. It can feel like you need a little distance first, so you can see it clearly without losing contact.

You might begin by simply noticing these responses in your body without arguing with them. From there, give some room to the the need for space and the heaviness, and use the the jolt as a brief pause to reset, then decide what pace actually feels right.",-0.4,Gently Negative,"seed_genres=ambient,lo-fi&target_valence=0.30&target_energy=0.21","Using the Spotify Search API, find one track that evokes the feeling of ""New Distance"". Return the single best matching track.","Atmospheric conditions around {subject} show a thinning distant layer interacting with muted rain bands, producing variable patterns. A a patchy scattering pattern aloft is expected to persist through the period, shaping the overall outlook for this area.",Distance | Grieving | New,The Jarring Abrupt Distance
Withdrawing,Surprise,Anger,{{subject}},{{pronoun}},"{{subject}} evokes feelings of a need for space, mixed with a sharp jolt and colored by protective heat. It can feel like you need a little distance first, so you can see it clearly without losing contact.

You might begin by simply noticing these responses in your body without arguing with them. From there, give some room to the the need for space and the the jolt, and let the heat help you name what is okay and what is not as you relate to {subject}.",-0.3,Gently Negative,"seed_genres=ambient,lo-fi&target_valence=0.35&target_energy=0.22","Using the Spotify Search API, find one track that evokes the feeling of ""Firm Distance"". Return the single best matching track.","Atmospheric conditions around {subject} show a quiet retreating band interacting with brief unexpected shifts, producing variable patterns. A a heated residue trailing the system is expected to persist through the period, shaping the overall outlook for this area.",Distance | Clearing | Firm,The Tense Rigid Horizon
Withdrawing,Surprise,Curiosity,{{subject}},{{pronoun}},"{{subject}} evokes feelings of a need for space, mixed with a sharp jolt and colored by steady interest. It can feel like you need a little distance first, so you can see it clearly without losing contact.

You might begin by simply noticing these responses in your body without arguing with them. From there, give some room to the the need for space and the the jolt, and let the interest gently invite you to stay curious without rushing your next move.",0.1,Mixed / Neutral,"seed_genres=ambient,lo-fi&target_valence=0.55&target_energy=0.26","Using the Spotify Search API, find one track that evokes the feeling of ""Flexible Distance"". Return the single best matching track.","Atmospheric conditions around {subject} show a wide still airfield interacting with scattered short bursts, producing variable patterns. A thin curiosity haze is expected to persist through the period, shaping the overall outlook for this area.",Distance | Clearing | Flexible,The Curving Gentle Gap
Withdrawing,Surprise,Disgust,{{subject}},{{pronoun}},"{{subject}} evokes feelings of a need for space, mixed with a sharp jolt and colored by an inner no. It can feel like you need a little distance first, so you can see it clearly without losing contact.

You might begin by simply noticing these responses in your body without arguing with them. From there, give some room to the the need for space and the the jolt, and use the the inner no to sort what belongs close and what needs more distance.",-0.3,Gently Negative,"seed_genres=ambient,lo-fi&target_valence=0.35&target_energy=0.22","Using the Spotify Search API, find one track that evokes the feeling of ""Decisive Distance"". Return the single best matching track.","Atmospheric conditions around {subject} show a thinning distant layer interacting with broken, shifting patches, producing variable patterns. A a thin acidic drift at altitude is expected to persist through the period, shaping the overall outlook for this area.",Distance | Clearing | Decisive,The Severe Cutting Space
Withdrawing,Surprise,Dropping,{{subject}},{{pronoun}},"{{subject}} evokes feelings of a need for space, mixed with a sharp jolt and colored by a small collapse inside. It can feel like you need a little distance first, so you can see it clearly without losing contact.

You might begin by simply noticing these responses in your body without arguing with them. From there, give some room to the the need for space and the the jolt, and let the the collapse remind you to move gently and offer yourself a bit more support around {subject}.",-0.3,Gently Negative,"seed_genres=ambient,lo-fi&target_valence=0.35&target_energy=0.22","Using the Spotify Search API, find one track that evokes the feeling of ""Quiet Distance"". Return the single best matching track.","Atmospheric conditions around {subject} show a thinning distant layer interacting with scattered short bursts, producing variable patterns. A a low dim undertone in the field is expected to persist through the period, shaping the overall outlook for this area.",Distance | Clearing | Quiet,The Muted Dim Drift
Withdrawing,Surprise,Fear,{{subject}},{{pronoun}},"{{subject}} evokes feelings of a need for space, mixed with a sharp jolt and colored by tight caution. It can feel like you need a little distance first, so you can see it clearly without losing contact.

You might begin by simply noticing these responses in your body without arguing with them. From there, give some room to the the need for space and the the jolt, and honor the caution by moving in small steps and checking what feels safe as you go.",-0.3,Gently Negative,"seed_genres=ambient,lo-fi&target_valence=0.35&target_energy=0.22","Using the Spotify Search API, find one track that evokes the feeling of ""Cautious Distance"". Return the single best matching track.","Atmospheric conditions around {subject} show a quiet retreating band interacting with scattered short bursts, producing variable patterns. A a narrow watchful band at higher levels is expected to persist through the period, shaping the overall outlook for this area.",Distance | Clearing | Cautious,The Edgy Nervous Remove
Withdrawing,Surprise,Joy,{{subject}},{{pronoun}},"{{subject}} evokes feelings of a need for space, mixed with a sharp jolt and colored by warm lift. It can feel like you need a little distance first, so you can see it clearly without losing contact.

You might begin by simply noticing these responses in your body without arguing with them. From there, give some room to the the need for space and the the jolt, and let the warmth soften the edges so you can stay present without forcing anything.",0.1,Mixed / Neutral,"seed_genres=ambient,lo-fi&target_valence=0.55&target_energy=0.26","Using the Spotify Search API, find one track that evokes the feeling of ""Open Distance"". Return the single best matching track.","Atmospheric conditions around {subject} show a quiet retreating band interacting with brief unexpected shifts, producing variable patterns. A a quiet bright layer above is expected to persist through the period, shaping the overall outlook for this area.",Distance | Clearing | Open,The Open Plain Distance
Withdrawing,Surprise,Sadness,{{subject}},{{pronoun}},"{{subject}} evokes feelings of a need for space, mixed with a sharp jolt and colored by soft heaviness. It can feel like you need a little distance first, so you can see it clearly without losing contact.

You might begin by simply noticing these responses in your body without arguing with them. From there, give some room to the the need for space and the the jolt, and treat the heaviness as a signal to slow down and stay close to what really matters here.",-0.3,Gently Negative,"seed_genres=ambient,lo-fi&target_valence=0.35&target_energy=0.22","Using the Spotify Search API, find one track that evokes the feeling of ""Tender Distance"". Return the single best matching track.","Atmospheric conditions around {subject} show a quiet retreating band interacting with scattered short bursts, producing variable patterns. A a soft descending mist layer is expected to persist through the period, shaping the overall outlook for this area.",Distance | Clearing | Tender,The Exposed Frayed Horizon
Sadness,Anger,Curiosity,{{subject}},{{pronoun}},"{{subject}} evokes feelings of soft heaviness that pull you inward, entangled with protective heat and touched by steady interest. It may register as a quiet ache that still wants to understand what this means to you.

You might begin by simply noticing these responses in your body without arguing with them. From there, give some room to the heaviness and the heat, and let the interest gently invite you to stay curious without rushing your next move.",-0.6000000000000000,Strongly Negative,"seed_genres=sad-indie,ambient&target_valence=0.20&target_energy=0.24","Using the Spotify Search API, find one track that evokes the feeling of ""Flexible Depth"". Return the single best matching track.","Atmospheric conditions around {subject} show a low gray ceiling interacting with a sharp heated edge, producing variable patterns. A a light exploratory shimmer aloft is expected to persist through the period, shaping the overall outlook for this area.",Depth | Defending | Flexible,The Tense Uneasy Depth
Sadness,Anger,Disgust,{{subject}},{{pronoun}},"{{subject}} evokes feelings of soft heaviness that pull you inward, entangled with protective heat and touched by an inner no. It may register as a quiet ache that still wants to understand what this means to you.

You might begin by simply noticing these responses in your body without arguing with them. From there, give some room to the heaviness and the heat, and use the the inner no to sort what belongs close and what needs more distance.",-1.0,Strongly Negative,"seed_genres=sad-indie,ambient&target_valence=0.00&target_energy=0.20","Using the Spotify Search API, find one track that evokes the feeling of ""Decisive Depth"". Return the single best matching track.","Atmospheric conditions around {subject} show a lingering overcast layer interacting with a pressing hot strip, producing variable patterns. A a sharp edge in the higher air is expected to persist through the period, shaping the overall outlook for this area.",Depth | Defending | Decisive,The Sharp Final Well
Sadness,Anger,Dropping,{{subject}},{{pronoun}},"{{subject}} evokes feelings of soft heaviness that pull you inward, entangled with protective heat and touched by a small collapse inside. It may register as a quiet ache that still wants to understand what this means to you.

You might begin by simply noticing these responses in your body without arguing with them. From there, give some room to the heaviness and the heat, and let the the collapse remind you to move gently and offer yourself a bit more support around {subject}.",-1.0,Strongly Negative,"seed_genres=sad-indie,ambient&target_valence=0.00&target_energy=0.20","Using the Spotify Search API, find one track that evokes the feeling of ""Quiet Depth"". Return the single best matching track.","Atmospheric conditions around {subject} show a lingering overcast layer interacting with a sharp heated edge, producing variable patterns. A a settling hush near the ground is expected to persist through the period, shaping the overall outlook for this area.",Depth | Defending | Quiet,The Low Smothered Ocean
Sadness,Anger,Fear,{{subject}},{{pronoun}},"{{subject}} evokes feelings of soft heaviness that pull you inward, entangled with protective heat and touched by tight caution. It may register as a quiet ache that still wants to understand what this means to you.

You might begin by simply noticing these responses in your body without arguing with them. From there, give some room to the heaviness and the heat, and honor the caution by moving in small steps and checking what feels safe as you go.",-1.0,Strongly Negative,"seed_genres=sad-indie,ambient&target_valence=0.00&target_energy=0.20","Using the Spotify Search API, find one track that evokes the feeling of ""Cautious Depth"". Return the single best matching track.","Atmospheric conditions around {subject} show a slow drifting rain field interacting with a sharp heated edge, producing variable patterns. A a cooling shadow line overhead is expected to persist through the period, shaping the overall outlook for this area.",Depth | Defending | Cautious,The Guarded Tight Abyss
Sadness,Anger,Joy,{{subject}},{{pronoun}},"{{subject}} evokes feelings of soft heaviness that pull you inward, entangled with protective heat and touched by warm lift. It may register as a quiet ache that still wants to understand what this means to you.

You might begin by simply noticing these responses in your body without arguing with them. From there, give some room to the heaviness and the heat, and let the warmth soften the edges so you can stay present without forcing anything.",-0.6000000000000000,Strongly Negative,"seed_genres=sad-indie,ambient&target_valence=0.20&target_energy=0.24","Using the Spotify Search API, find one track that evokes the feeling of ""Open Depth"". Return the single best matching track.","Atmospheric conditions around {subject} show a slow drifting rain field interacting with a tense, loaded boundary, producing variable patterns. A a quiet bright layer above is expected to persist through the period, shaping the overall outlook for this area.",Depth | Defending | Open,The Raw Unprotected Chasm
Sadness,Anger,Withdrawing,{{subject}},{{pronoun}},"{{subject}} evokes feelings of soft heaviness that pull you inward, entangled with protective heat and touched by a need for space. It may register as a quiet ache that still wants to understand what this means to you.

You might begin by simply noticing these responses in your body without arguing with them. From there, give some room to the heaviness and the heat, and honor the the need for space by giving yourself room to breathe before deciding what you want to do.",-0.8400000000000000,Strongly Negative,"seed_genres=sad-indie,ambient&target_valence=0.08&target_energy=0.22","Using the Spotify Search API, find one track that evokes the feeling of ""Objective Depth"". Return the single best matching track.","Atmospheric conditions around {subject} show a low gray ceiling interacting with a sharp heated edge, producing variable patterns. A an open still band on the horizon is expected to persist through the period, shaping the overall outlook for this area.",Depth | Defending | Objective,The Cool Removed Current
Sadness,Anger,Surprise,{{subject}},{{pronoun}},"{{subject}} evokes feelings of soft heaviness that pull you inward, entangled with protective heat and touched by a sharp jolt. It may register as a quiet ache that still wants to understand what this means to you.

You might begin by simply noticing these responses in your body without arguing with them. From there, give some room to the heaviness and the heat, and use the the jolt as a brief pause to reset, then decide what pace actually feels right.",-0.8,Strongly Negative,"seed_genres=sad-indie,ambient&target_valence=0.10&target_energy=0.22","Using the Spotify Search API, find one track that evokes the feeling of ""New Depth"". Return the single best matching track.","Atmospheric conditions around {subject} show a low gray ceiling interacting with a tense, loaded boundary, producing variable patterns. A a patchy scattering pattern aloft is expected to persist through the period, shaping the overall outlook for this area.",Depth | Defending | New,The Sudden Startling Depth
Sadness,Curiosity,Anger,{{subject}},{{pronoun}},"{{subject}} evokes feelings of soft heaviness that pull you inward, entangled with steady interest and touched by protective heat. It may register as a quiet ache that still wants to understand what this means to you.

You might begin by simply noticing these responses in your body without arguing with them. From there, give some room to the heaviness and the interest, and let the heat help you name what is okay and what is not as you relate to {subject}.",-0.4,Gently Negative,"seed_genres=sad-indie,ambient&target_valence=0.30&target_energy=0.26","Using the Spotify Search API, find one track that evokes the feeling of ""Firm Depth"". Return the single best matching track.","Atmospheric conditions around {subject} show a lingering overcast layer interacting with restless tilting currents, producing variable patterns. A a thin aggressive echo aloft is expected to persist through the period, shaping the overall outlook for this area.",Depth | Exploring | Firm,The Hard Unyielding Well
Sadness,Curiosity,Disgust,{{subject}},{{pronoun}},"{{subject}} evokes feelings of soft heaviness that pull you inward, entangled with steady interest and touched by an inner no. It may register as a quiet ache that still wants to understand what this means to you.

You might begin by simply noticing these responses in your body without arguing with them. From there, give some room to the heaviness and the interest, and use the the inner no to sort what belongs close and what needs more distance.",-0.4,Gently Negative,"seed_genres=sad-indie,ambient&target_valence=0.30&target_energy=0.26","Using the Spotify Search API, find one track that evokes the feeling of ""Decisive Depth"". Return the single best matching track.","Atmospheric conditions around {subject} show a low gray ceiling interacting with light curious drift, producing variable patterns. A a thin acidic drift at altitude is expected to persist through the period, shaping the overall outlook for this area.",Depth | Exploring | Decisive,The Relentless Harsh Ocean
Sadness,Curiosity,Dropping,{{subject}},{{pronoun}},"{{subject}} evokes feelings of soft heaviness that pull you inward, entangled with steady interest and touched by a small collapse inside. It may register as a quiet ache that still wants to understand what this means to you.

You might begin by simply noticing these responses in your body without arguing with them. From there, give some room to the heaviness and the interest, and let the the collapse remind you to move gently and offer yourself a bit more support around {subject}.",-0.4,Gently Negative,"seed_genres=sad-indie,ambient&target_valence=0.30&target_energy=0.26","Using the Spotify Search API, find one track that evokes the feeling of ""Quiet Depth"". Return the single best matching track.","Atmospheric conditions around {subject} show a lingering overcast layer interacting with light curious drift, producing variable patterns. A a settling hush near the ground is expected to persist through the period, shaping the overall outlook for this area.",Depth | Exploring | Quiet,The Hushed Sinking Abyss
Sadness,Curiosity,Fear,{{subject}},{{pronoun}},"{{subject}} evokes feelings of soft heaviness that pull you inward, entangled with steady interest and touched by tight caution. It may register as a quiet ache that still wants to understand what this means to you.

You might begin by simply noticing these responses in your body without arguing with them. From there, give some room to the heaviness and the interest, and honor the caution by moving in small steps and checking what feels safe as you go.",-0.4,Gently Negative,"seed_genres=sad-indie,ambient&target_valence=0.30&target_energy=0.26","Using the Spotify Search API, find one track that evokes the feeling of ""Cautious Depth"". Return the single best matching track.","Atmospheric conditions around {subject} show a lingering overcast layer interacting with restless tilting currents, producing variable patterns. A a narrow watchful band at higher levels is expected to persist through the period, shaping the overall outlook for this area.",Depth | Exploring | Cautious,The Watchful Wary Chasm
Sadness,Curiosity,Joy,{{subject}},{{pronoun}},"{{subject}} evokes feelings of soft heaviness that pull you inward, entangled with steady interest and touched by warm lift. It may register as a quiet ache that still wants to understand what this means to you.

You might begin by simply noticing these responses in your body without arguing with them. From there, give some room to the heaviness and the interest, and let the warmth soften the edges so you can stay present without forcing anything.",0.0,Mixed / Neutral,"seed_genres=sad-indie,ambient&target_valence=0.50&target_energy=0.30","Using the Spotify Search API, find one track that evokes the feeling of ""Open Depth"". Return the single best matching track.","Atmospheric conditions around {subject} show a low gray ceiling interacting with light curious drift, producing variable patterns. A a soft warming undercurrent is expected to persist through the period, shaping the overall outlook for this area.",Depth | Exploring | Open,The Bare Unfolding Current
Sadness,Curiosity,Withdrawing,{{subject}},{{pronoun}},"{{subject}} evokes feelings of soft heaviness that pull you inward, entangled with steady interest and touched by a need for space. It may register as a quiet ache that still wants to understand what this means to you.

You might begin by simply noticing these responses in your body without arguing with them. From there, give some room to the heaviness and the interest, and honor the the need for space by giving yourself room to breathe before deciding what you want to do.",-0.24,Gently Negative,"seed_genres=sad-indie,ambient&target_valence=0.38&target_energy=0.28","Using the Spotify Search API, find one track that evokes the feeling of ""Objective Depth"". Return the single best matching track.","Atmospheric conditions around {subject} show a low gray ceiling interacting with light curious drift, producing variable patterns. A an open still band on the horizon is expected to persist through the period, shaping the overall outlook for this area.",Depth | Exploring | Objective,The Flat Blank Depth
Sadness,Curiosity,Surprise,{{subject}},{{pronoun}},"{{subject}} evokes feelings of soft heaviness that pull you inward, entangled with steady interest and touched by a sharp jolt. It may register as a quiet ache that still wants to understand what this means to you.

You might begin by simply noticing these responses in your body without arguing with them. From there, give some room to the heaviness and the interest, and use the the jolt as a brief pause to reset, then decide what pace actually feels right.",-0.2,Gently Negative,"seed_genres=sad-indie,ambient&target_valence=0.40&target_energy=0.28","Using the Spotify Search API, find one track that evokes the feeling of ""New Depth"". Return the single best matching track.","Atmospheric conditions around {subject} show a low gray ceiling interacting with patchy exploratory flow, producing variable patterns. A a patchy scattering pattern aloft is expected to persist through the period, shaping the overall outlook for this area.",Depth | Exploring | New,The Sharp Harsh Well
Sadness,Disgust,Anger,{{subject}},{{pronoun}},"{{subject}} evokes feelings of soft heaviness that pull you inward, entangled with an inner no and touched by protective heat. It may register as a quiet ache that still wants to understand what this means to you.

You might begin by simply noticing these responses in your body without arguing with them. From there, give some room to the heaviness and the the inner no, and let the heat help you name what is okay and what is not as you relate to {subject}.",-1.0,Strongly Negative,"seed_genres=sad-indie,ambient&target_valence=0.00&target_energy=0.20","Using the Spotify Search API, find one track that evokes the feeling of ""Firm Depth"". Return the single best matching track.","Atmospheric conditions around {subject} show a low gray ceiling interacting with harsh particulate air, producing variable patterns. A a heated residue trailing the system is expected to persist through the period, shaping the overall outlook for this area.",Depth | Rejecting | Firm,The Fixed Severe Ocean
Sadness,Disgust,Curiosity,{{subject}},{{pronoun}},"{{subject}} evokes feelings of soft heaviness that pull you inward, entangled with an inner no and touched by steady interest. It may register as a quiet ache that still wants to understand what this means to you.

You might begin by simply noticing these responses in your body without arguing with them. From there, give some room to the heaviness and the the inner no, and let the interest gently invite you to stay curious without rushing your next move.",-0.6000000000000000,Strongly Negative,"seed_genres=sad-indie,ambient&target_valence=0.20&target_energy=0.24","Using the Spotify Search API, find one track that evokes the feeling of ""Flexible Depth"". Return the single best matching track.","Atmospheric conditions around {subject} show a slow drifting rain field interacting with a coarse turning gust, producing variable patterns. A a light exploratory shimmer aloft is expected to persist through the period, shaping the overall outlook for this area.",Depth | Rejecting | Flexible,The Wavering Unsteady Abyss
Sadness,Disgust,Dropping,{{subject}},{{pronoun}},"{{subject}} evokes feelings of soft heaviness that pull you inward, entangled with an inner no and touched by a small collapse inside. It may register as a quiet ache that still wants to understand what this means to you.

You might begin by simply noticing these responses in your body without arguing with them. From there, give some room to the heaviness and the the inner no, and let the the collapse remind you to move gently and offer yourself a bit more support around {subject}.",-1.0,Strongly Negative,"seed_genres=sad-indie,ambient&target_valence=0.00&target_energy=0.20","Using the Spotify Search API, find one track that evokes the feeling of ""Quiet Depth"". Return the single best matching track.","Atmospheric conditions around {subject} show a lingering overcast layer interacting with harsh particulate air, producing variable patterns. A a settling hush near the ground is expected to persist through the period, shaping the overall outlook for this area.",Depth | Rejecting | Quiet,The Muted Dim Chasm
Sadness,Disgust,Fear,{{subject}},{{pronoun}},"{{subject}} evokes feelings of soft heaviness that pull you inward, entangled with an inner no and touched by tight caution. It may register as a quiet ache that still wants to understand what this means to you.

You might begin by simply noticing these responses in your body without arguing with them. From there, give some room to the heaviness and the the inner no, and honor the caution by moving in small steps and checking what feels safe as you go.",-1.0,Strongly Negative,"seed_genres=sad-indie,ambient&target_valence=0.00&target_energy=0.20","Using the Spotify Search API, find one track that evokes the feeling of ""Cautious Depth"". Return the single best matching track.","Atmospheric conditions around {subject} show a slow drifting rain field interacting with irregular abrasive currents, producing variable patterns. A a cooling shadow line overhead is expected to persist through the period, shaping the overall outlook for this area.",Depth | Rejecting | Cautious,The Edgy Nervous Current
Sadness,Disgust,Joy,{{subject}},{{pronoun}},"{{subject}} evokes feelings of soft heaviness that pull you inward, entangled with an inner no and touched by warm lift. It may register as a quiet ache that still wants to understand what this means to you.

You might begin by simply noticing these responses in your body without arguing with them. From there, give some room to the heaviness and the the inner no, and let the warmth soften the edges so you can stay present without forcing anything.",-0.6000000000000000,Strongly Negative,"seed_genres=sad-indie,ambient&target_valence=0.20&target_energy=0.24","Using the Spotify Search API, find one track that evokes the feeling of ""Open Depth"". Return the single best matching track.","Atmospheric conditions around {subject} show a lingering overcast layer interacting with a coarse turning gust, producing variable patterns. A a quiet bright layer above is expected to persist through the period, shaping the overall outlook for this area.",Depth | Rejecting | Open,The Exposed Bare Depth
Sadness,Disgust,Withdrawing,{{subject}},{{pronoun}},"{{subject}} evokes feelings of soft heaviness that pull you inward, entangled with an inner no and touched by a need for space. It may register as a quiet ache that still wants to understand what this means to you.

You might begin by simply noticing these responses in your body without arguing with them. From there, give some room to the heaviness and the the inner no, and honor the the need for space by giving yourself room to breathe before deciding what you want to do.",-0.8400000000000000,Strongly Negative,"seed_genres=sad-indie,ambient&target_valence=0.08&target_energy=0.22","Using the Spotify Search API, find one track that evokes the feeling of ""Objective Depth"". Return the single best matching track.","Atmospheric conditions around {subject} show a slow drifting rain field interacting with irregular abrasive currents, producing variable patterns. A an open still band on the horizon is expected to persist through the period, shaping the overall outlook for this area.",Depth | Rejecting | Objective,The Cold Distant Well
Sadness,Disgust,Surprise,{{subject}},{{pronoun}},"{{subject}} evokes feelings of soft heaviness that pull you inward, entangled with an inner no and touched by a sharp jolt. It may register as a quiet ache that still wants to understand what this means to you.

You might begin by simply noticing these responses in your body without arguing with them. From there, give some room to the heaviness and the the inner no, and use the the jolt as a brief pause to reset, then decide what pace actually feels right.",-0.8,Strongly Negative,"seed_genres=sad-indie,ambient&target_valence=0.10&target_energy=0.22","Using the Spotify Search API, find one track that evokes the feeling of ""New Depth"". Return the single best matching track.","Atmospheric conditions around {subject} show a low gray ceiling interacting with harsh particulate air, producing variable patterns. A a patchy scattering pattern aloft is expected to persist through the period, shaping the overall outlook for this area.",Depth | Rejecting | New,The Jarring Abrupt Ocean
Sadness,Dropping,Anger,{{subject}},{{pronoun}},"{{subject}} evokes feelings of soft heaviness that pull you inward, entangled with a small collapse inside and touched by protective heat. It may register as a quiet ache that still wants to understand what this means to you.

You might begin by simply noticing these responses in your body without arguing with them. From there, give some room to the heaviness and the the collapse, and let the heat help you name what is okay and what is not as you relate to {subject}.",-1.0,Strongly Negative,"seed_genres=sad-indie,ambient&target_valence=0.00&target_energy=0.20","Using the Spotify Search API, find one track that evokes the feeling of ""Firm Depth"". Return the single best matching track.","Atmospheric conditions around {subject} show a low gray ceiling interacting with low drifting haze, producing variable patterns. A a thin aggressive echo aloft is expected to persist through the period, shaping the overall outlook for this area.",Depth | Yielding | Firm,The Tense Rigid Abyss
Sadness,Dropping,Curiosity,{{subject}},{{pronoun}},"{{subject}} evokes feelings of soft heaviness that pull you inward, entangled with a small collapse inside and touched by steady interest. It may register as a quiet ache that still wants to understand what this means to you.

You might begin by simply noticing these responses in your body without arguing with them. From there, give some room to the heaviness and the the collapse, and let the interest gently invite you to stay curious without rushing your next move.",-0.6000000000000000,Strongly Negative,"seed_genres=sad-indie,ambient&target_valence=0.20&target_energy=0.24","Using the Spotify Search API, find one track that evokes the feeling of ""Flexible Depth"". Return the single best matching track.","Atmospheric conditions around {subject} show a lingering overcast layer interacting with low drifting haze, producing variable patterns. A thin curiosity haze is expected to persist through the period, shaping the overall outlook for this area.",Depth | Yielding | Flexible,The Slippery Shifting Chasm
Sadness,Dropping,Disgust,{{subject}},{{pronoun}},"{{subject}} evokes feelings of soft heaviness that pull you inward, entangled with a small collapse inside and touched by an inner no. It may register as a quiet ache that still wants to understand what this means to you.

You might begin by simply noticing these responses in your body without arguing with them. From there, give some room to the heaviness and the the collapse, and use the the inner no to sort what belongs close and what needs more distance.",-1.0,Strongly Negative,"seed_genres=sad-indie,ambient&target_valence=0.00&target_energy=0.20","Using the Spotify Search API, find one track that evokes the feeling of ""Decisive Depth"". Return the single best matching track.","Atmospheric conditions around {subject} show a low gray ceiling interacting with sinking trailing clouds, producing variable patterns. A a sharp edge in the higher air is expected to persist through the period, shaping the overall outlook for this area.",Depth | Yielding | Decisive,The Severe Cutting Current
Sadness,Dropping,Fear,{{subject}},{{pronoun}},"{{subject}} evokes feelings of soft heaviness that pull you inward, entangled with a small collapse inside and touched by tight caution. It may register as a quiet ache that still wants to understand what this means to you.

You might begin by simply noticing these responses in your body without arguing with them. From there, give some room to the heaviness and the the collapse, and honor the caution by moving in small steps and checking what feels safe as you go.",-1.0,Strongly Negative,"seed_genres=sad-indie,ambient&target_valence=0.00&target_energy=0.20","Using the Spotify Search API, find one track that evokes the feeling of ""Cautious Depth"". Return the single best matching track.","Atmospheric conditions around {subject} show a lingering overcast layer interacting with low drifting haze, producing variable patterns. A a narrow watchful band at higher levels is expected to persist through the period, shaping the overall outlook for this area.",Depth | Yielding | Cautious,The Guarded Tight Depth
Sadness,Dropping,Joy,{{subject}},{{pronoun}},"{{subject}} evokes feelings of soft heaviness that pull you inward, entangled with a small collapse inside and touched by warm lift. It may register as a quiet ache that still wants to understand what this means to you.

You might begin by simply noticing these responses in your body without arguing with them. From there, give some room to the heaviness and the the collapse, and let the warmth soften the edges so you can stay present without forcing anything.",-0.6000000000000000,Strongly Negative,"seed_genres=sad-indie,ambient&target_valence=0.20&target_energy=0.24","Using the Spotify Search API, find one track that evokes the feeling of ""Open Depth"". Return the single best matching track.","Atmospheric conditions around {subject} show a slow drifting rain field interacting with sinking trailing clouds, producing variable patterns. A a soft warming undercurrent is expected to persist through the period, shaping the overall outlook for this area.",Depth | Yielding | Open,The Raw Unprotected Well
Sadness,Dropping,Withdrawing,{{subject}},{{pronoun}},"{{subject}} evokes feelings of soft heaviness that pull you inward, entangled with a small collapse inside and touched by a need for space. It may register as a quiet ache that still wants to understand what this means to you.

You might begin by simply noticing these responses in your body without arguing with them. From there, give some room to the heaviness and the the collapse, and honor the the need for space by giving yourself room to breathe before deciding what you want to do.",-0.8400000000000000,Strongly Negative,"seed_genres=sad-indie,ambient&target_valence=0.08&target_energy=0.22","Using the Spotify Search API, find one track that evokes the feeling of ""Objective Depth"". Return the single best matching track.","Atmospheric conditions around {subject} show a slow drifting rain field interacting with a fading underside layer, producing variable patterns. A a broad quiet layer at the margins is expected to persist through the period, shaping the overall outlook for this area.",Depth | Yielding | Objective,The Cool Removed Ocean
Sadness,Dropping,Surprise,{{subject}},{{pronoun}},"{{subject}} evokes feelings of soft heaviness that pull you inward, entangled with a small collapse inside and touched by a sharp jolt. It may register as a quiet ache that still wants to understand what this means to you.

You might begin by simply noticing these responses in your body without arguing with them. From there, give some room to the heaviness and the the collapse, and use the the jolt as a brief pause to reset, then decide what pace actually feels right.",-0.8,Strongly Negative,"seed_genres=sad-indie,ambient&target_valence=0.10&target_energy=0.22","Using the Spotify Search API, find one track that evokes the feeling of ""New Depth"". Return the single best matching track.","Atmospheric conditions around {subject} show a lingering overcast layer interacting with low drifting haze, producing variable patterns. A a brief flicker in the upper air is expected to persist through the period, shaping the overall outlook for this area.",Depth | Yielding | New,The Sudden Startling Abyss
Sadness,Fear,Anger,{{subject}},{{pronoun}},"{{subject}} evokes feelings of soft heaviness that pull you inward, entangled with tight caution and touched by protective heat. It may register as a quiet ache that still wants to understand what this means to you.

You might begin by simply noticing these responses in your body without arguing with them. From there, give some room to the heaviness and the caution, and let the heat help you name what is okay and what is not as you relate to {subject}.",-1.0,Strongly Negative,"seed_genres=sad-indie,ambient&target_valence=0.00&target_energy=0.20","Using the Spotify Search API, find one track that evokes the feeling of ""Firm Depth"". Return the single best matching track.","Atmospheric conditions around {subject} show a slow drifting rain field interacting with tightening cool layers, producing variable patterns. A a thin aggressive echo aloft is expected to persist through the period, shaping the overall outlook for this area.",Depth | Protecting | Firm,The Hard Unyielding Chasm
Sadness,Fear,Curiosity,{{subject}},{{pronoun}},"{{subject}} evokes feelings of soft heaviness that pull you inward, entangled with tight caution and touched by steady interest. It may register as a quiet ache that still wants to understand what this means to you.

You might begin by simply noticing these responses in your body without arguing with them. From there, give some room to the heaviness and the caution, and let the interest gently invite you to stay curious without rushing your next move.",-0.6000000000000000,Strongly Negative,"seed_genres=sad-indie,ambient&target_valence=0.20&target_energy=0.24","Using the Spotify Search API, find one track that evokes the feeling of ""Flexible Depth"". Return the single best matching track.","Atmospheric conditions around {subject} show a slow drifting rain field interacting with a cautious, constricting flow, producing variable patterns. A a light exploratory shimmer aloft is expected to persist through the period, shaping the overall outlook for this area.",Depth | Protecting | Flexible,The Tense Uneasy Current
Sadness,Fear,Disgust,{{subject}},{{pronoun}},"{{subject}} evokes feelings of soft heaviness that pull you inward, entangled with tight caution and touched by an inner no. It may register as a quiet ache that still wants to understand what this means to you.

You might begin by simply noticing these responses in your body without arguing with them. From there, give some room to the heaviness and the caution, and use the the inner no to sort what belongs close and what needs more distance.",-1.0,Strongly Negative,"seed_genres=sad-indie,ambient&target_valence=0.00&target_energy=0.20","Using the Spotify Search API, find one track that evokes the feeling of ""Decisive Depth"". Return the single best matching track.","Atmospheric conditions around {subject} show a slow drifting rain field interacting with tightening cool layers, producing variable patterns. A a thin acidic drift at altitude is expected to persist through the period, shaping the overall outlook for this area.",Depth | Protecting | Decisive,The Sharp Final Depth
Sadness,Fear,Dropping,{{subject}},{{pronoun}},"{{subject}} evokes feelings of soft heaviness that pull you inward, entangled with tight caution and touched by a small collapse inside. It may register as a quiet ache that still wants to understand what this means to you.

You might begin by simply noticing these responses in your body without arguing with them. From there, give some room to the heaviness and the caution, and let the the collapse remind you to move gently and offer yourself a bit more support around {subject}.",-1.0,Strongly Negative,"seed_genres=sad-indie,ambient&target_valence=0.00&target_energy=0.20","Using the Spotify Search API, find one track that evokes the feeling of ""Quiet Depth"". Return the single best matching track.","Atmospheric conditions around {subject} show a slow drifting rain field interacting with a cautious, constricting flow, producing variable patterns. A a low dim undertone in the field is expected to persist through the period, shaping the overall outlook for this area.",Depth | Protecting | Quiet,The Low Smothered Well
Sadness,Fear,Joy,{{subject}},{{pronoun}},"{{subject}} evokes feelings of soft heaviness that pull you inward, entangled with tight caution and touched by warm lift. It may register as a quiet ache that still wants to understand what this means to you.

You might begin by simply noticing these responses in your body without arguing with them. From there, give some room to the heaviness and the caution, and let the warmth soften the edges so you can stay present without forcing anything.",-0.6000000000000000,Strongly Negative,"seed_genres=sad-indie,ambient&target_valence=0.20&target_energy=0.24","Using the Spotify Search API, find one track that evokes the feeling of ""Open Depth"". Return the single best matching track.","Atmospheric conditions around {subject} show a slow drifting rain field interacting with a narrow cautious band, producing variable patterns. A a quiet bright layer above is expected to persist through the period, shaping the overall outlook for this area.",Depth | Protecting | Open,The Thin Vulnerable Ocean
Sadness,Fear,Withdrawing,{{subject}},{{pronoun}},"{{subject}} evokes feelings of soft heaviness that pull you inward, entangled with tight caution and touched by a need for space. It may register as a quiet ache that still wants to understand what this means to you.

You might begin by simply noticing these responses in your body without arguing with them. From there, give some room to the heaviness and the caution, and honor the the need for space by giving yourself room to breathe before deciding what you want to do.",-0.8400000000000000,Strongly Negative,"seed_genres=sad-indie,ambient&target_valence=0.08&target_energy=0.22","Using the Spotify Search API, find one track that evokes the feeling of ""Objective Depth"". Return the single best matching track.","Atmospheric conditions around {subject} show a lingering overcast layer interacting with tightening cool layers, producing variable patterns. A a broad quiet layer at the margins is expected to persist through the period, shaping the overall outlook for this area.",Depth | Protecting | Objective,The Flat Blank Abyss
Sadness,Fear,Surprise,{{subject}},{{pronoun}},"{{subject}} evokes feelings of soft heaviness that pull you inward, entangled with tight caution and touched by a sharp jolt. It may register as a quiet ache that still wants to understand what this means to you.

You might begin by simply noticing these responses in your body without arguing with them. From there, give some room to the heaviness and the caution, and use the the jolt as a brief pause to reset, then decide what pace actually feels right.",-0.8,Strongly Negative,"seed_genres=sad-indie,ambient&target_valence=0.10&target_energy=0.22","Using the Spotify Search API, find one track that evokes the feeling of ""New Depth"". Return the single best matching track.","Atmospheric conditions around {subject} show a slow drifting rain field interacting with a narrow cautious band, producing variable patterns. A a brief flicker in the upper air is expected to persist through the period, shaping the overall outlook for this area.",Depth | Protecting | New,The Sharp Harsh Chasm
Sadness,Joy,Anger,{{subject}},{{pronoun}},"{{subject}} evokes feelings of soft heaviness that pull you inward, entangled with warm lift and touched by protective heat. It may register as a quiet ache that still wants to understand what this means to you.

You might begin by simply noticing these responses in your body without arguing with them. From there, give some room to the heaviness and the warmth, and let the heat help you name what is okay and what is not as you relate to {subject}.",-0.4,Gently Negative,"seed_genres=sad-indie,ambient&target_valence=0.30&target_energy=0.26","Using the Spotify Search API, find one track that evokes the feeling of ""Firm Depth"". Return the single best matching track.","Atmospheric conditions around {subject} show a low gray ceiling interacting with a mild brightening trend, producing variable patterns. A a thin aggressive echo aloft is expected to persist through the period, shaping the overall outlook for this area.",Depth | Bonding | Firm,The Fixed Severe Current
Sadness,Joy,Curiosity,{{subject}},{{pronoun}},"{{subject}} evokes feelings of soft heaviness that pull you inward, entangled with warm lift and touched by steady interest. It may register as a quiet ache that still wants to understand what this means to you.

You might begin by simply noticing these responses in your body without arguing with them. From there, give some room to the heaviness and the warmth, and let the interest gently invite you to stay curious without rushing your next move.",0.0,Mixed / Neutral,"seed_genres=sad-indie,ambient&target_valence=0.50&target_energy=0.30","Using the Spotify Search API, find one track that evokes the feeling of ""Flexible Depth"". Return the single best matching track.","Atmospheric conditions around {subject} show a low gray ceiling interacting with soft warming air, producing variable patterns. A thin curiosity haze is expected to persist through the period, shaping the overall outlook for this area.",Depth | Bonding | Flexible,The Supple Leaning Depth
Sadness,Joy,Disgust,{{subject}},{{pronoun}},"{{subject}} evokes feelings of soft heaviness that pull you inward, entangled with warm lift and touched by an inner no. It may register as a quiet ache that still wants to understand what this means to you.

You might begin by simply noticing these responses in your body without arguing with them. From there, give some room to the heaviness and the warmth, and use the the inner no to sort what belongs close and what needs more distance.",-0.4,Gently Negative,"seed_genres=sad-indie,ambient&target_valence=0.30&target_energy=0.26","Using the Spotify Search API, find one track that evokes the feeling of ""Decisive Depth"". Return the single best matching track.","Atmospheric conditions around {subject} show a slow drifting rain field interacting with gentle lifting pockets, producing variable patterns. A a sharp edge in the higher air is expected to persist through the period, shaping the overall outlook for this area.",Depth | Bonding | Decisive,The Relentless Harsh Well
Sadness,Joy,Dropping,{{subject}},{{pronoun}},"{{subject}} evokes feelings of soft heaviness that pull you inward, entangled with warm lift and touched by a small collapse inside. It may register as a quiet ache that still wants to understand what this means to you.

You might begin by simply noticing these responses in your body without arguing with them. From there, give some room to the heaviness and the warmth, and let the the collapse remind you to move gently and offer yourself a bit more support around {subject}.",-0.4,Gently Negative,"seed_genres=sad-indie,ambient&target_valence=0.30&target_energy=0.26","Using the Spotify Search API, find one track that evokes the feeling of ""Quiet Depth"". Return the single best matching track.","Atmospheric conditions around {subject} show a low gray ceiling interacting with a mild brightening trend, producing variable patterns. A a low dim undertone in the field is expected to persist through the period, shaping the overall outlook for this area.",Depth | Bonding | Quiet,The Hushed Sinking Ocean
Sadness,Joy,Fear,{{subject}},{{pronoun}},"{{subject}} evokes feelings of soft heaviness that pull you inward, entangled with warm lift and touched by tight caution. It may register as a quiet ache that still wants to understand what this means to you.

You might begin by simply noticing these responses in your body without arguing with them. From there, give some room to the heaviness and the warmth, and honor the caution by moving in small steps and checking what feels safe as you go.",-0.4,Gently Negative,"seed_genres=sad-indie,ambient&target_valence=0.30&target_energy=0.26","Using the Spotify Search API, find one track that evokes the feeling of ""Cautious Depth"". Return the single best matching track.","Atmospheric conditions around {subject} show a lingering overcast layer interacting with a mild brightening trend, producing variable patterns. A a cooling shadow line overhead is expected to persist through the period, shaping the overall outlook for this area.",Depth | Bonding | Cautious,The Watchful Wary Abyss
Sadness,Joy,Withdrawing,{{subject}},{{pronoun}},"{{subject}} evokes feelings of soft heaviness that pull you inward, entangled with warm lift and touched by a need for space. It may register as a quiet ache that still wants to understand what this means to you.

You might begin by simply noticing these responses in your body without arguing with them. From there, give some room to the heaviness and the warmth, and honor the the need for space by giving yourself room to breathe before deciding what you want to do.",-0.24,Gently Negative,"seed_genres=sad-indie,ambient&target_valence=0.38&target_energy=0.28","Using the Spotify Search API, find one track that evokes the feeling of ""Objective Depth"". Return the single best matching track.","Atmospheric conditions around {subject} show a low gray ceiling interacting with soft warming air, producing variable patterns. A a broad quiet layer at the margins is expected to persist through the period, shaping the overall outlook for this area.",Depth | Bonding | Objective,The Cold Distant Chasm
Sadness,Joy,Surprise,{{subject}},{{pronoun}},"{{subject}} evokes feelings of soft heaviness that pull you inward, entangled with warm lift and touched by a sharp jolt. It may register as a quiet ache that still wants to understand what this means to you.

You might begin by simply noticing these responses in your body without arguing with them. From there, give some room to the heaviness and the warmth, and use the the jolt as a brief pause to reset, then decide what pace actually feels right.",-0.2,Gently Negative,"seed_genres=sad-indie,ambient&target_valence=0.40&target_energy=0.28","Using the Spotify Search API, find one track that evokes the feeling of ""New Depth"". Return the single best matching track.","Atmospheric conditions around {subject} show a slow drifting rain field interacting with gentle lifting pockets, producing variable patterns. A a brief flicker in the upper air is expected to persist through the period, shaping the overall outlook for this area.",Depth | Bonding | New,The Jarring Abrupt Current
Sadness,Withdrawing,Anger,{{subject}},{{pronoun}},"{{subject}} evokes feelings of soft heaviness that pull you inward, entangled with a need for space and touched by protective heat. It may register as a quiet ache that still wants to understand what this means to you.

You might begin by simply noticing these responses in your body without arguing with them. From there, give some room to the heaviness and the the need for space, and let the heat help you name what is okay and what is not as you relate to {subject}.",-0.76,Strongly Negative,"seed_genres=sad-indie,ambient&target_valence=0.12&target_energy=0.22","Using the Spotify Search API, find one track that evokes the feeling of ""Firm Depth"". Return the single best matching track.","Atmospheric conditions around {subject} show a slow drifting rain field interacting with receding quiet air, producing variable patterns. A a thin aggressive echo aloft is expected to persist through the period, shaping the overall outlook for this area.",Depth | Retreating | Firm,The Tense Rigid Depth
Sadness,Withdrawing,Curiosity,{{subject}},{{pronoun}},"{{subject}} evokes feelings of soft heaviness that pull you inward, entangled with a need for space and touched by steady interest. It may register as a quiet ache that still wants to understand what this means to you.

You might begin by simply noticing these responses in your body without arguing with them. From there, give some room to the heaviness and the the need for space, and let the interest gently invite you to stay curious without rushing your next move.",-0.36,Gently Negative,"seed_genres=sad-indie,ambient&target_valence=0.32&target_energy=0.26","Using the Spotify Search API, find one track that evokes the feeling of ""Flexible Depth"". Return the single best matching track.","Atmospheric conditions around {subject} show a low gray ceiling interacting with a broad retreating zone, producing variable patterns. A a light exploratory shimmer aloft is expected to persist through the period, shaping the overall outlook for this area.",Depth | Retreating | Flexible,The Slippery Shifting Well
Sadness,Withdrawing,Disgust,{{subject}},{{pronoun}},"{{subject}} evokes feelings of soft heaviness that pull you inward, entangled with a need for space and touched by an inner no. It may register as a quiet ache that still wants to understand what this means to you.

You might begin by simply noticing these responses in your body without arguing with them. From there, give some room to the heaviness and the the need for space, and use the the inner no to sort what belongs close and what needs more distance.",-0.76,Strongly Negative,"seed_genres=sad-indie,ambient&target_valence=0.12&target_energy=0.22","Using the Spotify Search API, find one track that evokes the feeling of ""Decisive Depth"". Return the single best matching track.","Atmospheric conditions around {subject} show a slow drifting rain field interacting with receding quiet air, producing variable patterns. A a thin acidic drift at altitude is expected to persist through the period, shaping the overall outlook for this area.",Depth | Retreating | Decisive,The Severe Cutting Ocean
Sadness,Withdrawing,Dropping,{{subject}},{{pronoun}},"{{subject}} evokes feelings of soft heaviness that pull you inward, entangled with a need for space and touched by a small collapse inside. It may register as a quiet ache that still wants to understand what this means to you.

You might begin by simply noticing these responses in your body without arguing with them. From there, give some room to the heaviness and the the need for space, and let the the collapse remind you to move gently and offer yourself a bit more support around {subject}.",-0.76,Strongly Negative,"seed_genres=sad-indie,ambient&target_valence=0.12&target_energy=0.22","Using the Spotify Search API, find one track that evokes the feeling of ""Quiet Depth"". Return the single best matching track.","Atmospheric conditions around {subject} show a lingering overcast layer interacting with a broad retreating zone, producing variable patterns. A a settling hush near the ground is expected to persist through the period, shaping the overall outlook for this area.",Depth | Retreating | Quiet,The Muted Dim Abyss
Sadness,Withdrawing,Fear,{{subject}},{{pronoun}},"{{subject}} evokes feelings of soft heaviness that pull you inward, entangled with a need for space and touched by tight caution. It may register as a quiet ache that still wants to understand what this means to you.

You might begin by simply noticing these responses in your body without arguing with them. From there, give some room to the heaviness and the the need for space, and honor the caution by moving in small steps and checking what feels safe as you go.",-0.76,Strongly Negative,"seed_genres=sad-indie,ambient&target_valence=0.12&target_energy=0.22","Using the Spotify Search API, find one track that evokes the feeling of ""Cautious Depth"". Return the single best matching track.","Atmospheric conditions around {subject} show a low gray ceiling interacting with receding quiet air, producing variable patterns. A a narrow watchful band at higher levels is expected to persist through the period, shaping the overall outlook for this area.",Depth | Retreating | Cautious,The Edgy Nervous Chasm
Sadness,Withdrawing,Joy,{{subject}},{{pronoun}},"{{subject}} evokes feelings of soft heaviness that pull you inward, entangled with a need for space and touched by warm lift. It may register as a quiet ache that still wants to understand what this means to you.

You might begin by simply noticing these responses in your body without arguing with them. From there, give some room to the heaviness and the the need for space, and let the warmth soften the edges so you can stay present without forcing anything.",-0.36,Gently Negative,"seed_genres=sad-indie,ambient&target_valence=0.32&target_energy=0.26","Using the Spotify Search API, find one track that evokes the feeling of ""Open Depth"". Return the single best matching track.","Atmospheric conditions around {subject} show a lingering overcast layer interacting with a broad retreating zone, producing variable patterns. A a soft warming undercurrent is expected to persist through the period, shaping the overall outlook for this area.",Depth | Retreating | Open,The Exposed Bare Current
Sadness,Withdrawing,Surprise,{{subject}},{{pronoun}},"{{subject}} evokes feelings of soft heaviness that pull you inward, entangled with a need for space and touched by a sharp jolt. It may register as a quiet ache that still wants to understand what this means to you.

You might begin by simply noticing these responses in your body without arguing with them. From there, give some room to the heaviness and the the need for space, and use the the jolt as a brief pause to reset, then decide what pace actually feels right.",-0.56,Strongly Negative,"seed_genres=sad-indie,ambient&target_valence=0.22&target_energy=0.24","Using the Spotify Search API, find one track that evokes the feeling of ""New Depth"". Return the single best matching track.","Atmospheric conditions around {subject} show a slow drifting rain field interacting with a broad retreating zone, producing variable patterns. A a patchy scattering pattern aloft is expected to persist through the period, shaping the overall outlook for this area.",Depth | Retreating | New,The Sudden Startling Depth
Sadness,Surprise,Anger,{{subject}},{{pronoun}},"{{subject}} evokes feelings of soft heaviness that pull you inward, entangled with a sharp jolt and touched by protective heat. It may register as a quiet ache that still wants to understand what this means to you.

You might begin by simply noticing these responses in your body without arguing with them. From there, give some room to the heaviness and the the jolt, and let the heat help you name what is okay and what is not as you relate to {subject}.",-0.7,Strongly Negative,"seed_genres=sad-indie,ambient&target_valence=0.15&target_energy=0.23","Using the Spotify Search API, find one track that evokes the feeling of ""Firm Depth"". Return the single best matching track.","Atmospheric conditions around {subject} show a slow drifting rain field interacting with scattered short bursts, producing variable patterns. A a heated residue trailing the system is expected to persist through the period, shaping the overall outlook for this area.",Depth | Clearing | Firm,The Hard Unyielding Well
Sadness,Surprise,Curiosity,{{subject}},{{pronoun}},"{{subject}} evokes feelings of soft heaviness that pull you inward, entangled with a sharp jolt and touched by steady interest. It may register as a quiet ache that still wants to understand what this means to you.

You might begin by simply noticing these responses in your body without arguing with them. From there, give some room to the heaviness and the the jolt, and let the interest gently invite you to stay curious without rushing your next move.",-0.3,Gently Negative,"seed_genres=sad-indie,ambient&target_valence=0.35&target_energy=0.27","Using the Spotify Search API, find one track that evokes the feeling of ""Flexible Depth"". Return the single best matching track.","Atmospheric conditions around {subject} show a low gray ceiling interacting with scattered short bursts, producing variable patterns. A thin curiosity haze is expected to persist through the period, shaping the overall outlook for this area.",Depth | Clearing | Flexible,The Tense Uneasy Ocean
Sadness,Surprise,Disgust,{{subject}},{{pronoun}},"{{subject}} evokes feelings of soft heaviness that pull you inward, entangled with a sharp jolt and touched by an inner no. It may register as a quiet ache that still wants to understand what this means to you.

You might begin by simply noticing these responses in your body without arguing with them. From there, give some room to the heaviness and the the jolt, and use the the inner no to sort what belongs close and what needs more distance.",-0.7,Strongly Negative,"seed_genres=sad-indie,ambient&target_valence=0.15&target_energy=0.23","Using the Spotify Search API, find one track that evokes the feeling of ""Decisive Depth"". Return the single best matching track.","Atmospheric conditions around {subject} show a low gray ceiling interacting with broken, shifting patches, producing variable patterns. A a sharp edge in the higher air is expected to persist through the period, shaping the overall outlook for this area.",Depth | Clearing | Decisive,The Sharp Final Abyss
Sadness,Surprise,Dropping,{{subject}},{{pronoun}},"{{subject}} evokes feelings of soft heaviness that pull you inward, entangled with a sharp jolt and touched by a small collapse inside. It may register as a quiet ache that still wants to understand what this means to you.

You might begin by simply noticing these responses in your body without arguing with them. From there, give some room to the heaviness and the the jolt, and let the the collapse remind you to move gently and offer yourself a bit more support around {subject}.",-0.7,Strongly Negative,"seed_genres=sad-indie,ambient&target_valence=0.15&target_energy=0.23","Using the Spotify Search API, find one track that evokes the feeling of ""Quiet Depth"". Return the single best matching track.","Atmospheric conditions around {subject} show a lingering overcast layer interacting with scattered short bursts, producing variable patterns. A a low dim undertone in the field is expected to persist through the period, shaping the overall outlook for this area.",Depth | Clearing | Quiet,The Low Smothered Chasm
Sadness,Surprise,Fear,{{subject}},{{pronoun}},"{{subject}} evokes feelings of soft heaviness that pull you inward, entangled with a sharp jolt and touched by tight caution. It may register as a quiet ache that still wants to understand what this means to you.

You might begin by simply noticing these responses in your body without arguing with them. From there, give some room to the heaviness and the the jolt, and honor the caution by moving in small steps and checking what feels safe as you go.",-0.7,Strongly Negative,"seed_genres=sad-indie,ambient&target_valence=0.15&target_energy=0.23","Using the Spotify Search API, find one track that evokes the feeling of ""Cautious Depth"". Return the single best matching track.","Atmospheric conditions around {subject} show a slow drifting rain field interacting with scattered short bursts, producing variable patterns. A a cooling shadow line overhead is expected to persist through the period, shaping the overall outlook for this area.",Depth | Clearing | Cautious,The Guarded Tight Current
Sadness,Surprise,Joy,{{subject}},{{pronoun}},"{{subject}} evokes feelings of soft heaviness that pull you inward, entangled with a sharp jolt and touched by warm lift. It may register as a quiet ache that still wants to understand what this means to you.

You might begin by simply noticing these responses in your body without arguing with them. From there, give some room to the heaviness and the the jolt, and let the warmth soften the edges so you can stay present without forcing anything.",-0.3,Gently Negative,"seed_genres=sad-indie,ambient&target_valence=0.35&target_energy=0.27","Using the Spotify Search API, find one track that evokes the feeling of ""Open Depth"". Return the single best matching track.","Atmospheric conditions around {subject} show a lingering overcast layer interacting with scattered short bursts, producing variable patterns. A a quiet bright layer above is expected to persist through the period, shaping the overall outlook for this area.",Depth | Clearing | Open,The Raw Unprotected Depth
Sadness,Surprise,Withdrawing,{{subject}},{{pronoun}},"{{subject}} evokes feelings of soft heaviness that pull you inward, entangled with a sharp jolt and touched by a need for space. It may register as a quiet ache that still wants to understand what this means to you.

You might begin by simply noticing these responses in your body without arguing with them. From there, give some room to the heaviness and the the jolt, and honor the the need for space by giving yourself room to breathe before deciding what you want to do.",-0.54,Strongly Negative,"seed_genres=sad-indie,ambient&target_valence=0.23&target_energy=0.25","Using the Spotify Search API, find one track that evokes the feeling of ""Objective Depth"". Return the single best matching track.","Atmospheric conditions around {subject} show a lingering overcast layer interacting with scattered short bursts, producing variable patterns. A a broad quiet layer at the margins is expected to persist through the period, shaping the overall outlook for this area.",Depth | Clearing | Objective,The Cool Removed Well
Surprise,Anger,Curiosity,{{subject}},{{pronoun}},"{{subject}} evokes feelings of a sharp jolt that snap your attention awake, layered with protective heat and finished by steady interest. It may land as a reset moment where you suddenly notice more than you expected.

You might begin by simply noticing these responses in your body without arguing with them. From there, give some room to the the jolt and the heat, and let the interest gently invite you to stay curious without rushing your next move.",-0.0999999999999999,Mixed / Neutral,"seed_genres=glitch,idm&target_valence=0.45&target_energy=0.74","Using the Spotify Search API, find one track that evokes the feeling of ""Flexible Reset"". Return the single best matching track.","Atmospheric conditions around {subject} show an abrupt change front interacting with a sharp heated edge, producing variable patterns. A thin curiosity haze is expected to persist through the period, shaping the overall outlook for this area.",Reset | Defending | Flexible,The Supple Leaning Reset
Surprise,Anger,Disgust,{{subject}},{{pronoun}},"{{subject}} evokes feelings of a sharp jolt that snap your attention awake, layered with protective heat and finished by an inner no. It may land as a reset moment where you suddenly notice more than you expected.

You might begin by simply noticing these responses in your body without arguing with them. From there, give some room to the the jolt and the heat, and use the the inner no to sort what belongs close and what needs more distance.",-0.5,Strongly Negative,"seed_genres=glitch,idm&target_valence=0.25&target_energy=0.70","Using the Spotify Search API, find one track that evokes the feeling of ""Decisive Reset"". Return the single best matching track.","Atmospheric conditions around {subject} show a sudden shifting band interacting with a tense, loaded boundary, producing variable patterns. A a sharp edge in the higher air is expected to persist through the period, shaping the overall outlook for this area.",Reset | Defending | Decisive,The Relentless Harsh Restart
Surprise,Anger,Dropping,{{subject}},{{pronoun}},"{{subject}} evokes feelings of a sharp jolt that snap your attention awake, layered with protective heat and finished by a small collapse inside. It may land as a reset moment where you suddenly notice more than you expected.

You might begin by simply noticing these responses in your body without arguing with them. From there, give some room to the the jolt and the heat, and let the the collapse remind you to move gently and offer yourself a bit more support around {subject}.",-0.5,Strongly Negative,"seed_genres=glitch,idm&target_valence=0.25&target_energy=0.70","Using the Spotify Search API, find one track that evokes the feeling of ""Quiet Reset"". Return the single best matching track.","Atmospheric conditions around {subject} show a sudden shifting band interacting with a tense, loaded boundary, producing variable patterns. A a settling hush near the ground is expected to persist through the period, shaping the overall outlook for this area.",Reset | Defending | Quiet,The Hushed Sinking Reboot
Surprise,Anger,Fear,{{subject}},{{pronoun}},"{{subject}} evokes feelings of a sharp jolt that snap your attention awake, layered with protective heat and finished by tight caution. It may land as a reset moment where you suddenly notice more than you expected.

You might begin by simply noticing these responses in your body without arguing with them. From there, give some room to the the jolt and the heat, and honor the caution by moving in small steps and checking what feels safe as you go.",-0.5,Strongly Negative,"seed_genres=glitch,idm&target_valence=0.25&target_energy=0.70","Using the Spotify Search API, find one track that evokes the feeling of ""Cautious Reset"". Return the single best matching track.","Atmospheric conditions around {subject} show an abrupt change front interacting with a tense, loaded boundary, producing variable patterns. A a narrow watchful band at higher levels is expected to persist through the period, shaping the overall outlook for this area.",Reset | Defending | Cautious,The Watchful Wary Turn
Surprise,Anger,Joy,{{subject}},{{pronoun}},"{{subject}} evokes feelings of a sharp jolt that snap your attention awake, layered with protective heat and finished by warm lift. It may land as a reset moment where you suddenly notice more than you expected.

You might begin by simply noticing these responses in your body without arguing with them. From there, give some room to the the jolt and the heat, and let the warmth soften the edges so you can stay present without forcing anything.",-0.0999999999999999,Mixed / Neutral,"seed_genres=glitch,idm&target_valence=0.45&target_energy=0.74","Using the Spotify Search API, find one track that evokes the feeling of ""Open Reset"". Return the single best matching track.","Atmospheric conditions around {subject} show an abrupt change front interacting with a tense, loaded boundary, producing variable patterns. A a soft warming undercurrent is expected to persist through the period, shaping the overall outlook for this area.",Reset | Defending | Open,The Bare Unfolding Shift
Surprise,Anger,Withdrawing,{{subject}},{{pronoun}},"{{subject}} evokes feelings of a sharp jolt that snap your attention awake, layered with protective heat and finished by a need for space. It may land as a reset moment where you suddenly notice more than you expected.

You might begin by simply noticing these responses in your body without arguing with them. From there, give some room to the the jolt and the heat, and honor the the need for space by giving yourself room to breathe before deciding what you want to do.",-0.3400000000000000,Gently Negative,"seed_genres=glitch,idm&target_valence=0.33&target_energy=0.72","Using the Spotify Search API, find one track that evokes the feeling of ""Objective Reset"". Return the single best matching track.","Atmospheric conditions around {subject} show a broken line of gusts interacting with a pressing hot strip, producing variable patterns. A a broad quiet layer at the margins is expected to persist through the period, shaping the overall outlook for this area.",Reset | Defending | Objective,The Flat Blank Jolt
Surprise,Anger,Sadness,{{subject}},{{pronoun}},"{{subject}} evokes feelings of a sharp jolt that snap your attention awake, layered with protective heat and finished by soft heaviness. It may land as a reset moment where you suddenly notice more than you expected.

You might begin by simply noticing these responses in your body without arguing with them. From there, give some room to the the jolt and the heat, and treat the heaviness as a signal to slow down and stay close to what really matters here.",-0.5,Strongly Negative,"seed_genres=glitch,idm&target_valence=0.25&target_energy=0.70","Using the Spotify Search API, find one track that evokes the feeling of ""Tender Reset"". Return the single best matching track.","Atmospheric conditions around {subject} show an abrupt change front interacting with a sharp heated edge, producing variable patterns. A a soft descending mist layer is expected to persist through the period, shaping the overall outlook for this area.",Reset | Defending | Tender,The Sore Bruised Reset
Surprise,Curiosity,Anger,{{subject}},{{pronoun}},"{{subject}} evokes feelings of a sharp jolt that snap your attention awake, layered with steady interest and finished by protective heat. It may land as a reset moment where you suddenly notice more than you expected.

You might begin by simply noticing these responses in your body without arguing with them. From there, give some room to the the jolt and the interest, and let the heat help you name what is okay and what is not as you relate to {subject}.",0.0999999999999999,Mixed / Neutral,"seed_genres=glitch,idm&target_valence=0.55&target_energy=0.76","Using the Spotify Search API, find one track that evokes the feeling of ""Firm Reset"". Return the single best matching track.","Atmospheric conditions around {subject} show a broken line of gusts interacting with restless tilting currents, producing variable patterns. A a heated residue trailing the system is expected to persist through the period, shaping the overall outlook for this area.",Reset | Exploring | Firm,The Solid Grounded Restart
Surprise,Curiosity,Disgust,{{subject}},{{pronoun}},"{{subject}} evokes feelings of a sharp jolt that snap your attention awake, layered with steady interest and finished by an inner no. It may land as a reset moment where you suddenly notice more than you expected.

You might begin by simply noticing these responses in your body without arguing with them. From there, give some room to the the jolt and the interest, and use the the inner no to sort what belongs close and what needs more distance.",0.0999999999999999,Mixed / Neutral,"seed_genres=glitch,idm&target_valence=0.55&target_energy=0.76","Using the Spotify Search API, find one track that evokes the feeling of ""Decisive Reset"". Return the single best matching track.","Atmospheric conditions around {subject} show a sudden shifting band interacting with light curious drift, producing variable patterns. A a sharp edge in the higher air is expected to persist through the period, shaping the overall outlook for this area.",Reset | Exploring | Decisive,The Sharp Clear Reboot
Surprise,Curiosity,Dropping,{{subject}},{{pronoun}},"{{subject}} evokes feelings of a sharp jolt that snap your attention awake, layered with steady interest and finished by a small collapse inside. It may land as a reset moment where you suddenly notice more than you expected.

You might begin by simply noticing these responses in your body without arguing with them. From there, give some room to the the jolt and the interest, and let the the collapse remind you to move gently and offer yourself a bit more support around {subject}.",0.0999999999999999,Mixed / Neutral,"seed_genres=glitch,idm&target_valence=0.55&target_energy=0.76","Using the Spotify Search API, find one track that evokes the feeling of ""Quiet Reset"". Return the single best matching track.","Atmospheric conditions around {subject} show a sudden shifting band interacting with patchy exploratory flow, producing variable patterns. A a low dim undertone in the field is expected to persist through the period, shaping the overall outlook for this area.",Reset | Exploring | Quiet,The Quiet Still Turn
Surprise,Curiosity,Fear,{{subject}},{{pronoun}},"{{subject}} evokes feelings of a sharp jolt that snap your attention awake, layered with steady interest and finished by tight caution. It may land as a reset moment where you suddenly notice more than you expected.

You might begin by simply noticing these responses in your body without arguing with them. From there, give some room to the the jolt and the interest, and honor the caution by moving in small steps and checking what feels safe as you go.",0.0999999999999999,Mixed / Neutral,"seed_genres=glitch,idm&target_valence=0.55&target_energy=0.76","Using the Spotify Search API, find one track that evokes the feeling of ""Cautious Reset"". Return the single best matching track.","Atmospheric conditions around {subject} show an abrupt change front interacting with light curious drift, producing variable patterns. A a cooling shadow line overhead is expected to persist through the period, shaping the overall outlook for this area.",Reset | Exploring | Cautious,The Cautious Watchful Shift
Surprise,Curiosity,Joy,{{subject}},{{pronoun}},"{{subject}} evokes feelings of a sharp jolt that snap your attention awake, layered with steady interest and finished by warm lift. It may land as a reset moment where you suddenly notice more than you expected.

You might begin by simply noticing these responses in your body without arguing with them. From there, give some room to the the jolt and the interest, and let the warmth soften the edges so you can stay present without forcing anything.",0.5,Strongly Positive,"seed_genres=glitch,idm&target_valence=0.75&target_energy=0.80","Using the Spotify Search API, find one track that evokes the feeling of ""Open Reset"". Return the single best matching track.","Atmospheric conditions around {subject} show a sudden shifting band interacting with restless tilting currents, producing variable patterns. A a soft warming undercurrent is expected to persist through the period, shaping the overall outlook for this area.",Reset | Exploring | Open,The Radiant Bright Jolt
Surprise,Curiosity,Withdrawing,{{subject}},{{pronoun}},"{{subject}} evokes feelings of a sharp jolt that snap your attention awake, layered with steady interest and finished by a need for space. It may land as a reset moment where you suddenly notice more than you expected.

You might begin by simply noticing these responses in your body without arguing with them. From there, give some room to the the jolt and the interest, and honor the the need for space by giving yourself room to breathe before deciding what you want to do.",0.26,Gently Positive,"seed_genres=glitch,idm&target_valence=0.63&target_energy=0.78","Using the Spotify Search API, find one track that evokes the feeling of ""Objective Reset"". Return the single best matching track.","Atmospheric conditions around {subject} show a broken line of gusts interacting with restless tilting currents, producing variable patterns. A a broad quiet layer at the margins is expected to persist through the period, shaping the overall outlook for this area.",Reset | Exploring | Objective,The Even Balanced Reset
Surprise,Curiosity,Sadness,{{subject}},{{pronoun}},"{{subject}} evokes feelings of a sharp jolt that snap your attention awake, layered with steady interest and finished by soft heaviness. It may land as a reset moment where you suddenly notice more than you expected.

You might begin by simply noticing these responses in your body without arguing with them. From there, give some room to the the jolt and the interest, and treat the heaviness as a signal to slow down and stay close to what really matters here.",0.0999999999999999,Mixed / Neutral,"seed_genres=glitch,idm&target_valence=0.55&target_energy=0.76","Using the Spotify Search API, find one track that evokes the feeling of ""Tender Reset"". Return the single best matching track.","Atmospheric conditions around {subject} show a broken line of gusts interacting with light curious drift, producing variable patterns. A a soft descending mist layer is expected to persist through the period, shaping the overall outlook for this area.",Reset | Exploring | Tender,The Quiet Light Restart
Surprise,Disgust,Anger,{{subject}},{{pronoun}},"{{subject}} evokes feelings of a sharp jolt that snap your attention awake, layered with an inner no and finished by protective heat. It may land as a reset moment where you suddenly notice more than you expected.

You might begin by simply noticing these responses in your body without arguing with them. From there, give some room to the the jolt and the the inner no, and let the heat help you name what is okay and what is not as you relate to {subject}.",-0.5,Strongly Negative,"seed_genres=glitch,idm&target_valence=0.25&target_energy=0.70","Using the Spotify Search API, find one track that evokes the feeling of ""Firm Reset"". Return the single best matching track.","Atmospheric conditions around {subject} show an abrupt change front interacting with irregular abrasive currents, producing variable patterns. A a heated residue trailing the system is expected to persist through the period, shaping the overall outlook for this area.",Reset | Rejecting | Firm,The Tense Rigid Reboot
Surprise,Disgust,Curiosity,{{subject}},{{pronoun}},"{{subject}} evokes feelings of a sharp jolt that snap your attention awake, layered with an inner no and finished by steady interest. It may land as a reset moment where you suddenly notice more than you expected.

You might begin by simply noticing these responses in your body without arguing with them. From there, give some room to the the jolt and the the inner no, and let the interest gently invite you to stay curious without rushing your next move.",-0.0999999999999999,Mixed / Neutral,"seed_genres=glitch,idm&target_valence=0.45&target_energy=0.74","Using the Spotify Search API, find one track that evokes the feeling of ""Flexible Reset"". Return the single best matching track.","Atmospheric conditions around {subject} show an abrupt change front interacting with irregular abrasive currents, producing variable patterns. A a light exploratory shimmer aloft is expected to persist through the period, shaping the overall outlook for this area.",Reset | Rejecting | Flexible,The Curving Gentle Turn
Surprise,Disgust,Dropping,{{subject}},{{pronoun}},"{{subject}} evokes feelings of a sharp jolt that snap your attention awake, layered with an inner no and finished by a small collapse inside. It may land as a reset moment where you suddenly notice more than you expected.

You might begin by simply noticing these responses in your body without arguing with them. From there, give some room to the the jolt and the the inner no, and let the the collapse remind you to move gently and offer yourself a bit more support around {subject}.",-0.5,Strongly Negative,"seed_genres=glitch,idm&target_valence=0.25&target_energy=0.70","Using the Spotify Search API, find one track that evokes the feeling of ""Quiet Reset"". Return the single best matching track.","Atmospheric conditions around {subject} show an abrupt change front interacting with a coarse turning gust, producing variable patterns. A a settling hush near the ground is expected to persist through the period, shaping the overall outlook for this area.",Reset | Rejecting | Quiet,The Low Smothered Shift
Surprise,Disgust,Fear,{{subject}},{{pronoun}},"{{subject}} evokes feelings of a sharp jolt that snap your attention awake, layered with an inner no and finished by tight caution. It may land as a reset moment where you suddenly notice more than you expected.

You might begin by simply noticing these responses in your body without arguing with them. From there, give some room to the the jolt and the the inner no, and honor the caution by moving in small steps and checking what feels safe as you go.",-0.5,Strongly Negative,"seed_genres=glitch,idm&target_valence=0.25&target_energy=0.70","Using the Spotify Search API, find one track that evokes the feeling of ""Cautious Reset"". Return the single best matching track.","Atmospheric conditions around {subject} show a broken line of gusts interacting with a coarse turning gust, producing variable patterns. A a narrow watchful band at higher levels is expected to persist through the period, shaping the overall outlook for this area.",Reset | Rejecting | Cautious,The Guarded Tight Jolt
Surprise,Disgust,Joy,{{subject}},{{pronoun}},"{{subject}} evokes feelings of a sharp jolt that snap your attention awake, layered with an inner no and finished by warm lift. It may land as a reset moment where you suddenly notice more than you expected.

You might begin by simply noticing these responses in your body without arguing with them. From there, give some room to the the jolt and the the inner no, and let the warmth soften the edges so you can stay present without forcing anything.",-0.0999999999999999,Mixed / Neutral,"seed_genres=glitch,idm&target_valence=0.45&target_energy=0.74","Using the Spotify Search API, find one track that evokes the feeling of ""Open Reset"". Return the single best matching track.","Atmospheric conditions around {subject} show a broken line of gusts interacting with irregular abrasive currents, producing variable patterns. A a quiet bright layer above is expected to persist through the period, shaping the overall outlook for this area.",Reset | Rejecting | Open,The Wide Simple Reset
Surprise,Disgust,Withdrawing,{{subject}},{{pronoun}},"{{subject}} evokes feelings of a sharp jolt that snap your attention awake, layered with an inner no and finished by a need for space. It may land as a reset moment where you suddenly notice more than you expected.

You might begin by simply noticing these responses in your body without arguing with them. From there, give some room to the the jolt and the the inner no, and honor the the need for space by giving yourself room to breathe before deciding what you want to do.",-0.3400000000000000,Gently Negative,"seed_genres=glitch,idm&target_valence=0.33&target_energy=0.72","Using the Spotify Search API, find one track that evokes the feeling of ""Objective Reset"". Return the single best matching track.","Atmospheric conditions around {subject} show an abrupt change front interacting with a coarse turning gust, producing variable patterns. A an open still band on the horizon is expected to persist through the period, shaping the overall outlook for this area.",Reset | Rejecting | Objective,The Cool Removed Restart
Surprise,Disgust,Sadness,{{subject}},{{pronoun}},"{{subject}} evokes feelings of a sharp jolt that snap your attention awake, layered with an inner no and finished by soft heaviness. It may land as a reset moment where you suddenly notice more than you expected.

You might begin by simply noticing these responses in your body without arguing with them. From there, give some room to the the jolt and the the inner no, and treat the heaviness as a signal to slow down and stay close to what really matters here.",-0.5,Strongly Negative,"seed_genres=glitch,idm&target_valence=0.25&target_energy=0.70","Using the Spotify Search API, find one track that evokes the feeling of ""Tender Reset"". Return the single best matching track.","Atmospheric conditions around {subject} show a sudden shifting band interacting with irregular abrasive currents, producing variable patterns. A a soft descending mist layer is expected to persist through the period, shaping the overall outlook for this area.",Reset | Rejecting | Tender,The Exposed Frayed Reboot
Surprise,Dropping,Anger,{{subject}},{{pronoun}},"{{subject}} evokes feelings of a sharp jolt that snap your attention awake, layered with a small collapse inside and finished by protective heat. It may land as a reset moment where you suddenly notice more than you expected.

You might begin by simply noticing these responses in your body without arguing with them. From there, give some room to the the jolt and the the collapse, and let the heat help you name what is okay and what is not as you relate to {subject}.",-0.5,Strongly Negative,"seed_genres=glitch,idm&target_valence=0.25&target_energy=0.70","Using the Spotify Search API, find one track that evokes the feeling of ""Firm Reset"". Return the single best matching track.","Atmospheric conditions around {subject} show a broken line of gusts interacting with a fading underside layer, producing variable patterns. A a thin aggressive echo aloft is expected to persist through the period, shaping the overall outlook for this area.",Reset | Yielding | Firm,The Hard Unyielding Turn
Surprise,Dropping,Curiosity,{{subject}},{{pronoun}},"{{subject}} evokes feelings of a sharp jolt that snap your attention awake, layered with a small collapse inside and finished by steady interest. It may land as a reset moment where you suddenly notice more than you expected.

You might begin by simply noticing these responses in your body without arguing with them. From there, give some room to the the jolt and the the collapse, and let the interest gently invite you to stay curious without rushing your next move.",-0.0999999999999999,Mixed / Neutral,"seed_genres=glitch,idm&target_valence=0.45&target_energy=0.74","Using the Spotify Search API, find one track that evokes the feeling of ""Flexible Reset"". Return the single best matching track.","Atmospheric conditions around {subject} show an abrupt change front interacting with low drifting haze, producing variable patterns. A a light exploratory shimmer aloft is expected to persist through the period, shaping the overall outlook for this area.",Reset | Yielding | Flexible,The Bending Flexible Shift
Surprise,Dropping,Disgust,{{subject}},{{pronoun}},"{{subject}} evokes feelings of a sharp jolt that snap your attention awake, layered with a small collapse inside and finished by an inner no. It may land as a reset moment where you suddenly notice more than you expected.

You might begin by simply noticing these responses in your body without arguing with them. From there, give some room to the the jolt and the the collapse, and use the the inner no to sort what belongs close and what needs more distance.",-0.5,Strongly Negative,"seed_genres=glitch,idm&target_valence=0.25&target_energy=0.70","Using the Spotify Search API, find one track that evokes the feeling of ""Decisive Reset"". Return the single best matching track.","Atmospheric conditions around {subject} show an abrupt change front interacting with sinking trailing clouds, producing variable patterns. A a thin acidic drift at altitude is expected to persist through the period, shaping the overall outlook for this area.",Reset | Yielding | Decisive,The Sharp Final Jolt
Surprise,Dropping,Fear,{{subject}},{{pronoun}},"{{subject}} evokes feelings of a sharp jolt that snap your attention awake, layered with a small collapse inside and finished by tight caution. It may land as a reset moment where you suddenly notice more than you expected.

You might begin by simply noticing these responses in your body without arguing with them. From there, give some room to the the jolt and the the collapse, and honor the caution by moving in small steps and checking what feels safe as you go.",-0.5,Strongly Negative,"seed_genres=glitch,idm&target_valence=0.25&target_energy=0.70","Using the Spotify Search API, find one track that evokes the feeling of ""Cautious Reset"". Return the single best matching track.","Atmospheric conditions around {subject} show a broken line of gusts interacting with low drifting haze, producing variable patterns. A a narrow watchful band at higher levels is expected to persist through the period, shaping the overall outlook for this area.",Reset | Yielding | Cautious,The Watchful Wary Reset
Surprise,Dropping,Joy,{{subject}},{{pronoun}},"{{subject}} evokes feelings of a sharp jolt that snap your attention awake, layered with a small collapse inside and finished by warm lift. It may land as a reset moment where you suddenly notice more than you expected.

You might begin by simply noticing these responses in your body without arguing with them. From there, give some room to the the jolt and the the collapse, and let the warmth soften the edges so you can stay present without forcing anything.",-0.0999999999999999,Mixed / Neutral,"seed_genres=glitch,idm&target_valence=0.45&target_energy=0.74","Using the Spotify Search API, find one track that evokes the feeling of ""Open Reset"". Return the single best matching track.","Atmospheric conditions around {subject} show a broken line of gusts interacting with a fading underside layer, producing variable patterns. A a quiet bright layer above is expected to persist through the period, shaping the overall outlook for this area.",Reset | Yielding | Open,The Bare Unfolding Restart
Surprise,Dropping,Withdrawing,{{subject}},{{pronoun}},"{{subject}} evokes feelings of a sharp jolt that snap your attention awake, layered with a small collapse inside and finished by a need for space. It may land as a reset moment where you suddenly notice more than you expected.

You might begin by simply noticing these responses in your body without arguing with them. From there, give some room to the the jolt and the the collapse, and honor the the need for space by giving yourself room to breathe before deciding what you want to do.",-0.3400000000000000,Gently Negative,"seed_genres=glitch,idm&target_valence=0.33&target_energy=0.72","Using the Spotify Search API, find one track that evokes the feeling of ""Objective Reset"". Return the single best matching track.","Atmospheric conditions around {subject} show an abrupt change front interacting with low drifting haze, producing variable patterns. A an open still band on the horizon is expected to persist through the period, shaping the overall outlook for this area.",Reset | Yielding | Objective,The Flat Blank Reboot
Surprise,Dropping,Sadness,{{subject}},{{pronoun}},"{{subject}} evokes feelings of a sharp jolt that snap your attention awake, layered with a small collapse inside and finished by soft heaviness. It may land as a reset moment where you suddenly notice more than you expected.

You might begin by simply noticing these responses in your body without arguing with them. From there, give some room to the the jolt and the the collapse, and treat the heaviness as a signal to slow down and stay close to what really matters here.",-0.5,Strongly Negative,"seed_genres=glitch,idm&target_valence=0.25&target_energy=0.70","Using the Spotify Search API, find one track that evokes the feeling of ""Tender Reset"". Return the single best matching track.","Atmospheric conditions around {subject} show a sudden shifting band interacting with a fading underside layer, producing variable patterns. A a soft descending mist layer is expected to persist through the period, shaping the overall outlook for this area.",Reset | Yielding | Tender,The Sore Bruised Turn
Surprise,Fear,Anger,{{subject}},{{pronoun}},"{{subject}} evokes feelings of a sharp jolt that snap your attention awake, layered with tight caution and finished by protective heat. It may land as a reset moment where you suddenly notice more than you expected.

You might begin by simply noticing these responses in your body without arguing with them. From there, give some room to the the jolt and the caution, and let the heat help you name what is okay and what is not as you relate to {subject}.",-0.5,Strongly Negative,"seed_genres=glitch,idm&target_valence=0.25&target_energy=0.70","Using the Spotify Search API, find one track that evokes the feeling of ""Firm Reset"". Return the single best matching track.","Atmospheric conditions around {subject} show an abrupt change front interacting with a cautious, constricting flow, producing variable patterns. A a heated residue trailing the system is expected to persist through the period, shaping the overall outlook for this area.",Reset | Protecting | Firm,The Fixed Severe Shift
Surprise,Fear,Curiosity,{{subject}},{{pronoun}},"{{subject}} evokes feelings of a sharp jolt that snap your attention awake, layered with tight caution and finished by steady interest. It may land as a reset moment where you suddenly notice more than you expected.

You might begin by simply noticing these responses in your body without arguing with them. From there, give some room to the the jolt and the caution, and let the interest gently invite you to stay curious without rushing your next move.",-0.0999999999999999,Mixed / Neutral,"seed_genres=glitch,idm&target_valence=0.45&target_energy=0.74","Using the Spotify Search API, find one track that evokes the feeling of ""Flexible Reset"". Return the single best matching track.","Atmospheric conditions around {subject} show an abrupt change front interacting with a cautious, constricting flow, producing variable patterns. A a light exploratory shimmer aloft is expected to persist through the period, shaping the overall outlook for this area.",Reset | Protecting | Flexible,The Supple Leaning Jolt
Surprise,Fear,Disgust,{{subject}},{{pronoun}},"{{subject}} evokes feelings of a sharp jolt that snap your attention awake, layered with tight caution and finished by an inner no. It may land as a reset moment where you suddenly notice more than you expected.

You might begin by simply noticing these responses in your body without arguing with them. From there, give some room to the the jolt and the caution, and use the the inner no to sort what belongs close and what needs more distance.",-0.5,Strongly Negative,"seed_genres=glitch,idm&target_valence=0.25&target_energy=0.70","Using the Spotify Search API, find one track that evokes the feeling of ""Decisive Reset"". Return the single best matching track.","Atmospheric conditions around {subject} show a sudden shifting band interacting with a cautious, constricting flow, producing variable patterns. A a thin acidic drift at altitude is expected to persist through the period, shaping the overall outlook for this area.",Reset | Protecting | Decisive,The Relentless Harsh Reset
Surprise,Fear,Dropping,{{subject}},{{pronoun}},"{{subject}} evokes feelings of a sharp jolt that snap your attention awake, layered with tight caution and finished by a small collapse inside. It may land as a reset moment where you suddenly notice more than you expected.

You might begin by simply noticing these responses in your body without arguing with them. From there, give some room to the the jolt and the caution, and let the the collapse remind you to move gently and offer yourself a bit more support around {subject}.",-0.5,Strongly Negative,"seed_genres=glitch,idm&target_valence=0.25&target_energy=0.70","Using the Spotify Search API, find one track that evokes the feeling of ""Quiet Reset"". Return the single best matching track.","Atmospheric conditions around {subject} show a broken line of gusts interacting with tightening cool layers, producing variable patterns. A a settling hush near the ground is expected to persist through the period, shaping the overall outlook for this area.",Reset | Protecting | Quiet,The Hushed Sinking Restart
Surprise,Fear,Joy,{{subject}},{{pronoun}},"{{subject}} evokes feelings of a sharp jolt that snap your attention awake, layered with tight caution and finished by warm lift. It may land as a reset moment where you suddenly notice more than you expected.

You might begin by simply noticing these responses in your body without arguing with them. From there, give some room to the the jolt and the caution, and let the warmth soften the edges so you can stay present without forcing anything.",-0.0999999999999999,Mixed / Neutral,"seed_genres=glitch,idm&target_valence=0.45&target_energy=0.74","Using the Spotify Search API, find one track that evokes the feeling of ""Open Reset"". Return the single best matching track.","Atmospheric conditions around {subject} show a sudden shifting band interacting with tightening cool layers, producing variable patterns. A a quiet bright layer above is expected to persist through the period, shaping the overall outlook for this area.",Reset | Protecting | Open,The Open Plain Reboot
Surprise,Fear,Withdrawing,{{subject}},{{pronoun}},"{{subject}} evokes feelings of a sharp jolt that snap your attention awake, layered with tight caution and finished by a need for space. It may land as a reset moment where you suddenly notice more than you expected.

You might begin by simply noticing these responses in your body without arguing with them. From there, give some room to the the jolt and the caution, and honor the the need for space by giving yourself room to breathe before deciding what you want to do.",-0.3400000000000000,Gently Negative,"seed_genres=glitch,idm&target_valence=0.33&target_energy=0.72","Using the Spotify Search API, find one track that evokes the feeling of ""Objective Reset"". Return the single best matching track.","Atmospheric conditions around {subject} show a sudden shifting band interacting with a narrow cautious band, producing variable patterns. A a broad quiet layer at the margins is expected to persist through the period, shaping the overall outlook for this area.",Reset | Protecting | Objective,The Cold Distant Turn
Surprise,Fear,Sadness,{{subject}},{{pronoun}},"{{subject}} evokes feelings of a sharp jolt that snap your attention awake, layered with tight caution and finished by soft heaviness. It may land as a reset moment where you suddenly notice more than you expected.

You might begin by simply noticing these responses in your body without arguing with them. From there, give some room to the the jolt and the caution, and treat the heaviness as a signal to slow down and stay close to what really matters here.",-0.5,Strongly Negative,"seed_genres=glitch,idm&target_valence=0.25&target_energy=0.70","Using the Spotify Search API, find one track that evokes the feeling of ""Tender Reset"". Return the single best matching track.","Atmospheric conditions around {subject} show an abrupt change front interacting with tightening cool layers, producing variable patterns. A a soft descending mist layer is expected to persist through the period, shaping the overall outlook for this area.",Reset | Protecting | Tender,The Raw Fragile Shift
Surprise,Joy,Anger,{{subject}},{{pronoun}},"{{subject}} evokes feelings of a sharp jolt that snap your attention awake, layered with warm lift and finished by protective heat. It may land as a reset moment where you suddenly notice more than you expected.

You might begin by simply noticing these responses in your body without arguing with them. From there, give some room to the the jolt and the warmth, and let the heat help you name what is okay and what is not as you relate to {subject}.",0.0999999999999999,Mixed / Neutral,"seed_genres=glitch,idm&target_valence=0.55&target_energy=0.76","Using the Spotify Search API, find one track that evokes the feeling of ""Firm Reset"". Return the single best matching track.","Atmospheric conditions around {subject} show an abrupt change front interacting with a mild brightening trend, producing variable patterns. A a heated residue trailing the system is expected to persist through the period, shaping the overall outlook for this area.",Reset | Bonding | Firm,The Set Firm Jolt
Surprise,Joy,Curiosity,{{subject}},{{pronoun}},"{{subject}} evokes feelings of a sharp jolt that snap your attention awake, layered with warm lift and finished by steady interest. It may land as a reset moment where you suddenly notice more than you expected.

You might begin by simply noticing these responses in your body without arguing with them. From there, give some room to the the jolt and the warmth, and let the interest gently invite you to stay curious without rushing your next move.",0.5,Strongly Positive,"seed_genres=glitch,idm&target_valence=0.75&target_energy=0.80","Using the Spotify Search API, find one track that evokes the feeling of ""Flexible Reset"". Return the single best matching track.","Atmospheric conditions around {subject} show a sudden shifting band interacting with gentle lifting pockets, producing variable patterns. A a light exploratory shimmer aloft is expected to persist through the period, shaping the overall outlook for this area.",Reset | Bonding | Flexible,The Curving Gentle Reset
Surprise,Joy,Disgust,{{subject}},{{pronoun}},"{{subject}} evokes feelings of a sharp jolt that snap your attention awake, layered with warm lift and finished by an inner no. It may land as a reset moment where you suddenly notice more than you expected.

You might begin by simply noticing these responses in your body without arguing with them. From there, give some room to the the jolt and the warmth, and use the the inner no to sort what belongs close and what needs more distance.",0.0999999999999999,Mixed / Neutral,"seed_genres=glitch,idm&target_valence=0.55&target_energy=0.76","Using the Spotify Search API, find one track that evokes the feeling of ""Decisive Reset"". Return the single best matching track.","Atmospheric conditions around {subject} show an abrupt change front interacting with a mild brightening trend, producing variable patterns. A a sharp edge in the higher air is expected to persist through the period, shaping the overall outlook for this area.",Reset | Bonding | Decisive,The Sharp Clear Restart
Surprise,Joy,Dropping,{{subject}},{{pronoun}},"{{subject}} evokes feelings of a sharp jolt that snap your attention awake, layered with warm lift and finished by a small collapse inside. It may land as a reset moment where you suddenly notice more than you expected.

You might begin by simply noticing these responses in your body without arguing with them. From there, give some room to the the jolt and the warmth, and let the the collapse remind you to move gently and offer yourself a bit more support around {subject}.",0.0999999999999999,Mixed / Neutral,"seed_genres=glitch,idm&target_valence=0.55&target_energy=0.76","Using the Spotify Search API, find one track that evokes the feeling of ""Quiet Reset"". Return the single best matching track.","Atmospheric conditions around {subject} show a sudden shifting band interacting with soft warming air, producing variable patterns. A a settling hush near the ground is expected to persist through the period, shaping the overall outlook for this area.",Reset | Bonding | Quiet,The Quiet Still Reboot
Surprise,Joy,Fear,{{subject}},{{pronoun}},"{{subject}} evokes feelings of a sharp jolt that snap your attention awake, layered with warm lift and finished by tight caution. It may land as a reset moment where you suddenly notice more than you expected.

You might begin by simply noticing these responses in your body without arguing with them. From there, give some room to the the jolt and the warmth, and honor the caution by moving in small steps and checking what feels safe as you go.",0.0999999999999999,Mixed / Neutral,"seed_genres=glitch,idm&target_valence=0.55&target_energy=0.76","Using the Spotify Search API, find one track that evokes the feeling of ""Cautious Reset"". Return the single best matching track.","Atmospheric conditions around {subject} show an abrupt change front interacting with soft warming air, producing variable patterns. A a narrow watchful band at higher levels is expected to persist through the period, shaping the overall outlook for this area.",Reset | Bonding | Cautious,The Cautious Watchful Turn
Surprise,Joy,Withdrawing,{{subject}},{{pronoun}},"{{subject}} evokes feelings of a sharp jolt that snap your attention awake, layered with warm lift and finished by a need for space. It may land as a reset moment where you suddenly notice more than you expected.

You might begin by simply noticing these responses in your body without arguing with them. From there, give some room to the the jolt and the warmth, and honor the the need for space by giving yourself room to breathe before deciding what you want to do.",0.26,Gently Positive,"seed_genres=glitch,idm&target_valence=0.63&target_energy=0.78","Using the Spotify Search API, find one track that evokes the feeling of ""Objective Reset"". Return the single best matching track.","Atmospheric conditions around {subject} show a sudden shifting band interacting with a mild brightening trend, producing variable patterns. A an open still band on the horizon is expected to persist through the period, shaping the overall outlook for this area.",Reset | Bonding | Objective,The Plain Neutral Shift
Surprise,Joy,Sadness,{{subject}},{{pronoun}},"{{subject}} evokes feelings of a sharp jolt that snap your attention awake, layered with warm lift and finished by soft heaviness. It may land as a reset moment where you suddenly notice more than you expected.

You might begin by simply noticing these responses in your body without arguing with them. From there, give some room to the the jolt and the warmth, and treat the heaviness as a signal to slow down and stay close to what really matters here.",0.0999999999999999,Mixed / Neutral,"seed_genres=glitch,idm&target_valence=0.55&target_energy=0.76","Using the Spotify Search API, find one track that evokes the feeling of ""Tender Reset"". Return the single best matching track.","Atmospheric conditions around {subject} show a sudden shifting band interacting with gentle lifting pockets, producing variable patterns. A a tender gray overcast above is expected to persist through the period, shaping the overall outlook for this area.",Reset | Bonding | Tender,The Fine Tender Jolt
Surprise,Withdrawing,Anger,{{subject}},{{pronoun}},"{{subject}} evokes feelings of a sharp jolt that snap your attention awake, layered with a need for space and finished by protective heat. It may land as a reset moment where you suddenly notice more than you expected.

You might begin by simply noticing these responses in your body without arguing with them. From there, give some room to the the jolt and the the need for space, and let the heat help you name what is okay and what is not as you relate to {subject}.",-0.26,Gently Negative,"seed_genres=glitch,idm&target_valence=0.37&target_energy=0.72","Using the Spotify Search API, find one track that evokes the feeling of ""Firm Reset"". Return the single best matching track.","Atmospheric conditions around {subject} show an abrupt change front interacting with a broad retreating zone, producing variable patterns. A a heated residue trailing the system is expected to persist through the period, shaping the overall outlook for this area.",Reset | Retreating | Firm,The Hard Unyielding Reset
Surprise,Withdrawing,Curiosity,{{subject}},{{pronoun}},"{{subject}} evokes feelings of a sharp jolt that snap your attention awake, layered with a need for space and finished by steady interest. It may land as a reset moment where you suddenly notice more than you expected.

You might begin by simply noticing these responses in your body without arguing with them. From there, give some room to the the jolt and the the need for space, and let the interest gently invite you to stay curious without rushing your next move.",0.14,Mixed / Neutral,"seed_genres=glitch,idm&target_valence=0.57&target_energy=0.76","Using the Spotify Search API, find one track that evokes the feeling of ""Flexible Reset"". Return the single best matching track.","Atmospheric conditions around {subject} show an abrupt change front interacting with expanding empty pockets, producing variable patterns. A thin curiosity haze is expected to persist through the period, shaping the overall outlook for this area.",Reset | Retreating | Flexible,The Bending Flexible Restart
Surprise,Withdrawing,Disgust,{{subject}},{{pronoun}},"{{subject}} evokes feelings of a sharp jolt that snap your attention awake, layered with a need for space and finished by an inner no. It may land as a reset moment where you suddenly notice more than you expected.

You might begin by simply noticing these responses in your body without arguing with them. From there, give some room to the the jolt and the the need for space, and use the the inner no to sort what belongs close and what needs more distance.",-0.26,Gently Negative,"seed_genres=glitch,idm&target_valence=0.37&target_energy=0.72","Using the Spotify Search API, find one track that evokes the feeling of ""Decisive Reset"". Return the single best matching track.","Atmospheric conditions around {subject} show a broken line of gusts interacting with expanding empty pockets, producing variable patterns. A a thin acidic drift at altitude is expected to persist through the period, shaping the overall outlook for this area.",Reset | Retreating | Decisive,The Sharp Final Reboot
Surprise,Withdrawing,Dropping,{{subject}},{{pronoun}},"{{subject}} evokes feelings of a sharp jolt that snap your attention awake, layered with a need for space and finished by a small collapse inside. It may land as a reset moment where you suddenly notice more than you expected.

You might begin by simply noticing these responses in your body without arguing with them. From there, give some room to the the jolt and the the need for space, and let the the collapse remind you to move gently and offer yourself a bit more support around {subject}.",-0.26,Gently Negative,"seed_genres=glitch,idm&target_valence=0.37&target_energy=0.72","Using the Spotify Search API, find one track that evokes the feeling of ""Quiet Reset"". Return the single best matching track.","Atmospheric conditions around {subject} show a sudden shifting band interacting with receding quiet air, producing variable patterns. A a low dim undertone in the field is expected to persist through the period, shaping the overall outlook for this area.",Reset | Retreating | Quiet,The Low Smothered Turn
Surprise,Withdrawing,Fear,{{subject}},{{pronoun}},"{{subject}} evokes feelings of a sharp jolt that snap your attention awake, layered with a need for space and finished by tight caution. It may land as a reset moment where you suddenly notice more than you expected.

You might begin by simply noticing these responses in your body without arguing with them. From there, give some room to the the jolt and the the need for space, and honor the caution by moving in small steps and checking what feels safe as you go.",-0.26,Gently Negative,"seed_genres=glitch,idm&target_valence=0.37&target_energy=0.72","Using the Spotify Search API, find one track that evokes the feeling of ""Cautious Reset"". Return the single best matching track.","Atmospheric conditions around {subject} show a broken line of gusts interacting with receding quiet air, producing variable patterns. A a cooling shadow line overhead is expected to persist through the period, shaping the overall outlook for this area.",Reset | Retreating | Cautious,The Guarded Tight Shift
Surprise,Withdrawing,Joy,{{subject}},{{pronoun}},"{{subject}} evokes feelings of a sharp jolt that snap your attention awake, layered with a need for space and finished by warm lift. It may land as a reset moment where you suddenly notice more than you expected.

You might begin by simply noticing these responses in your body without arguing with them. From there, give some room to the the jolt and the the need for space, and let the warmth soften the edges so you can stay present without forcing anything.",0.14,Mixed / Neutral,"seed_genres=glitch,idm&target_valence=0.57&target_energy=0.76","Using the Spotify Search API, find one track that evokes the feeling of ""Open Reset"". Return the single best matching track.","Atmospheric conditions around {subject} show a sudden shifting band interacting with receding quiet air, producing variable patterns. A a quiet bright layer above is expected to persist through the period, shaping the overall outlook for this area.",Reset | Retreating | Open,The Wide Simple Jolt
Surprise,Withdrawing,Sadness,{{subject}},{{pronoun}},"{{subject}} evokes feelings of a sharp jolt that snap your attention awake, layered with a need for space and finished by soft heaviness. It may land as a reset moment where you suddenly notice more than you expected.

You might begin by simply noticing these responses in your body without arguing with them. From there, give some room to the the jolt and the the need for space, and treat the heaviness as a signal to slow down and stay close to what really matters here.",-0.26,Gently Negative,"seed_genres=glitch,idm&target_valence=0.37&target_energy=0.72","Using the Spotify Search API, find one track that evokes the feeling of ""Tender Reset"". Return the single best matching track.","Atmospheric conditions around {subject} show a sudden shifting band interacting with receding quiet air, producing variable patterns. A a tender gray overcast above is expected to persist through the period, shaping the overall outlook for this area.",Reset | Retreating | Tender,The Sore Bruised Reset
Surprise,Sadness,Anger,{{subject}},{{pronoun}},"{{subject}} evokes feelings of a sharp jolt that snap your attention awake, layered with soft heaviness and finished by protective heat. It may land as a reset moment where you suddenly notice more than you expected.

You might begin by simply noticing these responses in your body without arguing with them. From there, give some room to the the jolt and the heaviness, and let the heat help you name what is okay and what is not as you relate to {subject}.",-0.5,Strongly Negative,"seed_genres=glitch,idm&target_valence=0.25&target_energy=0.70","Using the Spotify Search API, find one track that evokes the feeling of ""Firm Reset"". Return the single best matching track.","Atmospheric conditions around {subject} show a sudden shifting band interacting with muted rain bands, producing variable patterns. A a heated residue trailing the system is expected to persist through the period, shaping the overall outlook for this area.",Reset | Grieving | Firm,The Fixed Severe Restart
Surprise,Sadness,Curiosity,{{subject}},{{pronoun}},"{{subject}} evokes feelings of a sharp jolt that snap your attention awake, layered with soft heaviness and finished by steady interest. It may land as a reset moment where you suddenly notice more than you expected.

You might begin by simply noticing these responses in your body without arguing with them. From there, give some room to the the jolt and the heaviness, and let the interest gently invite you to stay curious without rushing your next move.",-0.0999999999999999,Mixed / Neutral,"seed_genres=glitch,idm&target_valence=0.45&target_energy=0.74","Using the Spotify Search API, find one track that evokes the feeling of ""Flexible Reset"". Return the single best matching track.","Atmospheric conditions around {subject} show a broken line of gusts interacting with a damp, heavy drift, producing variable patterns. A a light exploratory shimmer aloft is expected to persist through the period, shaping the overall outlook for this area.",Reset | Grieving | Flexible,The Supple Leaning Reboot
Surprise,Sadness,Disgust,{{subject}},{{pronoun}},"{{subject}} evokes feelings of a sharp jolt that snap your attention awake, layered with soft heaviness and finished by an inner no. It may land as a reset moment where you suddenly notice more than you expected.

You might begin by simply noticing these responses in your body without arguing with them. From there, give some room to the the jolt and the heaviness, and use the the inner no to sort what belongs close and what needs more distance.",-0.5,Strongly Negative,"seed_genres=glitch,idm&target_valence=0.25&target_energy=0.70","Using the Spotify Search API, find one track that evokes the feeling of ""Decisive Reset"". Return the single best matching track.","Atmospheric conditions around {subject} show a broken line of gusts interacting with muted rain bands, producing variable patterns. A a sharp edge in the higher air is expected to persist through the period, shaping the overall outlook for this area.",Reset | Grieving | Decisive,The Relentless Harsh Turn
Surprise,Sadness,Dropping,{{subject}},{{pronoun}},"{{subject}} evokes feelings of a sharp jolt that snap your attention awake, layered with soft heaviness and finished by a small collapse inside. It may land as a reset moment where you suddenly notice more than you expected.

You might begin by simply noticing these responses in your body without arguing with them. From there, give some room to the the jolt and the heaviness, and let the the collapse remind you to move gently and offer yourself a bit more support around {subject}.",-0.5,Strongly Negative,"seed_genres=glitch,idm&target_valence=0.25&target_energy=0.70","Using the Spotify Search API, find one track that evokes the feeling of ""Quiet Reset"". Return the single best matching track.","Atmospheric conditions around {subject} show a broken line of gusts interacting with a damp, heavy drift, producing variable patterns. A a low dim undertone in the field is expected to persist through the period, shaping the overall outlook for this area.",Reset | Grieving | Quiet,The Hushed Sinking Shift
Surprise,Sadness,Fear,{{subject}},{{pronoun}},"{{subject}} evokes feelings of a sharp jolt that snap your attention awake, layered with soft heaviness and finished by tight caution. It may land as a reset moment where you suddenly notice more than you expected.

You might begin by simply noticing these responses in your body without arguing with them. From there, give some room to the the jolt and the heaviness, and honor the caution by moving in small steps and checking what feels safe as you go.",-0.5,Strongly Negative,"seed_genres=glitch,idm&target_valence=0.25&target_energy=0.70","Using the Spotify Search API, find one track that evokes the feeling of ""Cautious Reset"". Return the single best matching track.","Atmospheric conditions around {subject} show a broken line of gusts interacting with muted rain bands, producing variable patterns. A a narrow watchful band at higher levels is expected to persist through the period, shaping the overall outlook for this area.",Reset | Grieving | Cautious,The Watchful Wary Jolt
Surprise,Sadness,Joy,{{subject}},{{pronoun}},"{{subject}} evokes feelings of a sharp jolt that snap your attention awake, layered with soft heaviness and finished by warm lift. It may land as a reset moment where you suddenly notice more than you expected.

You might begin by simply noticing these responses in your body without arguing with them. From there, give some room to the the jolt and the heaviness, and let the warmth soften the edges so you can stay present without forcing anything.",-0.0999999999999999,Mixed / Neutral,"seed_genres=glitch,idm&target_valence=0.45&target_energy=0.74","Using the Spotify Search API, find one track that evokes the feeling of ""Open Reset"". Return the single best matching track.","Atmospheric conditions around {subject} show a sudden shifting band interacting with slow trailing showers, producing variable patterns. A a soft warming undercurrent is expected to persist through the period, shaping the overall outlook for this area.",Reset | Grieving | Open,The Bare Unfolding Reset
Surprise,Sadness,Withdrawing,{{subject}},{{pronoun}},"{{subject}} evokes feelings of a sharp jolt that snap your attention awake, layered with soft heaviness and finished by a need for space. It may land as a reset moment where you suddenly notice more than you expected.

You might begin by simply noticing these responses in your body without arguing with them. From there, give some room to the the jolt and the heaviness, and honor the the need for space by giving yourself room to breathe before deciding what you want to do.",-0.3400000000000000,Gently Negative,"seed_genres=glitch,idm&target_valence=0.33&target_energy=0.72","Using the Spotify Search API, find one track that evokes the feeling of ""Objective Reset"". Return the single best matching track.","Atmospheric conditions around {subject} show a broken line of gusts interacting with slow trailing showers, producing variable patterns. A an open still band on the horizon is expected to persist through the period, shaping the overall outlook for this area.",Reset | Grieving | Objective,The Flat Blank Restart
