Affect1,Affect2,Affect3,subject,pronoun,approach,valence_raw,valence_category,spotify_seed,spotify_prompt,weather,feeling
Anger,Curiosity,Disgust,{{subject}},{{pronoun}},"{{subject}} evokes feelings of protective heat at the edges of your tolerance, mingled with steady interest and toned by an inner no. Underneath, your system may be trying to defend what matters or push back where something feels off.

You might begin by simply noticing these responses in your body without arguing with them. From there, give some room to the heat and the interest, and use the the inner no to sort what belongs close and what needs more distance.",-0.4,Gently Negative,"seed_genres=metal,hardcore&target_valence=0.30&target_energy=0.76","Using the Spotify Recommendations API, find one track that feels related to {subject} and matches this emotional profile: primary feel intense, boundary-protective energy, secondary feel curious, exploratory energy, and coloring harsh, rejecting tone. Use these parameters when possible: seed_genres=metal,hardcore&target_valence=0.30&target_energy=0.76. Return the single best matching track.","Atmospheric conditions around {subject} show a compressed hot band interacting with light curious drift, producing variable patterns. A a sharp edge in the higher air is expected to persist through the period, shaping the overall outlook for this area.",Fire | Exploring | Decisive
Anger,Curiosity,Dropping,{{subject}},{{pronoun}},"{{subject}} evokes feelings of protective heat at the edges of your tolerance, mingled with steady interest and toned by a small collapse inside. Underneath, your system may be trying to defend what matters or push back where something feels off.

You might begin by simply noticing these responses in your body without arguing with them. From there, give some room to the heat and the interest, and let the the collapse remind you to move gently and offer yourself a bit more support around {subject}.",-0.4,Gently Negative,"seed_genres=metal,hardcore&target_valence=0.30&target_energy=0.76","Using the Spotify Recommendations API, find one track that feels related to {subject} and matches this emotional profile: primary feel intense, boundary-protective energy, secondary feel curious, exploratory energy, and coloring fragile, sinking tone. Use these parameters when possible: seed_genres=metal,hardcore&target_valence=0.30&target_energy=0.76. Return the single best matching track.","Atmospheric conditions around {subject} show a high-intensity storm line interacting with light curious drift, producing variable patterns. A a low dim undertone in the field is expected to persist through the period, shaping the overall outlook for this area.",Fire | Exploring | Quiet
Anger,Curiosity,Fear,{{subject}},{{pronoun}},"{{subject}} evokes feelings of protective heat at the edges of your tolerance, mingled with steady interest and toned by tight caution. Underneath, your system may be trying to defend what matters or push back where something feels off.

You might begin by simply noticing these responses in your body without arguing with them. From there, give some room to the heat and the interest, and honor the caution by moving in small steps and checking what feels safe as you go.",-0.4,Gently Negative,"seed_genres=metal,hardcore&target_valence=0.30&target_energy=0.76","Using the Spotify Recommendations API, find one track that feels related to {subject} and matches this emotional profile: primary feel intense, boundary-protective energy, secondary feel curious, exploratory energy, and coloring tense, cautious mood. Use these parameters when possible: seed_genres=metal,hardcore&target_valence=0.30&target_energy=0.76. Return the single best matching track.","Atmospheric conditions around {subject} show a high-intensity storm line interacting with restless tilting currents, producing variable patterns. A a cooling shadow line overhead is expected to persist through the period, shaping the overall outlook for this area.",Fire | Exploring | Cautious
Anger,Curiosity,Joy,{{subject}},{{pronoun}},"{{subject}} evokes feelings of protective heat at the edges of your tolerance, mingled with steady interest and toned by warm lift. Underneath, your system may be trying to defend what matters or push back where something feels off.

You might begin by simply noticing these responses in your body without arguing with them. From there, give some room to the heat and the interest, and let the warmth soften the edges so you can stay present without forcing anything.",0.0,Mixed / Neutral,"seed_genres=metal,hardcore&target_valence=0.50&target_energy=0.80","Using the Spotify Recommendations API, find one track that feels related to {subject} and matches this emotional profile: primary feel intense, boundary-protective energy, secondary feel curious, exploratory energy, and coloring warm, uplifting tone. Use these parameters when possible: seed_genres=metal,hardcore&target_valence=0.50&target_energy=0.80. Return the single best matching track.","Atmospheric conditions around {subject} show a compressed hot band interacting with restless tilting currents, producing variable patterns. A a soft warming undercurrent is expected to persist through the period, shaping the overall outlook for this area.",Fire | Exploring | Open
Anger,Curiosity,Withdrawing,{{subject}},{{pronoun}},"{{subject}} evokes feelings of protective heat at the edges of your tolerance, mingled with steady interest and toned by a need for space. Underneath, your system may be trying to defend what matters or push back where something feels off.

You might begin by simply noticing these responses in your body without arguing with them. From there, give some room to the heat and the interest, and honor the the need for space by giving yourself room to breathe before deciding what you want to do.",-0.24,Gently Negative,"seed_genres=metal,hardcore&target_valence=0.38&target_energy=0.78","Using the Spotify Recommendations API, find one track that feels related to {subject} and matches this emotional profile: primary feel intense, boundary-protective energy, secondary feel curious, exploratory energy, and coloring distant, spacious feeling. Use these parameters when possible: seed_genres=metal,hardcore&target_valence=0.38&target_energy=0.78. Return the single best matching track.","Atmospheric conditions around {subject} show a compressed hot band interacting with patchy exploratory flow, producing variable patterns. A an open still band on the horizon is expected to persist through the period, shaping the overall outlook for this area.",Fire | Exploring | Objective
Anger,Curiosity,Sadness,{{subject}},{{pronoun}},"{{subject}} evokes feelings of protective heat at the edges of your tolerance, mingled with steady interest and toned by soft heaviness. Underneath, your system may be trying to defend what matters or push back where something feels off.

You might begin by simply noticing these responses in your body without arguing with them. From there, give some room to the heat and the interest, and treat the heaviness as a signal to slow down and stay close to what really matters here.",-0.4,Gently Negative,"seed_genres=metal,hardcore&target_valence=0.30&target_energy=0.76","Using the Spotify Recommendations API, find one track that feels related to {subject} and matches this emotional profile: primary feel intense, boundary-protective energy, secondary feel curious, exploratory energy, and coloring slow, melancholic mood. Use these parameters when possible: seed_genres=metal,hardcore&target_valence=0.30&target_energy=0.76. Return the single best matching track.","Atmospheric conditions around {subject} show a high-intensity storm line interacting with light curious drift, producing variable patterns. A a soft descending mist layer is expected to persist through the period, shaping the overall outlook for this area.",Fire | Exploring | Tender
Anger,Curiosity,Surprise,{{subject}},{{pronoun}},"{{subject}} evokes feelings of protective heat at the edges of your tolerance, mingled with steady interest and toned by a sharp jolt. Underneath, your system may be trying to defend what matters or push back where something feels off.

You might begin by simply noticing these responses in your body without arguing with them. From there, give some room to the heat and the interest, and use the the jolt as a brief pause to reset, then decide what pace actually feels right.",-0.2,Gently Negative,"seed_genres=metal,hardcore&target_valence=0.40&target_energy=0.78","Using the Spotify Recommendations API, find one track that feels related to {subject} and matches this emotional profile: primary feel intense, boundary-protective energy, secondary feel curious, exploratory energy, and coloring sudden, shifting feel. Use these parameters when possible: seed_genres=metal,hardcore&target_valence=0.40&target_energy=0.78. Return the single best matching track.","Atmospheric conditions around {subject} show a high-intensity storm line interacting with patchy exploratory flow, producing variable patterns. A a patchy scattering pattern aloft is expected to persist through the period, shaping the overall outlook for this area.",Fire | Exploring | New
Anger,Disgust,Curiosity,{{subject}},{{pronoun}},"{{subject}} evokes feelings of protective heat at the edges of your tolerance, mingled with an inner no and toned by steady interest. Underneath, your system may be trying to defend what matters or push back where something feels off.

You might begin by simply noticing these responses in your body without arguing with them. From there, give some room to the heat and the the inner no, and let the interest gently invite you to stay curious without rushing your next move.",-0.6000000000000000,Strongly Negative,"seed_genres=metal,hardcore&target_valence=0.20&target_energy=0.74","Using the Spotify Recommendations API, find one track that feels related to {subject} and matches this emotional profile: primary feel intense, boundary-protective energy, secondary feel harsh, rejecting tone, and coloring curious, exploratory energy. Use these parameters when possible: seed_genres=metal,hardcore&target_valence=0.20&target_energy=0.74. Return the single best matching track.","Atmospheric conditions around {subject} show a high-intensity storm line interacting with harsh particulate air, producing variable patterns. A thin curiosity haze is expected to persist through the period, shaping the overall outlook for this area.",Fire | Rejecting | Flexible
Anger,Disgust,Dropping,{{subject}},{{pronoun}},"{{subject}} evokes feelings of protective heat at the edges of your tolerance, mingled with an inner no and toned by a small collapse inside. Underneath, your system may be trying to defend what matters or push back where something feels off.

You might begin by simply noticing these responses in your body without arguing with them. From there, give some room to the heat and the the inner no, and let the the collapse remind you to move gently and offer yourself a bit more support around {subject}.",-1.0,Strongly Negative,"seed_genres=metal,hardcore&target_valence=0.00&target_energy=0.70","Using the Spotify Recommendations API, find one track that feels related to {subject} and matches this emotional profile: primary feel intense, boundary-protective energy, secondary feel harsh, rejecting tone, and coloring fragile, sinking tone. Use these parameters when possible: seed_genres=metal,hardcore&target_valence=0.00&target_energy=0.70. Return the single best matching track.","Atmospheric conditions around {subject} show a heated boundary front interacting with a coarse turning gust, producing variable patterns. A a settling hush near the ground is expected to persist through the period, shaping the overall outlook for this area.",Fire | Rejecting | Quiet
Anger,Disgust,Fear,{{subject}},{{pronoun}},"{{subject}} evokes feelings of protective heat at the edges of your tolerance, mingled with an inner no and toned by tight caution. Underneath, your system may be trying to defend what matters or push back where something feels off.

You might begin by simply noticing these responses in your body without arguing with them. From there, give some room to the heat and the the inner no, and honor the caution by moving in small steps and checking what feels safe as you go.",-1.0,Strongly Negative,"seed_genres=metal,hardcore&target_valence=0.00&target_energy=0.70","Using the Spotify Recommendations API, find one track that feels related to {subject} and matches this emotional profile: primary feel intense, boundary-protective energy, secondary feel harsh, rejecting tone, and coloring tense, cautious mood. Use these parameters when possible: seed_genres=metal,hardcore&target_valence=0.00&target_energy=0.70. Return the single best matching track.","Atmospheric conditions around {subject} show a compressed hot band interacting with a coarse turning gust, producing variable patterns. A a narrow watchful band at higher levels is expected to persist through the period, shaping the overall outlook for this area.",Fire | Rejecting | Cautious
Anger,Disgust,Joy,{{subject}},{{pronoun}},"{{subject}} evokes feelings of protective heat at the edges of your tolerance, mingled with an inner no and toned by warm lift. Underneath, your system may be trying to defend what matters or push back where something feels off.

You might begin by simply noticing these responses in your body without arguing with them. From there, give some room to the heat and the the inner no, and let the warmth soften the edges so you can stay present without forcing anything.",-0.6000000000000000,Strongly Negative,"seed_genres=metal,hardcore&target_valence=0.20&target_energy=0.74","Using the Spotify Recommendations API, find one track that feels related to {subject} and matches this emotional profile: primary feel intense, boundary-protective energy, secondary feel harsh, rejecting tone, and coloring warm, uplifting tone. Use these parameters when possible: seed_genres=metal,hardcore&target_valence=0.20&target_energy=0.74. Return the single best matching track.","Atmospheric conditions around {subject} show a compressed hot band interacting with harsh particulate air, producing variable patterns. A a quiet bright layer above is expected to persist through the period, shaping the overall outlook for this area.",Fire | Rejecting | Open
Anger,Disgust,Withdrawing,{{subject}},{{pronoun}},"{{subject}} evokes feelings of protective heat at the edges of your tolerance, mingled with an inner no and toned by a need for space. Underneath, your system may be trying to defend what matters or push back where something feels off.

You might begin by simply noticing these responses in your body without arguing with them. From there, give some room to the heat and the the inner no, and honor the the need for space by giving yourself room to breathe before deciding what you want to do.",-0.8400000000000000,Strongly Negative,"seed_genres=metal,hardcore&target_valence=0.08&target_energy=0.72","Using the Spotify Recommendations API, find one track that feels related to {subject} and matches this emotional profile: primary feel intense, boundary-protective energy, secondary feel harsh, rejecting tone, and coloring distant, spacious feeling. Use these parameters when possible: seed_genres=metal,hardcore&target_valence=0.08&target_energy=0.72. Return the single best matching track.","Atmospheric conditions around {subject} show a heated boundary front interacting with a coarse turning gust, producing variable patterns. A an open still band on the horizon is expected to persist through the period, shaping the overall outlook for this area.",Fire | Rejecting | Objective
Anger,Disgust,Sadness,{{subject}},{{pronoun}},"{{subject}} evokes feelings of protective heat at the edges of your tolerance, mingled with an inner no and toned by soft heaviness. Underneath, your system may be trying to defend what matters or push back where something feels off.

You might begin by simply noticing these responses in your body without arguing with them. From there, give some room to the heat and the the inner no, and treat the heaviness as a signal to slow down and stay close to what really matters here.",-1.0,Strongly Negative,"seed_genres=metal,hardcore&target_valence=0.00&target_energy=0.70","Using the Spotify Recommendations API, find one track that feels related to {subject} and matches this emotional profile: primary feel intense, boundary-protective energy, secondary feel harsh, rejecting tone, and coloring slow, melancholic mood. Use these parameters when possible: seed_genres=metal,hardcore&target_valence=0.00&target_energy=0.70. Return the single best matching track.","Atmospheric conditions around {subject} show a high-intensity storm line interacting with irregular abrasive currents, producing variable patterns. A a soft descending mist layer is expected to persist through the period, shaping the overall outlook for this area.",Fire | Rejecting | Tender
Anger,Disgust,Surprise,{{subject}},{{pronoun}},"{{subject}} evokes feelings of protective heat at the edges of your tolerance, mingled with an inner no and toned by a sharp jolt. Underneath, your system may be trying to defend what matters or push back where something feels off.

You might begin by simply noticing these responses in your body without arguing with them. From there, give some room to the heat and the the inner no, and use the the jolt as a brief pause to reset, then decide what pace actually feels right.",-0.8,Strongly Negative,"seed_genres=metal,hardcore&target_valence=0.10&target_energy=0.72","Using the Spotify Recommendations API, find one track that feels related to {subject} and matches this emotional profile: primary feel intense, boundary-protective energy, secondary feel harsh, rejecting tone, and coloring sudden, shifting feel. Use these parameters when possible: seed_genres=metal,hardcore&target_valence=0.10&target_energy=0.72. Return the single best matching track.","Atmospheric conditions around {subject} show a high-intensity storm line interacting with a coarse turning gust, producing variable patterns. A a brief flicker in the upper air is expected to persist through the period, shaping the overall outlook for this area.",Fire | Rejecting | New
Anger,Dropping,Curiosity,{{subject}},{{pronoun}},"{{subject}} evokes feelings of protective heat at the edges of your tolerance, mingled with a small collapse inside and toned by steady interest. Underneath, your system may be trying to defend what matters or push back where something feels off.

You might begin by simply noticing these responses in your body without arguing with them. From there, give some room to the heat and the the collapse, and let the interest gently invite you to stay curious without rushing your next move.",-0.6000000000000000,Strongly Negative,"seed_genres=metal,hardcore&target_valence=0.20&target_energy=0.74","Using the Spotify Recommendations API, find one track that feels related to {subject} and matches this emotional profile: primary feel intense, boundary-protective energy, secondary feel fragile, sinking tone, and coloring curious, exploratory energy. Use these parameters when possible: seed_genres=metal,hardcore&target_valence=0.20&target_energy=0.74. Return the single best matching track.","Atmospheric conditions around {subject} show a heated boundary front interacting with sinking trailing clouds, producing variable patterns. A a light exploratory shimmer aloft is expected to persist through the period, shaping the overall outlook for this area.",Fire | Yielding | Flexible
Anger,Dropping,Disgust,{{subject}},{{pronoun}},"{{subject}} evokes feelings of protective heat at the edges of your tolerance, mingled with a small collapse inside and toned by an inner no. Underneath, your system may be trying to defend what matters or push back where something feels off.

You might begin by simply noticing these responses in your body without arguing with them. From there, give some room to the heat and the the collapse, and use the the inner no to sort what belongs close and what needs more distance.",-1.0,Strongly Negative,"seed_genres=metal,hardcore&target_valence=0.00&target_energy=0.70","Using the Spotify Recommendations API, find one track that feels related to {subject} and matches this emotional profile: primary feel intense, boundary-protective energy, secondary feel fragile, sinking tone, and coloring harsh, rejecting tone. Use these parameters when possible: seed_genres=metal,hardcore&target_valence=0.00&target_energy=0.70. Return the single best matching track.","Atmospheric conditions around {subject} show a heated boundary front interacting with low drifting haze, producing variable patterns. A a sharp edge in the higher air is expected to persist through the period, shaping the overall outlook for this area.",Fire | Yielding | Decisive
Anger,Dropping,Fear,{{subject}},{{pronoun}},"{{subject}} evokes feelings of protective heat at the edges of your tolerance, mingled with a small collapse inside and toned by tight caution. Underneath, your system may be trying to defend what matters or push back where something feels off.

You might begin by simply noticing these responses in your body without arguing with them. From there, give some room to the heat and the the collapse, and honor the caution by moving in small steps and checking what feels safe as you go.",-1.0,Strongly Negative,"seed_genres=metal,hardcore&target_valence=0.00&target_energy=0.70","Using the Spotify Recommendations API, find one track that feels related to {subject} and matches this emotional profile: primary feel intense, boundary-protective energy, secondary feel fragile, sinking tone, and coloring tense, cautious mood. Use these parameters when possible: seed_genres=metal,hardcore&target_valence=0.00&target_energy=0.70. Return the single best matching track.","Atmospheric conditions around {subject} show a compressed hot band interacting with sinking trailing clouds, producing variable patterns. A a narrow watchful band at higher levels is expected to persist through the period, shaping the overall outlook for this area.",Fire | Yielding | Cautious
Anger,Dropping,Joy,{{subject}},{{pronoun}},"{{subject}} evokes feelings of protective heat at the edges of your tolerance, mingled with a small collapse inside and toned by warm lift. Underneath, your system may be trying to defend what matters or push back where something feels off.

You might begin by simply noticing these responses in your body without arguing with them. From there, give some room to the heat and the the collapse, and let the warmth soften the edges so you can stay present without forcing anything.",-0.6000000000000000,Strongly Negative,"seed_genres=metal,hardcore&target_valence=0.20&target_energy=0.74","Using the Spotify Recommendations API, find one track that feels related to {subject} and matches this emotional profile: primary feel intense, boundary-protective energy, secondary feel fragile, sinking tone, and coloring warm, uplifting tone. Use these parameters when possible: seed_genres=metal,hardcore&target_valence=0.20&target_energy=0.74. Return the single best matching track.","Atmospheric conditions around {subject} show a compressed hot band interacting with a fading underside layer, producing variable patterns. A a quiet bright layer above is expected to persist through the period, shaping the overall outlook for this area.",Fire | Yielding | Open
Anger,Dropping,Withdrawing,{{subject}},{{pronoun}},"{{subject}} evokes feelings of protective heat at the edges of your tolerance, mingled with a small collapse inside and toned by a need for space. Underneath, your system may be trying to defend what matters or push back where something feels off.

You might begin by simply noticing these responses in your body without arguing with them. From there, give some room to the heat and the the collapse, and honor the the need for space by giving yourself room to breathe before deciding what you want to do.",-0.8400000000000000,Strongly Negative,"seed_genres=metal,hardcore&target_valence=0.08&target_energy=0.72","Using the Spotify Recommendations API, find one track that feels related to {subject} and matches this emotional profile: primary feel intense, boundary-protective energy, secondary feel fragile, sinking tone, and coloring distant, spacious feeling. Use these parameters when possible: seed_genres=metal,hardcore&target_valence=0.08&target_energy=0.72. Return the single best matching track.","Atmospheric conditions around {subject} show a high-intensity storm line interacting with a fading underside layer, producing variable patterns. A a broad quiet layer at the margins is expected to persist through the period, shaping the overall outlook for this area.",Fire | Yielding | Objective
Anger,Dropping,Sadness,{{subject}},{{pronoun}},"{{subject}} evokes feelings of protective heat at the edges of your tolerance, mingled with a small collapse inside and toned by soft heaviness. Underneath, your system may be trying to defend what matters or push back where something feels off.

You might begin by simply noticing these responses in your body without arguing with them. From there, give some room to the heat and the the collapse, and treat the heaviness as a signal to slow down and stay close to what really matters here.",-1.0,Strongly Negative,"seed_genres=metal,hardcore&target_valence=0.00&target_energy=0.70","Using the Spotify Recommendations API, find one track that feels related to {subject} and matches this emotional profile: primary feel intense, boundary-protective energy, secondary feel fragile, sinking tone, and coloring slow, melancholic mood. Use these parameters when possible: seed_genres=metal,hardcore&target_valence=0.00&target_energy=0.70. Return the single best matching track.","Atmospheric conditions around {subject} show a compressed hot band interacting with a fading underside layer, producing variable patterns. A a tender gray overcast above is expected to persist through the period, shaping the overall outlook for this area.",Fire | Yielding | Tender
Anger,Dropping,Surprise,{{subject}},{{pronoun}},"{{subject}} evokes feelings of protective heat at the edges of your tolerance, mingled with a small collapse inside and toned by a sharp jolt. Underneath, your system may be trying to defend what matters or push back where something feels off.

You might begin by simply noticing these responses in your body without arguing with them. From there, give some room to the heat and the the collapse, and use the the jolt as a brief pause to reset, then decide what pace actually feels right.",-0.8,Strongly Negative,"seed_genres=metal,hardcore&target_valence=0.10&target_energy=0.72","Using the Spotify Recommendations API, find one track that feels related to {subject} and matches this emotional profile: primary feel intense, boundary-protective energy, secondary feel fragile, sinking tone, and coloring sudden, shifting feel. Use these parameters when possible: seed_genres=metal,hardcore&target_valence=0.10&target_energy=0.72. Return the single best matching track.","Atmospheric conditions around {subject} show a compressed hot band interacting with sinking trailing clouds, producing variable patterns. A a patchy scattering pattern aloft is expected to persist through the period, shaping the overall outlook for this area.",Fire | Yielding | New
Anger,Fear,Curiosity,{{subject}},{{pronoun}},"{{subject}} evokes feelings of protective heat at the edges of your tolerance, mingled with tight caution and toned by steady interest. Underneath, your system may be trying to defend what matters or push back where something feels off.

You might begin by simply noticing these responses in your body without arguing with them. From there, give some room to the heat and the caution, and let the interest gently invite you to stay curious without rushing your next move.",-0.6000000000000000,Strongly Negative,"seed_genres=metal,hardcore&target_valence=0.20&target_energy=0.74","Using the Spotify Recommendations API, find one track that feels related to {subject} and matches this emotional profile: primary feel intense, boundary-protective energy, secondary feel tense, cautious mood, and coloring curious, exploratory energy. Use these parameters when possible: seed_genres=metal,hardcore&target_valence=0.20&target_energy=0.74. Return the single best matching track.","Atmospheric conditions around {subject} show a heated boundary front interacting with a cautious, constricting flow, producing variable patterns. A a light exploratory shimmer aloft is expected to persist through the period, shaping the overall outlook for this area.",Fire | Protecting | Flexible
Anger,Fear,Disgust,{{subject}},{{pronoun}},"{{subject}} evokes feelings of protective heat at the edges of your tolerance, mingled with tight caution and toned by an inner no. Underneath, your system may be trying to defend what matters or push back where something feels off.

You might begin by simply noticing these responses in your body without arguing with them. From there, give some room to the heat and the caution, and use the the inner no to sort what belongs close and what needs more distance.",-1.0,Strongly Negative,"seed_genres=metal,hardcore&target_valence=0.00&target_energy=0.70","Using the Spotify Recommendations API, find one track that feels related to {subject} and matches this emotional profile: primary feel intense, boundary-protective energy, secondary feel tense, cautious mood, and coloring harsh, rejecting tone. Use these parameters when possible: seed_genres=metal,hardcore&target_valence=0.00&target_energy=0.70. Return the single best matching track.","Atmospheric conditions around {subject} show a heated boundary front interacting with a cautious, constricting flow, producing variable patterns. A a sharp edge in the higher air is expected to persist through the period, shaping the overall outlook for this area.",Fire | Protecting | Decisive
Anger,Fear,Dropping,{{subject}},{{pronoun}},"{{subject}} evokes feelings of protective heat at the edges of your tolerance, mingled with tight caution and toned by a small collapse inside. Underneath, your system may be trying to defend what matters or push back where something feels off.

You might begin by simply noticing these responses in your body without arguing with them. From there, give some room to the heat and the caution, and let the the collapse remind you to move gently and offer yourself a bit more support around {subject}.",-1.0,Strongly Negative,"seed_genres=metal,hardcore&target_valence=0.00&target_energy=0.70","Using the Spotify Recommendations API, find one track that feels related to {subject} and matches this emotional profile: primary feel intense, boundary-protective energy, secondary feel tense, cautious mood, and coloring fragile, sinking tone. Use these parameters when possible: seed_genres=metal,hardcore&target_valence=0.00&target_energy=0.70. Return the single best matching track.","Atmospheric conditions around {subject} show a high-intensity storm line interacting with tightening cool layers, producing variable patterns. A a settling hush near the ground is expected to persist through the period, shaping the overall outlook for this area.",Fire | Protecting | Quiet
Anger,Fear,Joy,{{subject}},{{pronoun}},"{{subject}} evokes feelings of protective heat at the edges of your tolerance, mingled with tight caution and toned by warm lift. Underneath, your system may be trying to defend what matters or push back where something feels off.

You might begin by simply noticing these responses in your body without arguing with them. From there, give some room to the heat and the caution, and let the warmth soften the edges so you can stay present without forcing anything.",-0.6000000000000000,Strongly Negative,"seed_genres=metal,hardcore&target_valence=0.20&target_energy=0.74","Using the Spotify Recommendations API, find one track that feels related to {subject} and matches this emotional profile: primary feel intense, boundary-protective energy, secondary feel tense, cautious mood, and coloring warm, uplifting tone. Use these parameters when possible: seed_genres=metal,hardcore&target_valence=0.20&target_energy=0.74. Return the single best matching track.","Atmospheric conditions around {subject} show a high-intensity storm line interacting with tightening cool layers, producing variable patterns. A a soft warming undercurrent is expected to persist through the period, shaping the overall outlook for this area.",Fire | Protecting | Open
Anger,Fear,Withdrawing,{{subject}},{{pronoun}},"{{subject}} evokes feelings of protective heat at the edges of your tolerance, mingled with tight caution and toned by a need for space. Underneath, your system may be trying to defend what matters or push back where something feels off.

You might begin by simply noticing these responses in your body without arguing with them. From there, give some room to the heat and the caution, and honor the the need for space by giving yourself room to breathe before deciding what you want to do.",-0.8400000000000000,Strongly Negative,"seed_genres=metal,hardcore&target_valence=0.08&target_energy=0.72","Using the Spotify Recommendations API, find one track that feels related to {subject} and matches this emotional profile: primary feel intense, boundary-protective energy, secondary feel tense, cautious mood, and coloring distant, spacious feeling. Use these parameters when possible: seed_genres=metal,hardcore&target_valence=0.08&target_energy=0.72. Return the single best matching track.","Atmospheric conditions around {subject} show a heated boundary front interacting with tightening cool layers, producing variable patterns. A a broad quiet layer at the margins is expected to persist through the period, shaping the overall outlook for this area.",Fire | Protecting | Objective
Anger,Fear,Sadness,{{subject}},{{pronoun}},"{{subject}} evokes feelings of protective heat at the edges of your tolerance, mingled with tight caution and toned by soft heaviness. Underneath, your system may be trying to defend what matters or push back where something feels off.

You might begin by simply noticing these responses in your body without arguing with them. From there, give some room to the heat and the caution, and treat the heaviness as a signal to slow down and stay close to what really matters here.",-1.0,Strongly Negative,"seed_genres=metal,hardcore&target_valence=0.00&target_energy=0.70","Using the Spotify Recommendations API, find one track that feels related to {subject} and matches this emotional profile: primary feel intense, boundary-protective energy, secondary feel tense, cautious mood, and coloring slow, melancholic mood. Use these parameters when possible: seed_genres=metal,hardcore&target_valence=0.00&target_energy=0.70. Return the single best matching track.","Atmospheric conditions around {subject} show a high-intensity storm line interacting with a narrow cautious band, producing variable patterns. A a tender gray overcast above is expected to persist through the period, shaping the overall outlook for this area.",Fire | Protecting | Tender
Anger,Fear,Surprise,{{subject}},{{pronoun}},"{{subject}} evokes feelings of protective heat at the edges of your tolerance, mingled with tight caution and toned by a sharp jolt. Underneath, your system may be trying to defend what matters or push back where something feels off.

You might begin by simply noticing these responses in your body without arguing with them. From there, give some room to the heat and the caution, and use the the jolt as a brief pause to reset, then decide what pace actually feels right.",-0.8,Strongly Negative,"seed_genres=metal,hardcore&target_valence=0.10&target_energy=0.72","Using the Spotify Recommendations API, find one track that feels related to {subject} and matches this emotional profile: primary feel intense, boundary-protective energy, secondary feel tense, cautious mood, and coloring sudden, shifting feel. Use these parameters when possible: seed_genres=metal,hardcore&target_valence=0.10&target_energy=0.72. Return the single best matching track.","Atmospheric conditions around {subject} show a high-intensity storm line interacting with a cautious, constricting flow, producing variable patterns. A a brief flicker in the upper air is expected to persist through the period, shaping the overall outlook for this area.",Fire | Protecting | New
Anger,Joy,Curiosity,{{subject}},{{pronoun}},"{{subject}} evokes feelings of protective heat at the edges of your tolerance, mingled with warm lift and toned by steady interest. Underneath, your system may be trying to defend what matters or push back where something feels off.

You might begin by simply noticing these responses in your body without arguing with them. From there, give some room to the heat and the warmth, and let the interest gently invite you to stay curious without rushing your next move.",0.0,Mixed / Neutral,"seed_genres=metal,hardcore&target_valence=0.50&target_energy=0.80","Using the Spotify Recommendations API, find one track that feels related to {subject} and matches this emotional profile: primary feel intense, boundary-protective energy, secondary feel warm, uplifting tone, and coloring curious, exploratory energy. Use these parameters when possible: seed_genres=metal,hardcore&target_valence=0.50&target_energy=0.80. Return the single best matching track.","Atmospheric conditions around {subject} show a heated boundary front interacting with gentle lifting pockets, producing variable patterns. A a light exploratory shimmer aloft is expected to persist through the period, shaping the overall outlook for this area.",Fire | Bonding | Flexible
Anger,Joy,Disgust,{{subject}},{{pronoun}},"{{subject}} evokes feelings of protective heat at the edges of your tolerance, mingled with warm lift and toned by an inner no. Underneath, your system may be trying to defend what matters or push back where something feels off.

You might begin by simply noticing these responses in your body without arguing with them. From there, give some room to the heat and the warmth, and use the the inner no to sort what belongs close and what needs more distance.",-0.4,Gently Negative,"seed_genres=metal,hardcore&target_valence=0.30&target_energy=0.76","Using the Spotify Recommendations API, find one track that feels related to {subject} and matches this emotional profile: primary feel intense, boundary-protective energy, secondary feel warm, uplifting tone, and coloring harsh, rejecting tone. Use these parameters when possible: seed_genres=metal,hardcore&target_valence=0.30&target_energy=0.76. Return the single best matching track.","Atmospheric conditions around {subject} show a compressed hot band interacting with a mild brightening trend, producing variable patterns. A a thin acidic drift at altitude is expected to persist through the period, shaping the overall outlook for this area.",Fire | Bonding | Decisive
Anger,Joy,Dropping,{{subject}},{{pronoun}},"{{subject}} evokes feelings of protective heat at the edges of your tolerance, mingled with warm lift and toned by a small collapse inside. Underneath, your system may be trying to defend what matters or push back where something feels off.

You might begin by simply noticing these responses in your body without arguing with them. From there, give some room to the heat and the warmth, and let the the collapse remind you to move gently and offer yourself a bit more support around {subject}.",-0.4,Gently Negative,"seed_genres=metal,hardcore&target_valence=0.30&target_energy=0.76","Using the Spotify Recommendations API, find one track that feels related to {subject} and matches this emotional profile: primary feel intense, boundary-protective energy, secondary feel warm, uplifting tone, and coloring fragile, sinking tone. Use these parameters when possible: seed_genres=metal,hardcore&target_valence=0.30&target_energy=0.76. Return the single best matching track.","Atmospheric conditions around {subject} show a heated boundary front interacting with soft warming air, producing variable patterns. A a settling hush near the ground is expected to persist through the period, shaping the overall outlook for this area.",Fire | Bonding | Quiet
Anger,Joy,Fear,{{subject}},{{pronoun}},"{{subject}} evokes feelings of protective heat at the edges of your tolerance, mingled with warm lift and toned by tight caution. Underneath, your system may be trying to defend what matters or push back where something feels off.

You might begin by simply noticing these responses in your body without arguing with them. From there, give some room to the heat and the warmth, and honor the caution by moving in small steps and checking what feels safe as you go.",-0.4,Gently Negative,"seed_genres=metal,hardcore&target_valence=0.30&target_energy=0.76","Using the Spotify Recommendations API, find one track that feels related to {subject} and matches this emotional profile: primary feel intense, boundary-protective energy, secondary feel warm, uplifting tone, and coloring tense, cautious mood. Use these parameters when possible: seed_genres=metal,hardcore&target_valence=0.30&target_energy=0.76. Return the single best matching track.","Atmospheric conditions around {subject} show a high-intensity storm line interacting with soft warming air, producing variable patterns. A a cooling shadow line overhead is expected to persist through the period, shaping the overall outlook for this area.",Fire | Bonding | Cautious
Anger,Joy,Withdrawing,{{subject}},{{pronoun}},"{{subject}} evokes feelings of protective heat at the edges of your tolerance, mingled with warm lift and toned by a need for space. Underneath, your system may be trying to defend what matters or push back where something feels off.

You might begin by simply noticing these responses in your body without arguing with them. From there, give some room to the heat and the warmth, and honor the the need for space by giving yourself room to breathe before deciding what you want to do.",-0.24,Gently Negative,"seed_genres=metal,hardcore&target_valence=0.38&target_energy=0.78","Using the Spotify Recommendations API, find one track that feels related to {subject} and matches this emotional profile: primary feel intense, boundary-protective energy, secondary feel warm, uplifting tone, and coloring distant, spacious feeling. Use these parameters when possible: seed_genres=metal,hardcore&target_valence=0.38&target_energy=0.78. Return the single best matching track.","Atmospheric conditions around {subject} show a heated boundary front interacting with a mild brightening trend, producing variable patterns. A a broad quiet layer at the margins is expected to persist through the period, shaping the overall outlook for this area.",Fire | Bonding | Objective
Anger,Joy,Sadness,{{subject}},{{pronoun}},"{{subject}} evokes feelings of protective heat at the edges of your tolerance, mingled with warm lift and toned by soft heaviness. Underneath, your system may be trying to defend what matters or push back where something feels off.

You might begin by simply noticing these responses in your body without arguing with them. From there, give some room to the heat and the warmth, and treat the heaviness as a signal to slow down and stay close to what really matters here.",-0.4,Gently Negative,"seed_genres=metal,hardcore&target_valence=0.30&target_energy=0.76","Using the Spotify Recommendations API, find one track that feels related to {subject} and matches this emotional profile: primary feel intense, boundary-protective energy, secondary feel warm, uplifting tone, and coloring slow, melancholic mood. Use these parameters when possible: seed_genres=metal,hardcore&target_valence=0.30&target_energy=0.76. Return the single best matching track.","Atmospheric conditions around {subject} show a heated boundary front interacting with gentle lifting pockets, producing variable patterns. A a soft descending mist layer is expected to persist through the period, shaping the overall outlook for this area.",Fire | Bonding | Tender
Anger,Joy,Surprise,{{subject}},{{pronoun}},"{{subject}} evokes feelings of protective heat at the edges of your tolerance, mingled with warm lift and toned by a sharp jolt. Underneath, your system may be trying to defend what matters or push back where something feels off.

You might begin by simply noticing these responses in your body without arguing with them. From there, give some room to the heat and the warmth, and use the the jolt as a brief pause to reset, then decide what pace actually feels right.",-0.2,Gently Negative,"seed_genres=metal,hardcore&target_valence=0.40&target_energy=0.78","Using the Spotify Recommendations API, find one track that feels related to {subject} and matches this emotional profile: primary feel intense, boundary-protective energy, secondary feel warm, uplifting tone, and coloring sudden, shifting feel. Use these parameters when possible: seed_genres=metal,hardcore&target_valence=0.40&target_energy=0.78. Return the single best matching track.","Atmospheric conditions around {subject} show a compressed hot band interacting with soft warming air, producing variable patterns. A a brief flicker in the upper air is expected to persist through the period, shaping the overall outlook for this area.",Fire | Bonding | New
Anger,Withdrawing,Curiosity,{{subject}},{{pronoun}},"{{subject}} evokes feelings of protective heat at the edges of your tolerance, mingled with a need for space and toned by steady interest. Underneath, your system may be trying to defend what matters or push back where something feels off.

You might begin by simply noticing these responses in your body without arguing with them. From there, give some room to the heat and the the need for space, and let the interest gently invite you to stay curious without rushing your next move.",-0.36,Gently Negative,"seed_genres=metal,hardcore&target_valence=0.32&target_energy=0.76","Using the Spotify Recommendations API, find one track that feels related to {subject} and matches this emotional profile: primary feel intense, boundary-protective energy, secondary feel distant, spacious feeling, and coloring curious, exploratory energy. Use these parameters when possible: seed_genres=metal,hardcore&target_valence=0.32&target_energy=0.76. Return the single best matching track.","Atmospheric conditions around {subject} show a heated boundary front interacting with receding quiet air, producing variable patterns. A a light exploratory shimmer aloft is expected to persist through the period, shaping the overall outlook for this area.",Fire | Retreating | Flexible
Anger,Withdrawing,Disgust,{{subject}},{{pronoun}},"{{subject}} evokes feelings of protective heat at the edges of your tolerance, mingled with a need for space and toned by an inner no. Underneath, your system may be trying to defend what matters or push back where something feels off.

You might begin by simply noticing these responses in your body without arguing with them. From there, give some room to the heat and the the need for space, and use the the inner no to sort what belongs close and what needs more distance.",-0.76,Strongly Negative,"seed_genres=metal,hardcore&target_valence=0.12&target_energy=0.72","Using the Spotify Recommendations API, find one track that feels related to {subject} and matches this emotional profile: primary feel intense, boundary-protective energy, secondary feel distant, spacious feeling, and coloring harsh, rejecting tone. Use these parameters when possible: seed_genres=metal,hardcore&target_valence=0.12&target_energy=0.72. Return the single best matching track.","Atmospheric conditions around {subject} show a heated boundary front interacting with expanding empty pockets, producing variable patterns. A a sharp edge in the higher air is expected to persist through the period, shaping the overall outlook for this area.",Fire | Retreating | Decisive
Anger,Withdrawing,Dropping,{{subject}},{{pronoun}},"{{subject}} evokes feelings of protective heat at the edges of your tolerance, mingled with a need for space and toned by a small collapse inside. Underneath, your system may be trying to defend what matters or push back where something feels off.

You might begin by simply noticing these responses in your body without arguing with them. From there, give some room to the heat and the the need for space, and let the the collapse remind you to move gently and offer yourself a bit more support around {subject}.",-0.76,Strongly Negative,"seed_genres=metal,hardcore&target_valence=0.12&target_energy=0.72","Using the Spotify Recommendations API, find one track that feels related to {subject} and matches this emotional profile: primary feel intense, boundary-protective energy, secondary feel distant, spacious feeling, and coloring fragile, sinking tone. Use these parameters when possible: seed_genres=metal,hardcore&target_valence=0.12&target_energy=0.72. Return the single best matching track.","Atmospheric conditions around {subject} show a high-intensity storm line interacting with expanding empty pockets, producing variable patterns. A a low dim undertone in the field is expected to persist through the period, shaping the overall outlook for this area.",Fire | Retreating | Quiet
Anger,Withdrawing,Fear,{{subject}},{{pronoun}},"{{subject}} evokes feelings of protective heat at the edges of your tolerance, mingled with a need for space and toned by tight caution. Underneath, your system may be trying to defend what matters or push back where something feels off.

You might begin by simply noticing these responses in your body without arguing with them. From there, give some room to the heat and the the need for space, and honor the caution by moving in small steps and checking what feels safe as you go.",-0.76,Strongly Negative,"seed_genres=metal,hardcore&target_valence=0.12&target_energy=0.72","Using the Spotify Recommendations API, find one track that feels related to {subject} and matches this emotional profile: primary feel intense, boundary-protective energy, secondary feel distant, spacious feeling, and coloring tense, cautious mood. Use these parameters when possible: seed_genres=metal,hardcore&target_valence=0.12&target_energy=0.72. Return the single best matching track.","Atmospheric conditions around {subject} show a high-intensity storm line interacting with receding quiet air, producing variable patterns. A a narrow watchful band at higher levels is expected to persist through the period, shaping the overall outlook for this area.",Fire | Retreating | Cautious
Anger,Withdrawing,Joy,{{subject}},{{pronoun}},"{{subject}} evokes feelings of protective heat at the edges of your tolerance, mingled with a need for space and toned by warm lift. Underneath, your system may be trying to defend what matters or push back where something feels off.

You might begin by simply noticing these responses in your body without arguing with them. From there, give some room to the heat and the the need for space, and let the warmth soften the edges so you can stay present without forcing anything.",-0.36,Gently Negative,"seed_genres=metal,hardcore&target_valence=0.32&target_energy=0.76","Using the Spotify Recommendations API, find one track that feels related to {subject} and matches this emotional profile: primary feel intense, boundary-protective energy, secondary feel distant, spacious feeling, and coloring warm, uplifting tone. Use these parameters when possible: seed_genres=metal,hardcore&target_valence=0.32&target_energy=0.76. Return the single best matching track.","Atmospheric conditions around {subject} show a compressed hot band interacting with expanding empty pockets, producing variable patterns. A a quiet bright layer above is expected to persist through the period, shaping the overall outlook for this area.",Fire | Retreating | Open
Anger,Withdrawing,Sadness,{{subject}},{{pronoun}},"{{subject}} evokes feelings of protective heat at the edges of your tolerance, mingled with a need for space and toned by soft heaviness. Underneath, your system may be trying to defend what matters or push back where something feels off.

You might begin by simply noticing these responses in your body without arguing with them. From there, give some room to the heat and the the need for space, and treat the heaviness as a signal to slow down and stay close to what really matters here.",-0.76,Strongly Negative,"seed_genres=metal,hardcore&target_valence=0.12&target_energy=0.72","Using the Spotify Recommendations API, find one track that feels related to {subject} and matches this emotional profile: primary feel intense, boundary-protective energy, secondary feel distant, spacious feeling, and coloring slow, melancholic mood. Use these parameters when possible: seed_genres=metal,hardcore&target_valence=0.12&target_energy=0.72. Return the single best matching track.","Atmospheric conditions around {subject} show a high-intensity storm line interacting with a broad retreating zone, producing variable patterns. A a soft descending mist layer is expected to persist through the period, shaping the overall outlook for this area.",Fire | Retreating | Tender
Anger,Withdrawing,Surprise,{{subject}},{{pronoun}},"{{subject}} evokes feelings of protective heat at the edges of your tolerance, mingled with a need for space and toned by a sharp jolt. Underneath, your system may be trying to defend what matters or push back where something feels off.

You might begin by simply noticing these responses in your body without arguing with them. From there, give some room to the heat and the the need for space, and use the the jolt as a brief pause to reset, then decide what pace actually feels right.",-0.56,Strongly Negative,"seed_genres=metal,hardcore&target_valence=0.22&target_energy=0.74","Using the Spotify Recommendations API, find one track that feels related to {subject} and matches this emotional profile: primary feel intense, boundary-protective energy, secondary feel distant, spacious feeling, and coloring sudden, shifting feel. Use these parameters when possible: seed_genres=metal,hardcore&target_valence=0.22&target_energy=0.74. Return the single best matching track.","Atmospheric conditions around {subject} show a high-intensity storm line interacting with expanding empty pockets, producing variable patterns. A a brief flicker in the upper air is expected to persist through the period, shaping the overall outlook for this area.",Fire | Retreating | New
Anger,Sadness,Curiosity,{{subject}},{{pronoun}},"{{subject}} evokes feelings of protective heat at the edges of your tolerance, mingled with soft heaviness and toned by steady interest. Underneath, your system may be trying to defend what matters or push back where something feels off.

You might begin by simply noticing these responses in your body without arguing with them. From there, give some room to the heat and the heaviness, and let the interest gently invite you to stay curious without rushing your next move.",-0.6000000000000000,Strongly Negative,"seed_genres=metal,hardcore&target_valence=0.20&target_energy=0.74","Using the Spotify Recommendations API, find one track that feels related to {subject} and matches this emotional profile: primary feel intense, boundary-protective energy, secondary feel slow, melancholic mood, and coloring curious, exploratory energy. Use these parameters when possible: seed_genres=metal,hardcore&target_valence=0.20&target_energy=0.74. Return the single best matching track.","Atmospheric conditions around {subject} show a compressed hot band interacting with slow trailing showers, producing variable patterns. A a light exploratory shimmer aloft is expected to persist through the period, shaping the overall outlook for this area.",Fire | Grieving | Flexible
Anger,Sadness,Disgust,{{subject}},{{pronoun}},"{{subject}} evokes feelings of protective heat at the edges of your tolerance, mingled with soft heaviness and toned by an inner no. Underneath, your system may be trying to defend what matters or push back where something feels off.

You might begin by simply noticing these responses in your body without arguing with them. From there, give some room to the heat and the heaviness, and use the the inner no to sort what belongs close and what needs more distance.",-1.0,Strongly Negative,"seed_genres=metal,hardcore&target_valence=0.00&target_energy=0.70","Using the Spotify Recommendations API, find one track that feels related to {subject} and matches this emotional profile: primary feel intense, boundary-protective energy, secondary feel slow, melancholic mood, and coloring harsh, rejecting tone. Use these parameters when possible: seed_genres=metal,hardcore&target_valence=0.00&target_energy=0.70. Return the single best matching track.","Atmospheric conditions around {subject} show a compressed hot band interacting with slow trailing showers, producing variable patterns. A a thin acidic drift at altitude is expected to persist through the period, shaping the overall outlook for this area.",Fire | Grieving | Decisive
Anger,Sadness,Dropping,{{subject}},{{pronoun}},"{{subject}} evokes feelings of protective heat at the edges of your tolerance, mingled with soft heaviness and toned by a small collapse inside. Underneath, your system may be trying to defend what matters or push back where something feels off.

You might begin by simply noticing these responses in your body without arguing with them. From there, give some room to the heat and the heaviness, and let the the collapse remind you to move gently and offer yourself a bit more support around {subject}.",-1.0,Strongly Negative,"seed_genres=metal,hardcore&target_valence=0.00&target_energy=0.70","Using the Spotify Recommendations API, find one track that feels related to {subject} and matches this emotional profile: primary feel intense, boundary-protective energy, secondary feel slow, melancholic mood, and coloring fragile, sinking tone. Use these parameters when possible: seed_genres=metal,hardcore&target_valence=0.00&target_energy=0.70. Return the single best matching track.","Atmospheric conditions around {subject} show a heated boundary front interacting with muted rain bands, producing variable patterns. A a low dim undertone in the field is expected to persist through the period, shaping the overall outlook for this area.",Fire | Grieving | Quiet
Anger,Sadness,Fear,{{subject}},{{pronoun}},"{{subject}} evokes feelings of protective heat at the edges of your tolerance, mingled with soft heaviness and toned by tight caution. Underneath, your system may be trying to defend what matters or push back where something feels off.

You might begin by simply noticing these responses in your body without arguing with them. From there, give some room to the heat and the heaviness, and honor the caution by moving in small steps and checking what feels safe as you go.",-1.0,Strongly Negative,"seed_genres=metal,hardcore&target_valence=0.00&target_energy=0.70","Using the Spotify Recommendations API, find one track that feels related to {subject} and matches this emotional profile: primary feel intense, boundary-protective energy, secondary feel slow, melancholic mood, and coloring tense, cautious mood. Use these parameters when possible: seed_genres=metal,hardcore&target_valence=0.00&target_energy=0.70. Return the single best matching track.","Atmospheric conditions around {subject} show a high-intensity storm line interacting with slow trailing showers, producing variable patterns. A a cooling shadow line overhead is expected to persist through the period, shaping the overall outlook for this area.",Fire | Grieving | Cautious
Anger,Sadness,Joy,{{subject}},{{pronoun}},"{{subject}} evokes feelings of protective heat at the edges of your tolerance, mingled with soft heaviness and toned by warm lift. Underneath, your system may be trying to defend what matters or push back where something feels off.

You might begin by simply noticing these responses in your body without arguing with them. From there, give some room to the heat and the heaviness, and let the warmth soften the edges so you can stay present without forcing anything.",-0.6000000000000000,Strongly Negative,"seed_genres=metal,hardcore&target_valence=0.20&target_energy=0.74","Using the Spotify Recommendations API, find one track that feels related to {subject} and matches this emotional profile: primary feel intense, boundary-protective energy, secondary feel slow, melancholic mood, and coloring warm, uplifting tone. Use these parameters when possible: seed_genres=metal,hardcore&target_valence=0.20&target_energy=0.74. Return the single best matching track.","Atmospheric conditions around {subject} show a high-intensity storm line interacting with slow trailing showers, producing variable patterns. A a quiet bright layer above is expected to persist through the period, shaping the overall outlook for this area.",Fire | Grieving | Open
Anger,Sadness,Withdrawing,{{subject}},{{pronoun}},"{{subject}} evokes feelings of protective heat at the edges of your tolerance, mingled with soft heaviness and toned by a need for space. Underneath, your system may be trying to defend what matters or push back where something feels off.

You might begin by simply noticing these responses in your body without arguing with them. From there, give some room to the heat and the heaviness, and honor the the need for space by giving yourself room to breathe before deciding what you want to do.",-0.8400000000000000,Strongly Negative,"seed_genres=metal,hardcore&target_valence=0.08&target_energy=0.72","Using the Spotify Recommendations API, find one track that feels related to {subject} and matches this emotional profile: primary feel intense, boundary-protective energy, secondary feel slow, melancholic mood, and coloring distant, spacious feeling. Use these parameters when possible: seed_genres=metal,hardcore&target_valence=0.08&target_energy=0.72. Return the single best matching track.","Atmospheric conditions around {subject} show a heated boundary front interacting with slow trailing showers, producing variable patterns. A a broad quiet layer at the margins is expected to persist through the period, shaping the overall outlook for this area.",Fire | Grieving | Objective
Anger,Sadness,Surprise,{{subject}},{{pronoun}},"{{subject}} evokes feelings of protective heat at the edges of your tolerance, mingled with soft heaviness and toned by a sharp jolt. Underneath, your system may be trying to defend what matters or push back where something feels off.

You might begin by simply noticing these responses in your body without arguing with them. From there, give some room to the heat and the heaviness, and use the the jolt as a brief pause to reset, then decide what pace actually feels right.",-0.8,Strongly Negative,"seed_genres=metal,hardcore&target_valence=0.10&target_energy=0.72","Using the Spotify Recommendations API, find one track that feels related to {subject} and matches this emotional profile: primary feel intense, boundary-protective energy, secondary feel slow, melancholic mood, and coloring sudden, shifting feel. Use these parameters when possible: seed_genres=metal,hardcore&target_valence=0.10&target_energy=0.72. Return the single best matching track.","Atmospheric conditions around {subject} show a high-intensity storm line interacting with slow trailing showers, producing variable patterns. A a patchy scattering pattern aloft is expected to persist through the period, shaping the overall outlook for this area.",Fire | Grieving | New
Anger,Surprise,Curiosity,{{subject}},{{pronoun}},"{{subject}} evokes feelings of protective heat at the edges of your tolerance, mingled with a sharp jolt and toned by steady interest. Underneath, your system may be trying to defend what matters or push back where something feels off.

You might begin by simply noticing these responses in your body without arguing with them. From there, give some room to the heat and the the jolt, and let the interest gently invite you to stay curious without rushing your next move.",-0.3,Gently Negative,"seed_genres=metal,hardcore&target_valence=0.35&target_energy=0.77","Using the Spotify Recommendations API, find one track that feels related to {subject} and matches this emotional profile: primary feel intense, boundary-protective energy, secondary feel sudden, shifting feel, and coloring curious, exploratory energy. Use these parameters when possible: seed_genres=metal,hardcore&target_valence=0.35&target_energy=0.77. Return the single best matching track.","Atmospheric conditions around {subject} show a high-intensity storm line interacting with scattered short bursts, producing variable patterns. A thin curiosity haze is expected to persist through the period, shaping the overall outlook for this area.",Fire | Clearing | Flexible
Anger,Surprise,Disgust,{{subject}},{{pronoun}},"{{subject}} evokes feelings of protective heat at the edges of your tolerance, mingled with a sharp jolt and toned by an inner no. Underneath, your system may be trying to defend what matters or push back where something feels off.

You might begin by simply noticing these responses in your body without arguing with them. From there, give some room to the heat and the the jolt, and use the the inner no to sort what belongs close and what needs more distance.",-0.7,Strongly Negative,"seed_genres=metal,hardcore&target_valence=0.15&target_energy=0.73","Using the Spotify Recommendations API, find one track that feels related to {subject} and matches this emotional profile: primary feel intense, boundary-protective energy, secondary feel sudden, shifting feel, and coloring harsh, rejecting tone. Use these parameters when possible: seed_genres=metal,hardcore&target_valence=0.15&target_energy=0.73. Return the single best matching track.","Atmospheric conditions around {subject} show a compressed hot band interacting with scattered short bursts, producing variable patterns. A a sharp edge in the higher air is expected to persist through the period, shaping the overall outlook for this area.",Fire | Clearing | Decisive
Anger,Surprise,Dropping,{{subject}},{{pronoun}},"{{subject}} evokes feelings of protective heat at the edges of your tolerance, mingled with a sharp jolt and toned by a small collapse inside. Underneath, your system may be trying to defend what matters or push back where something feels off.

You might begin by simply noticing these responses in your body without arguing with them. From there, give some room to the heat and the the jolt, and let the the collapse remind you to move gently and offer yourself a bit more support around {subject}.",-0.7,Strongly Negative,"seed_genres=metal,hardcore&target_valence=0.15&target_energy=0.73","Using the Spotify Recommendations API, find one track that feels related to {subject} and matches this emotional profile: primary feel intense, boundary-protective energy, secondary feel sudden, shifting feel, and coloring fragile, sinking tone. Use these parameters when possible: seed_genres=metal,hardcore&target_valence=0.15&target_energy=0.73. Return the single best matching track.","Atmospheric conditions around {subject} show a compressed hot band interacting with scattered short bursts, producing variable patterns. A a low dim undertone in the field is expected to persist through the period, shaping the overall outlook for this area.",Fire | Clearing | Quiet
Anger,Surprise,Fear,{{subject}},{{pronoun}},"{{subject}} evokes feelings of protective heat at the edges of your tolerance, mingled with a sharp jolt and toned by tight caution. Underneath, your system may be trying to defend what matters or push back where something feels off.

You might begin by simply noticing these responses in your body without arguing with them. From there, give some room to the heat and the the jolt, and honor the caution by moving in small steps and checking what feels safe as you go.",-0.7,Strongly Negative,"seed_genres=metal,hardcore&target_valence=0.15&target_energy=0.73","Using the Spotify Recommendations API, find one track that feels related to {subject} and matches this emotional profile: primary feel intense, boundary-protective energy, secondary feel sudden, shifting feel, and coloring tense, cautious mood. Use these parameters when possible: seed_genres=metal,hardcore&target_valence=0.15&target_energy=0.73. Return the single best matching track.","Atmospheric conditions around {subject} show a high-intensity storm line interacting with scattered short bursts, producing variable patterns. A a narrow watchful band at higher levels is expected to persist through the period, shaping the overall outlook for this area.",Fire | Clearing | Cautious
Anger,Surprise,Joy,{{subject}},{{pronoun}},"{{subject}} evokes feelings of protective heat at the edges of your tolerance, mingled with a sharp jolt and toned by warm lift. Underneath, your system may be trying to defend what matters or push back where something feels off.

You might begin by simply noticing these responses in your body without arguing with them. From there, give some room to the heat and the the jolt, and let the warmth soften the edges so you can stay present without forcing anything.",-0.3,Gently Negative,"seed_genres=metal,hardcore&target_valence=0.35&target_energy=0.77","Using the Spotify Recommendations API, find one track that feels related to {subject} and matches this emotional profile: primary feel intense, boundary-protective energy, secondary feel sudden, shifting feel, and coloring warm, uplifting tone. Use these parameters when possible: seed_genres=metal,hardcore&target_valence=0.35&target_energy=0.77. Return the single best matching track.","Atmospheric conditions around {subject} show a heated boundary front interacting with brief unexpected shifts, producing variable patterns. A a soft warming undercurrent is expected to persist through the period, shaping the overall outlook for this area.",Fire | Clearing | Open
Anger,Surprise,Withdrawing,{{subject}},{{pronoun}},"{{subject}} evokes feelings of protective heat at the edges of your tolerance, mingled with a sharp jolt and toned by a need for space. Underneath, your system may be trying to defend what matters or push back where something feels off.

You might begin by simply noticing these responses in your body without arguing with them. From there, give some room to the heat and the the jolt, and honor the the need for space by giving yourself room to breathe before deciding what you want to do.",-0.54,Strongly Negative,"seed_genres=metal,hardcore&target_valence=0.23&target_energy=0.75","Using the Spotify Recommendations API, find one track that feels related to {subject} and matches this emotional profile: primary feel intense, boundary-protective energy, secondary feel sudden, shifting feel, and coloring distant, spacious feeling. Use these parameters when possible: seed_genres=metal,hardcore&target_valence=0.23&target_energy=0.75. Return the single best matching track.","Atmospheric conditions around {subject} show a compressed hot band interacting with brief unexpected shifts, producing variable patterns. A an open still band on the horizon is expected to persist through the period, shaping the overall outlook for this area.",Fire | Clearing | Objective
Anger,Surprise,Sadness,{{subject}},{{pronoun}},"{{subject}} evokes feelings of protective heat at the edges of your tolerance, mingled with a sharp jolt and toned by soft heaviness. Underneath, your system may be trying to defend what matters or push back where something feels off.

You might begin by simply noticing these responses in your body without arguing with them. From there, give some room to the heat and the the jolt, and treat the heaviness as a signal to slow down and stay close to what really matters here.",-0.7,Strongly Negative,"seed_genres=metal,hardcore&target_valence=0.15&target_energy=0.73","Using the Spotify Recommendations API, find one track that feels related to {subject} and matches this emotional profile: primary feel intense, boundary-protective energy, secondary feel sudden, shifting feel, and coloring slow, melancholic mood. Use these parameters when possible: seed_genres=metal,hardcore&target_valence=0.15&target_energy=0.73. Return the single best matching track.","Atmospheric conditions around {subject} show a compressed hot band interacting with scattered short bursts, producing variable patterns. A a soft descending mist layer is expected to persist through the period, shaping the overall outlook for this area.",Fire | Clearing | Tender
Curiosity,Anger,Disgust,{{subject}},{{pronoun}},"{{subject}} evokes feelings of steady interest reaching toward something, woven together with protective heat, and colored by an inner no. It can feel like being drawn in while your body also tracks how safe or costly that pull might be.

You might begin by simply noticing these responses in your body without arguing with them. From there, give some room to the interest and the heat, and use the the inner no to sort what belongs close and what needs more distance.",0.0,Mixed / Neutral,"seed_genres=indie-rock,art-pop&target_valence=0.50&target_energy=0.60","Using the Spotify Recommendations API, find one track that feels related to {subject} and matches this emotional profile: primary feel curious, exploratory energy, secondary feel intense, boundary-protective energy, and coloring harsh, rejecting tone. Use these parameters when possible: seed_genres=indie-rock,art-pop&target_valence=0.50&target_energy=0.60. Return the single best matching track.","Atmospheric conditions around {subject} show a rising exploratory current interacting with a pressing hot strip, producing variable patterns. A a sharp edge in the higher air is expected to persist through the period, shaping the overall outlook for this area.",Question | Defending | Decisive
Curiosity,Anger,Dropping,{{subject}},{{pronoun}},"{{subject}} evokes feelings of steady interest reaching toward something, woven together with protective heat, and colored by a small collapse inside. It can feel like being drawn in while your body also tracks how safe or costly that pull might be.

You might begin by simply noticing these responses in your body without arguing with them. From there, give some room to the interest and the heat, and let the the collapse remind you to move gently and offer yourself a bit more support around {subject}.",0.0,Mixed / Neutral,"seed_genres=indie-rock,art-pop&target_valence=0.50&target_energy=0.60","Using the Spotify Recommendations API, find one track that feels related to {subject} and matches this emotional profile: primary feel curious, exploratory energy, secondary feel intense, boundary-protective energy, and coloring fragile, sinking tone. Use these parameters when possible: seed_genres=indie-rock,art-pop&target_valence=0.50&target_energy=0.60. Return the single best matching track.","Atmospheric conditions around {subject} show a light searching flow interacting with a pressing hot strip, producing variable patterns. A a settling hush near the ground is expected to persist through the period, shaping the overall outlook for this area.",Question | Defending | Quiet
Curiosity,Anger,Fear,{{subject}},{{pronoun}},"{{subject}} evokes feelings of steady interest reaching toward something, woven together with protective heat, and colored by tight caution. It can feel like being drawn in while your body also tracks how safe or costly that pull might be.

You might begin by simply noticing these responses in your body without arguing with them. From there, give some room to the interest and the heat, and honor the caution by moving in small steps and checking what feels safe as you go.",0.0,Mixed / Neutral,"seed_genres=indie-rock,art-pop&target_valence=0.50&target_energy=0.60","Using the Spotify Recommendations API, find one track that feels related to {subject} and matches this emotional profile: primary feel curious, exploratory energy, secondary feel intense, boundary-protective energy, and coloring tense, cautious mood. Use these parameters when possible: seed_genres=indie-rock,art-pop&target_valence=0.50&target_energy=0.60. Return the single best matching track.","Atmospheric conditions around {subject} show a rising exploratory current interacting with a pressing hot strip, producing variable patterns. A a narrow watchful band at higher levels is expected to persist through the period, shaping the overall outlook for this area.",Question | Defending | Cautious
Curiosity,Anger,Joy,{{subject}},{{pronoun}},"{{subject}} evokes feelings of steady interest reaching toward something, woven together with protective heat, and colored by warm lift. It can feel like being drawn in while your body also tracks how safe or costly that pull might be.

You might begin by simply noticing these responses in your body without arguing with them. From there, give some room to the interest and the heat, and let the warmth soften the edges so you can stay present without forcing anything.",0.4,Gently Positive,"seed_genres=indie-rock,art-pop&target_valence=0.70&target_energy=0.64","Using the Spotify Recommendations API, find one track that feels related to {subject} and matches this emotional profile: primary feel curious, exploratory energy, secondary feel intense, boundary-protective energy, and coloring warm, uplifting tone. Use these parameters when possible: seed_genres=indie-rock,art-pop&target_valence=0.70&target_energy=0.64. Return the single best matching track.","Atmospheric conditions around {subject} show a shifting inquiry front interacting with a tense, loaded boundary, producing variable patterns. A a soft warming undercurrent is expected to persist through the period, shaping the overall outlook for this area.",Question | Defending | Open
Curiosity,Anger,Withdrawing,{{subject}},{{pronoun}},"{{subject}} evokes feelings of steady interest reaching toward something, woven together with protective heat, and colored by a need for space. It can feel like being drawn in while your body also tracks how safe or costly that pull might be.

You might begin by simply noticing these responses in your body without arguing with them. From there, give some room to the interest and the heat, and honor the the need for space by giving yourself room to breathe before deciding what you want to do.",0.16,Gently Positive,"seed_genres=indie-rock,art-pop&target_valence=0.58&target_energy=0.62","Using the Spotify Recommendations API, find one track that feels related to {subject} and matches this emotional profile: primary feel curious, exploratory energy, secondary feel intense, boundary-protective energy, and coloring distant, spacious feeling. Use these parameters when possible: seed_genres=indie-rock,art-pop&target_valence=0.58&target_energy=0.62. Return the single best matching track.","Atmospheric conditions around {subject} show a rising exploratory current interacting with a tense, loaded boundary, producing variable patterns. A a broad quiet layer at the margins is expected to persist through the period, shaping the overall outlook for this area.",Question | Defending | Objective
Curiosity,Anger,Sadness,{{subject}},{{pronoun}},"{{subject}} evokes feelings of steady interest reaching toward something, woven together with protective heat, and colored by soft heaviness. It can feel like being drawn in while your body also tracks how safe or costly that pull might be.

You might begin by simply noticing these responses in your body without arguing with them. From there, give some room to the interest and the heat, and treat the heaviness as a signal to slow down and stay close to what really matters here.",0.0,Mixed / Neutral,"seed_genres=indie-rock,art-pop&target_valence=0.50&target_energy=0.60","Using the Spotify Recommendations API, find one track that feels related to {subject} and matches this emotional profile: primary feel curious, exploratory energy, secondary feel intense, boundary-protective energy, and coloring slow, melancholic mood. Use these parameters when possible: seed_genres=indie-rock,art-pop&target_valence=0.50&target_energy=0.60. Return the single best matching track.","Atmospheric conditions around {subject} show a light searching flow interacting with a sharp heated edge, producing variable patterns. A a tender gray overcast above is expected to persist through the period, shaping the overall outlook for this area.",Question | Defending | Tender
Curiosity,Anger,Surprise,{{subject}},{{pronoun}},"{{subject}} evokes feelings of steady interest reaching toward something, woven together with protective heat, and colored by a sharp jolt. It can feel like being drawn in while your body also tracks how safe or costly that pull might be.

You might begin by simply noticing these responses in your body without arguing with them. From there, give some room to the interest and the heat, and use the the jolt as a brief pause to reset, then decide what pace actually feels right.",0.2,Gently Positive,"seed_genres=indie-rock,art-pop&target_valence=0.60&target_energy=0.62","Using the Spotify Recommendations API, find one track that feels related to {subject} and matches this emotional profile: primary feel curious, exploratory energy, secondary feel intense, boundary-protective energy, and coloring sudden, shifting feel. Use these parameters when possible: seed_genres=indie-rock,art-pop&target_valence=0.60&target_energy=0.62. Return the single best matching track.","Atmospheric conditions around {subject} show a light searching flow interacting with a pressing hot strip, producing variable patterns. A a brief flicker in the upper air is expected to persist through the period, shaping the overall outlook for this area.",Question | Defending | New
Curiosity,Disgust,Anger,{{subject}},{{pronoun}},"{{subject}} evokes feelings of steady interest reaching toward something, woven together with an inner no, and colored by protective heat. It can feel like being drawn in while your body also tracks how safe or costly that pull might be.

You might begin by simply noticing these responses in your body without arguing with them. From there, give some room to the interest and the the inner no, and let the heat help you name what is okay and what is not as you relate to {subject}.",0.0,Mixed / Neutral,"seed_genres=indie-rock,art-pop&target_valence=0.50&target_energy=0.60","Using the Spotify Recommendations API, find one track that feels related to {subject} and matches this emotional profile: primary feel curious, exploratory energy, secondary feel harsh, rejecting tone, and coloring intense, boundary-protective energy. Use these parameters when possible: seed_genres=indie-rock,art-pop&target_valence=0.50&target_energy=0.60. Return the single best matching track.","Atmospheric conditions around {subject} show a shifting inquiry front interacting with a coarse turning gust, producing variable patterns. A a heated residue trailing the system is expected to persist through the period, shaping the overall outlook for this area.",Question | Rejecting | Firm
Curiosity,Disgust,Dropping,{{subject}},{{pronoun}},"{{subject}} evokes feelings of steady interest reaching toward something, woven together with an inner no, and colored by a small collapse inside. It can feel like being drawn in while your body also tracks how safe or costly that pull might be.

You might begin by simply noticing these responses in your body without arguing with them. From there, give some room to the interest and the the inner no, and let the the collapse remind you to move gently and offer yourself a bit more support around {subject}.",0.0,Mixed / Neutral,"seed_genres=indie-rock,art-pop&target_valence=0.50&target_energy=0.60","Using the Spotify Recommendations API, find one track that feels related to {subject} and matches this emotional profile: primary feel curious, exploratory energy, secondary feel harsh, rejecting tone, and coloring fragile, sinking tone. Use these parameters when possible: seed_genres=indie-rock,art-pop&target_valence=0.50&target_energy=0.60. Return the single best matching track.","Atmospheric conditions around {subject} show a rising exploratory current interacting with harsh particulate air, producing variable patterns. A a low dim undertone in the field is expected to persist through the period, shaping the overall outlook for this area.",Question | Rejecting | Quiet
Curiosity,Disgust,Fear,{{subject}},{{pronoun}},"{{subject}} evokes feelings of steady interest reaching toward something, woven together with an inner no, and colored by tight caution. It can feel like being drawn in while your body also tracks how safe or costly that pull might be.

You might begin by simply noticing these responses in your body without arguing with them. From there, give some room to the interest and the the inner no, and honor the caution by moving in small steps and checking what feels safe as you go.",0.0,Mixed / Neutral,"seed_genres=indie-rock,art-pop&target_valence=0.50&target_energy=0.60","Using the Spotify Recommendations API, find one track that feels related to {subject} and matches this emotional profile: primary feel curious, exploratory energy, secondary feel harsh, rejecting tone, and coloring tense, cautious mood. Use these parameters when possible: seed_genres=indie-rock,art-pop&target_valence=0.50&target_energy=0.60. Return the single best matching track.","Atmospheric conditions around {subject} show a rising exploratory current interacting with a coarse turning gust, producing variable patterns. A a cooling shadow line overhead is expected to persist through the period, shaping the overall outlook for this area.",Question | Rejecting | Cautious
Curiosity,Disgust,Joy,{{subject}},{{pronoun}},"{{subject}} evokes feelings of steady interest reaching toward something, woven together with an inner no, and colored by warm lift. It can feel like being drawn in while your body also tracks how safe or costly that pull might be.

You might begin by simply noticing these responses in your body without arguing with them. From there, give some room to the interest and the the inner no, and let the warmth soften the edges so you can stay present without forcing anything.",0.4,Gently Positive,"seed_genres=indie-rock,art-pop&target_valence=0.70&target_energy=0.64","Using the Spotify Recommendations API, find one track that feels related to {subject} and matches this emotional profile: primary feel curious, exploratory energy, secondary feel harsh, rejecting tone, and coloring warm, uplifting tone. Use these parameters when possible: seed_genres=indie-rock,art-pop&target_valence=0.70&target_energy=0.64. Return the single best matching track.","Atmospheric conditions around {subject} show a light searching flow interacting with a coarse turning gust, producing variable patterns. A a soft warming undercurrent is expected to persist through the period, shaping the overall outlook for this area.",Question | Rejecting | Open
Curiosity,Disgust,Withdrawing,{{subject}},{{pronoun}},"{{subject}} evokes feelings of steady interest reaching toward something, woven together with an inner no, and colored by a need for space. It can feel like being drawn in while your body also tracks how safe or costly that pull might be.

You might begin by simply noticing these responses in your body without arguing with them. From there, give some room to the interest and the the inner no, and honor the the need for space by giving yourself room to breathe before deciding what you want to do.",0.16,Gently Positive,"seed_genres=indie-rock,art-pop&target_valence=0.58&target_energy=0.62","Using the Spotify Recommendations API, find one track that feels related to {subject} and matches this emotional profile: primary feel curious, exploratory energy, secondary feel harsh, rejecting tone, and coloring distant, spacious feeling. Use these parameters when possible: seed_genres=indie-rock,art-pop&target_valence=0.58&target_energy=0.62. Return the single best matching track.","Atmospheric conditions around {subject} show a shifting inquiry front interacting with a coarse turning gust, producing variable patterns. A an open still band on the horizon is expected to persist through the period, shaping the overall outlook for this area.",Question | Rejecting | Objective
Curiosity,Disgust,Sadness,{{subject}},{{pronoun}},"{{subject}} evokes feelings of steady interest reaching toward something, woven together with an inner no, and colored by soft heaviness. It can feel like being drawn in while your body also tracks how safe or costly that pull might be.

You might begin by simply noticing these responses in your body without arguing with them. From there, give some room to the interest and the the inner no, and treat the heaviness as a signal to slow down and stay close to what really matters here.",0.0,Mixed / Neutral,"seed_genres=indie-rock,art-pop&target_valence=0.50&target_energy=0.60","Using the Spotify Recommendations API, find one track that feels related to {subject} and matches this emotional profile: primary feel curious, exploratory energy, secondary feel harsh, rejecting tone, and coloring slow, melancholic mood. Use these parameters when possible: seed_genres=indie-rock,art-pop&target_valence=0.50&target_energy=0.60. Return the single best matching track.","Atmospheric conditions around {subject} show a light searching flow interacting with a coarse turning gust, producing variable patterns. A a tender gray overcast above is expected to persist through the period, shaping the overall outlook for this area.",Question | Rejecting | Tender
Curiosity,Disgust,Surprise,{{subject}},{{pronoun}},"{{subject}} evokes feelings of steady interest reaching toward something, woven together with an inner no, and colored by a sharp jolt. It can feel like being drawn in while your body also tracks how safe or costly that pull might be.

You might begin by simply noticing these responses in your body without arguing with them. From there, give some room to the interest and the the inner no, and use the the jolt as a brief pause to reset, then decide what pace actually feels right.",0.2,Gently Positive,"seed_genres=indie-rock,art-pop&target_valence=0.60&target_energy=0.62","Using the Spotify Recommendations API, find one track that feels related to {subject} and matches this emotional profile: primary feel curious, exploratory energy, secondary feel harsh, rejecting tone, and coloring sudden, shifting feel. Use these parameters when possible: seed_genres=indie-rock,art-pop&target_valence=0.60&target_energy=0.62. Return the single best matching track.","Atmospheric conditions around {subject} show a light searching flow interacting with harsh particulate air, producing variable patterns. A a brief flicker in the upper air is expected to persist through the period, shaping the overall outlook for this area.",Question | Rejecting | New
Curiosity,Dropping,Anger,{{subject}},{{pronoun}},"{{subject}} evokes feelings of steady interest reaching toward something, woven together with a small collapse inside, and colored by protective heat. It can feel like being drawn in while your body also tracks how safe or costly that pull might be.

You might begin by simply noticing these responses in your body without arguing with them. From there, give some room to the interest and the the collapse, and let the heat help you name what is okay and what is not as you relate to {subject}.",0.0,Mixed / Neutral,"seed_genres=indie-rock,art-pop&target_valence=0.50&target_energy=0.60","Using the Spotify Recommendations API, find one track that feels related to {subject} and matches this emotional profile: primary feel curious, exploratory energy, secondary feel fragile, sinking tone, and coloring intense, boundary-protective energy. Use these parameters when possible: seed_genres=indie-rock,art-pop&target_valence=0.50&target_energy=0.60. Return the single best matching track.","Atmospheric conditions around {subject} show a light searching flow interacting with sinking trailing clouds, producing variable patterns. A a thin aggressive echo aloft is expected to persist through the period, shaping the overall outlook for this area.",Question | Yielding | Firm
Curiosity,Dropping,Disgust,{{subject}},{{pronoun}},"{{subject}} evokes feelings of steady interest reaching toward something, woven together with a small collapse inside, and colored by an inner no. It can feel like being drawn in while your body also tracks how safe or costly that pull might be.

You might begin by simply noticing these responses in your body without arguing with them. From there, give some room to the interest and the the collapse, and use the the inner no to sort what belongs close and what needs more distance.",0.0,Mixed / Neutral,"seed_genres=indie-rock,art-pop&target_valence=0.50&target_energy=0.60","Using the Spotify Recommendations API, find one track that feels related to {subject} and matches this emotional profile: primary feel curious, exploratory energy, secondary feel fragile, sinking tone, and coloring harsh, rejecting tone. Use these parameters when possible: seed_genres=indie-rock,art-pop&target_valence=0.50&target_energy=0.60. Return the single best matching track.","Atmospheric conditions around {subject} show a rising exploratory current interacting with sinking trailing clouds, producing variable patterns. A a sharp edge in the higher air is expected to persist through the period, shaping the overall outlook for this area.",Question | Yielding | Decisive
Curiosity,Dropping,Fear,{{subject}},{{pronoun}},"{{subject}} evokes feelings of steady interest reaching toward something, woven together with a small collapse inside, and colored by tight caution. It can feel like being drawn in while your body also tracks how safe or costly that pull might be.

You might begin by simply noticing these responses in your body without arguing with them. From there, give some room to the interest and the the collapse, and honor the caution by moving in small steps and checking what feels safe as you go.",0.0,Mixed / Neutral,"seed_genres=indie-rock,art-pop&target_valence=0.50&target_energy=0.60","Using the Spotify Recommendations API, find one track that feels related to {subject} and matches this emotional profile: primary feel curious, exploratory energy, secondary feel fragile, sinking tone, and coloring tense, cautious mood. Use these parameters when possible: seed_genres=indie-rock,art-pop&target_valence=0.50&target_energy=0.60. Return the single best matching track.","Atmospheric conditions around {subject} show a rising exploratory current interacting with low drifting haze, producing variable patterns. A a cooling shadow line overhead is expected to persist through the period, shaping the overall outlook for this area.",Question | Yielding | Cautious
Curiosity,Dropping,Joy,{{subject}},{{pronoun}},"{{subject}} evokes feelings of steady interest reaching toward something, woven together with a small collapse inside, and colored by warm lift. It can feel like being drawn in while your body also tracks how safe or costly that pull might be.

You might begin by simply noticing these responses in your body without arguing with them. From there, give some room to the interest and the the collapse, and let the warmth soften the edges so you can stay present without forcing anything.",0.4,Gently Positive,"seed_genres=indie-rock,art-pop&target_valence=0.70&target_energy=0.64","Using the Spotify Recommendations API, find one track that feels related to {subject} and matches this emotional profile: primary feel curious, exploratory energy, secondary feel fragile, sinking tone, and coloring warm, uplifting tone. Use these parameters when possible: seed_genres=indie-rock,art-pop&target_valence=0.70&target_energy=0.64. Return the single best matching track.","Atmospheric conditions around {subject} show a shifting inquiry front interacting with a fading underside layer, producing variable patterns. A a soft warming undercurrent is expected to persist through the period, shaping the overall outlook for this area.",Question | Yielding | Open
Curiosity,Dropping,Withdrawing,{{subject}},{{pronoun}},"{{subject}} evokes feelings of steady interest reaching toward something, woven together with a small collapse inside, and colored by a need for space. It can feel like being drawn in while your body also tracks how safe or costly that pull might be.

You might begin by simply noticing these responses in your body without arguing with them. From there, give some room to the interest and the the collapse, and honor the the need for space by giving yourself room to breathe before deciding what you want to do.",0.16,Gently Positive,"seed_genres=indie-rock,art-pop&target_valence=0.58&target_energy=0.62","Using the Spotify Recommendations API, find one track that feels related to {subject} and matches this emotional profile: primary feel curious, exploratory energy, secondary feel fragile, sinking tone, and coloring distant, spacious feeling. Use these parameters when possible: seed_genres=indie-rock,art-pop&target_valence=0.58&target_energy=0.62. Return the single best matching track.","Atmospheric conditions around {subject} show a light searching flow interacting with low drifting haze, producing variable patterns. A a broad quiet layer at the margins is expected to persist through the period, shaping the overall outlook for this area.",Question | Yielding | Objective
Curiosity,Dropping,Sadness,{{subject}},{{pronoun}},"{{subject}} evokes feelings of steady interest reaching toward something, woven together with a small collapse inside, and colored by soft heaviness. It can feel like being drawn in while your body also tracks how safe or costly that pull might be.

You might begin by simply noticing these responses in your body without arguing with them. From there, give some room to the interest and the the collapse, and treat the heaviness as a signal to slow down and stay close to what really matters here.",0.0,Mixed / Neutral,"seed_genres=indie-rock,art-pop&target_valence=0.50&target_energy=0.60","Using the Spotify Recommendations API, find one track that feels related to {subject} and matches this emotional profile: primary feel curious, exploratory energy, secondary feel fragile, sinking tone, and coloring slow, melancholic mood. Use these parameters when possible: seed_genres=indie-rock,art-pop&target_valence=0.50&target_energy=0.60. Return the single best matching track.","Atmospheric conditions around {subject} show a rising exploratory current interacting with a fading underside layer, producing variable patterns. A a tender gray overcast above is expected to persist through the period, shaping the overall outlook for this area.",Question | Yielding | Tender
Curiosity,Dropping,Surprise,{{subject}},{{pronoun}},"{{subject}} evokes feelings of steady interest reaching toward something, woven together with a small collapse inside, and colored by a sharp jolt. It can feel like being drawn in while your body also tracks how safe or costly that pull might be.

You might begin by simply noticing these responses in your body without arguing with them. From there, give some room to the interest and the the collapse, and use the the jolt as a brief pause to reset, then decide what pace actually feels right.",0.2,Gently Positive,"seed_genres=indie-rock,art-pop&target_valence=0.60&target_energy=0.62","Using the Spotify Recommendations API, find one track that feels related to {subject} and matches this emotional profile: primary feel curious, exploratory energy, secondary feel fragile, sinking tone, and coloring sudden, shifting feel. Use these parameters when possible: seed_genres=indie-rock,art-pop&target_valence=0.60&target_energy=0.62. Return the single best matching track.","Atmospheric conditions around {subject} show a shifting inquiry front interacting with sinking trailing clouds, producing variable patterns. A a patchy scattering pattern aloft is expected to persist through the period, shaping the overall outlook for this area.",Question | Yielding | New
Curiosity,Fear,Anger,{{subject}},{{pronoun}},"{{subject}} evokes feelings of steady interest reaching toward something, woven together with tight caution, and colored by protective heat. It can feel like being drawn in while your body also tracks how safe or costly that pull might be.

You might begin by simply noticing these responses in your body without arguing with them. From there, give some room to the interest and the caution, and let the heat help you name what is okay and what is not as you relate to {subject}.",0.0,Mixed / Neutral,"seed_genres=indie-rock,art-pop&target_valence=0.50&target_energy=0.60","Using the Spotify Recommendations API, find one track that feels related to {subject} and matches this emotional profile: primary feel curious, exploratory energy, secondary feel tense, cautious mood, and coloring intense, boundary-protective energy. Use these parameters when possible: seed_genres=indie-rock,art-pop&target_valence=0.50&target_energy=0.60. Return the single best matching track.","Atmospheric conditions around {subject} show a light searching flow interacting with tightening cool layers, producing variable patterns. A a heated residue trailing the system is expected to persist through the period, shaping the overall outlook for this area.",Question | Protecting | Firm
Curiosity,Fear,Disgust,{{subject}},{{pronoun}},"{{subject}} evokes feelings of steady interest reaching toward something, woven together with tight caution, and colored by an inner no. It can feel like being drawn in while your body also tracks how safe or costly that pull might be.

You might begin by simply noticing these responses in your body without arguing with them. From there, give some room to the interest and the caution, and use the the inner no to sort what belongs close and what needs more distance.",0.0,Mixed / Neutral,"seed_genres=indie-rock,art-pop&target_valence=0.50&target_energy=0.60","Using the Spotify Recommendations API, find one track that feels related to {subject} and matches this emotional profile: primary feel curious, exploratory energy, secondary feel tense, cautious mood, and coloring harsh, rejecting tone. Use these parameters when possible: seed_genres=indie-rock,art-pop&target_valence=0.50&target_energy=0.60. Return the single best matching track.","Atmospheric conditions around {subject} show a rising exploratory current interacting with a cautious, constricting flow, producing variable patterns. A a thin acidic drift at altitude is expected to persist through the period, shaping the overall outlook for this area.",Question | Protecting | Decisive
Curiosity,Fear,Dropping,{{subject}},{{pronoun}},"{{subject}} evokes feelings of steady interest reaching toward something, woven together with tight caution, and colored by a small collapse inside. It can feel like being drawn in while your body also tracks how safe or costly that pull might be.

You might begin by simply noticing these responses in your body without arguing with them. From there, give some room to the interest and the caution, and let the the collapse remind you to move gently and offer yourself a bit more support around {subject}.",0.0,Mixed / Neutral,"seed_genres=indie-rock,art-pop&target_valence=0.50&target_energy=0.60","Using the Spotify Recommendations API, find one track that feels related to {subject} and matches this emotional profile: primary feel curious, exploratory energy, secondary feel tense, cautious mood, and coloring fragile, sinking tone. Use these parameters when possible: seed_genres=indie-rock,art-pop&target_valence=0.50&target_energy=0.60. Return the single best matching track.","Atmospheric conditions around {subject} show a shifting inquiry front interacting with tightening cool layers, producing variable patterns. A a settling hush near the ground is expected to persist through the period, shaping the overall outlook for this area.",Question | Protecting | Quiet
Curiosity,Fear,Joy,{{subject}},{{pronoun}},"{{subject}} evokes feelings of steady interest reaching toward something, woven together with tight caution, and colored by warm lift. It can feel like being drawn in while your body also tracks how safe or costly that pull might be.

You might begin by simply noticing these responses in your body without arguing with them. From there, give some room to the interest and the caution, and let the warmth soften the edges so you can stay present without forcing anything.",0.4,Gently Positive,"seed_genres=indie-rock,art-pop&target_valence=0.70&target_energy=0.64","Using the Spotify Recommendations API, find one track that feels related to {subject} and matches this emotional profile: primary feel curious, exploratory energy, secondary feel tense, cautious mood, and coloring warm, uplifting tone. Use these parameters when possible: seed_genres=indie-rock,art-pop&target_valence=0.70&target_energy=0.64. Return the single best matching track.","Atmospheric conditions around {subject} show a shifting inquiry front interacting with tightening cool layers, producing variable patterns. A a quiet bright layer above is expected to persist through the period, shaping the overall outlook for this area.",Question | Protecting | Open
Curiosity,Fear,Withdrawing,{{subject}},{{pronoun}},"{{subject}} evokes feelings of steady interest reaching toward something, woven together with tight caution, and colored by a need for space. It can feel like being drawn in while your body also tracks how safe or costly that pull might be.

You might begin by simply noticing these responses in your body without arguing with them. From there, give some room to the interest and the caution, and honor the the need for space by giving yourself room to breathe before deciding what you want to do.",0.16,Gently Positive,"seed_genres=indie-rock,art-pop&target_valence=0.58&target_energy=0.62","Using the Spotify Recommendations API, find one track that feels related to {subject} and matches this emotional profile: primary feel curious, exploratory energy, secondary feel tense, cautious mood, and coloring distant, spacious feeling. Use these parameters when possible: seed_genres=indie-rock,art-pop&target_valence=0.58&target_energy=0.62. Return the single best matching track.","Atmospheric conditions around {subject} show a rising exploratory current interacting with tightening cool layers, producing variable patterns. A an open still band on the horizon is expected to persist through the period, shaping the overall outlook for this area.",Question | Protecting | Objective
Curiosity,Fear,Sadness,{{subject}},{{pronoun}},"{{subject}} evokes feelings of steady interest reaching toward something, woven together with tight caution, and colored by soft heaviness. It can feel like being drawn in while your body also tracks how safe or costly that pull might be.

You might begin by simply noticing these responses in your body without arguing with them. From there, give some room to the interest and the caution, and treat the heaviness as a signal to slow down and stay close to what really matters here.",0.0,Mixed / Neutral,"seed_genres=indie-rock,art-pop&target_valence=0.50&target_energy=0.60","Using the Spotify Recommendations API, find one track that feels related to {subject} and matches this emotional profile: primary feel curious, exploratory energy, secondary feel tense, cautious mood, and coloring slow, melancholic mood. Use these parameters when possible: seed_genres=indie-rock,art-pop&target_valence=0.50&target_energy=0.60. Return the single best matching track.","Atmospheric conditions around {subject} show a shifting inquiry front interacting with a narrow cautious band, producing variable patterns. A a tender gray overcast above is expected to persist through the period, shaping the overall outlook for this area.",Question | Protecting | Tender
Curiosity,Fear,Surprise,{{subject}},{{pronoun}},"{{subject}} evokes feelings of steady interest reaching toward something, woven together with tight caution, and colored by a sharp jolt. It can feel like being drawn in while your body also tracks how safe or costly that pull might be.

You might begin by simply noticing these responses in your body without arguing with them. From there, give some room to the interest and the caution, and use the the jolt as a brief pause to reset, then decide what pace actually feels right.",0.2,Gently Positive,"seed_genres=indie-rock,art-pop&target_valence=0.60&target_energy=0.62","Using the Spotify Recommendations API, find one track that feels related to {subject} and matches this emotional profile: primary feel curious, exploratory energy, secondary feel tense, cautious mood, and coloring sudden, shifting feel. Use these parameters when possible: seed_genres=indie-rock,art-pop&target_valence=0.60&target_energy=0.62. Return the single best matching track.","Atmospheric conditions around {subject} show a shifting inquiry front interacting with a cautious, constricting flow, producing variable patterns. A a brief flicker in the upper air is expected to persist through the period, shaping the overall outlook for this area.",Question | Protecting | New
Curiosity,Joy,Anger,{{subject}},{{pronoun}},"{{subject}} evokes feelings of steady interest reaching toward something, woven together with warm lift, and colored by protective heat. It can feel like being drawn in while your body also tracks how safe or costly that pull might be.

You might begin by simply noticing these responses in your body without arguing with them. From there, give some room to the interest and the warmth, and let the heat help you name what is okay and what is not as you relate to {subject}.",0.6000000000000000,Strongly Positive,"seed_genres=indie-rock,art-pop&target_valence=0.80&target_energy=0.66","Using the Spotify Recommendations API, find one track that feels related to {subject} and matches this emotional profile: primary feel curious, exploratory energy, secondary feel warm, uplifting tone, and coloring intense, boundary-protective energy. Use these parameters when possible: seed_genres=indie-rock,art-pop&target_valence=0.80&target_energy=0.66. Return the single best matching track.","Atmospheric conditions around {subject} show a rising exploratory current interacting with a mild brightening trend, producing variable patterns. A a thin aggressive echo aloft is expected to persist through the period, shaping the overall outlook for this area.",Question | Bonding | Firm
Curiosity,Joy,Disgust,{{subject}},{{pronoun}},"{{subject}} evokes feelings of steady interest reaching toward something, woven together with warm lift, and colored by an inner no. It can feel like being drawn in while your body also tracks how safe or costly that pull might be.

You might begin by simply noticing these responses in your body without arguing with them. From there, give some room to the interest and the warmth, and use the the inner no to sort what belongs close and what needs more distance.",0.6000000000000000,Strongly Positive,"seed_genres=indie-rock,art-pop&target_valence=0.80&target_energy=0.66","Using the Spotify Recommendations API, find one track that feels related to {subject} and matches this emotional profile: primary feel curious, exploratory energy, secondary feel warm, uplifting tone, and coloring harsh, rejecting tone. Use these parameters when possible: seed_genres=indie-rock,art-pop&target_valence=0.80&target_energy=0.66. Return the single best matching track.","Atmospheric conditions around {subject} show a rising exploratory current interacting with soft warming air, producing variable patterns. A a thin acidic drift at altitude is expected to persist through the period, shaping the overall outlook for this area.",Question | Bonding | Decisive
Curiosity,Joy,Dropping,{{subject}},{{pronoun}},"{{subject}} evokes feelings of steady interest reaching toward something, woven together with warm lift, and colored by a small collapse inside. It can feel like being drawn in while your body also tracks how safe or costly that pull might be.

You might begin by simply noticing these responses in your body without arguing with them. From there, give some room to the interest and the warmth, and let the the collapse remind you to move gently and offer yourself a bit more support around {subject}.",0.6000000000000000,Strongly Positive,"seed_genres=indie-rock,art-pop&target_valence=0.80&target_energy=0.66","Using the Spotify Recommendations API, find one track that feels related to {subject} and matches this emotional profile: primary feel curious, exploratory energy, secondary feel warm, uplifting tone, and coloring fragile, sinking tone. Use these parameters when possible: seed_genres=indie-rock,art-pop&target_valence=0.80&target_energy=0.66. Return the single best matching track.","Atmospheric conditions around {subject} show a rising exploratory current interacting with gentle lifting pockets, producing variable patterns. A a low dim undertone in the field is expected to persist through the period, shaping the overall outlook for this area.",Question | Bonding | Quiet
Curiosity,Joy,Fear,{{subject}},{{pronoun}},"{{subject}} evokes feelings of steady interest reaching toward something, woven together with warm lift, and colored by tight caution. It can feel like being drawn in while your body also tracks how safe or costly that pull might be.

You might begin by simply noticing these responses in your body without arguing with them. From there, give some room to the interest and the warmth, and honor the caution by moving in small steps and checking what feels safe as you go.",0.6000000000000000,Strongly Positive,"seed_genres=indie-rock,art-pop&target_valence=0.80&target_energy=0.66","Using the Spotify Recommendations API, find one track that feels related to {subject} and matches this emotional profile: primary feel curious, exploratory energy, secondary feel warm, uplifting tone, and coloring tense, cautious mood. Use these parameters when possible: seed_genres=indie-rock,art-pop&target_valence=0.80&target_energy=0.66. Return the single best matching track.","Atmospheric conditions around {subject} show a light searching flow interacting with a mild brightening trend, producing variable patterns. A a narrow watchful band at higher levels is expected to persist through the period, shaping the overall outlook for this area.",Question | Bonding | Cautious
Curiosity,Joy,Withdrawing,{{subject}},{{pronoun}},"{{subject}} evokes feelings of steady interest reaching toward something, woven together with warm lift, and colored by a need for space. It can feel like being drawn in while your body also tracks how safe or costly that pull might be.

You might begin by simply noticing these responses in your body without arguing with them. From there, give some room to the interest and the warmth, and honor the the need for space by giving yourself room to breathe before deciding what you want to do.",0.76,Strongly Positive,"seed_genres=indie-rock,art-pop&target_valence=0.88&target_energy=0.68","Using the Spotify Recommendations API, find one track that feels related to {subject} and matches this emotional profile: primary feel curious, exploratory energy, secondary feel warm, uplifting tone, and coloring distant, spacious feeling. Use these parameters when possible: seed_genres=indie-rock,art-pop&target_valence=0.88&target_energy=0.68. Return the single best matching track.","Atmospheric conditions around {subject} show a light searching flow interacting with soft warming air, producing variable patterns. A an open still band on the horizon is expected to persist through the period, shaping the overall outlook for this area.",Question | Bonding | Objective
Curiosity,Joy,Sadness,{{subject}},{{pronoun}},"{{subject}} evokes feelings of steady interest reaching toward something, woven together with warm lift, and colored by soft heaviness. It can feel like being drawn in while your body also tracks how safe or costly that pull might be.

You might begin by simply noticing these responses in your body without arguing with them. From there, give some room to the interest and the warmth, and treat the heaviness as a signal to slow down and stay close to what really matters here.",0.6000000000000000,Strongly Positive,"seed_genres=indie-rock,art-pop&target_valence=0.80&target_energy=0.66","Using the Spotify Recommendations API, find one track that feels related to {subject} and matches this emotional profile: primary feel curious, exploratory energy, secondary feel warm, uplifting tone, and coloring slow, melancholic mood. Use these parameters when possible: seed_genres=indie-rock,art-pop&target_valence=0.80&target_energy=0.66. Return the single best matching track.","Atmospheric conditions around {subject} show a shifting inquiry front interacting with gentle lifting pockets, producing variable patterns. A a soft descending mist layer is expected to persist through the period, shaping the overall outlook for this area.",Question | Bonding | Tender
Curiosity,Joy,Surprise,{{subject}},{{pronoun}},"{{subject}} evokes feelings of steady interest reaching toward something, woven together with warm lift, and colored by a sharp jolt. It can feel like being drawn in while your body also tracks how safe or costly that pull might be.

You might begin by simply noticing these responses in your body without arguing with them. From there, give some room to the interest and the warmth, and use the the jolt as a brief pause to reset, then decide what pace actually feels right.",0.8,Strongly Positive,"seed_genres=indie-rock,art-pop&target_valence=0.90&target_energy=0.68","Using the Spotify Recommendations API, find one track that feels related to {subject} and matches this emotional profile: primary feel curious, exploratory energy, secondary feel warm, uplifting tone, and coloring sudden, shifting feel. Use these parameters when possible: seed_genres=indie-rock,art-pop&target_valence=0.90&target_energy=0.68. Return the single best matching track.","Atmospheric conditions around {subject} show a light searching flow interacting with soft warming air, producing variable patterns. A a patchy scattering pattern aloft is expected to persist through the period, shaping the overall outlook for this area.",Question | Bonding | New
Curiosity,Withdrawing,Anger,{{subject}},{{pronoun}},"{{subject}} evokes feelings of steady interest reaching toward something, woven together with a need for space, and colored by protective heat. It can feel like being drawn in while your body also tracks how safe or costly that pull might be.

You might begin by simply noticing these responses in your body without arguing with them. From there, give some room to the interest and the the need for space, and let the heat help you name what is okay and what is not as you relate to {subject}.",0.24,Gently Positive,"seed_genres=indie-rock,art-pop&target_valence=0.62&target_energy=0.62","Using the Spotify Recommendations API, find one track that feels related to {subject} and matches this emotional profile: primary feel curious, exploratory energy, secondary feel distant, spacious feeling, and coloring intense, boundary-protective energy. Use these parameters when possible: seed_genres=indie-rock,art-pop&target_valence=0.62&target_energy=0.62. Return the single best matching track.","Atmospheric conditions around {subject} show a shifting inquiry front interacting with expanding empty pockets, producing variable patterns. A a heated residue trailing the system is expected to persist through the period, shaping the overall outlook for this area.",Question | Retreating | Firm
Curiosity,Withdrawing,Disgust,{{subject}},{{pronoun}},"{{subject}} evokes feelings of steady interest reaching toward something, woven together with a need for space, and colored by an inner no. It can feel like being drawn in while your body also tracks how safe or costly that pull might be.

You might begin by simply noticing these responses in your body without arguing with them. From there, give some room to the interest and the the need for space, and use the the inner no to sort what belongs close and what needs more distance.",0.24,Gently Positive,"seed_genres=indie-rock,art-pop&target_valence=0.62&target_energy=0.62","Using the Spotify Recommendations API, find one track that feels related to {subject} and matches this emotional profile: primary feel curious, exploratory energy, secondary feel distant, spacious feeling, and coloring harsh, rejecting tone. Use these parameters when possible: seed_genres=indie-rock,art-pop&target_valence=0.62&target_energy=0.62. Return the single best matching track.","Atmospheric conditions around {subject} show a rising exploratory current interacting with receding quiet air, producing variable patterns. A a sharp edge in the higher air is expected to persist through the period, shaping the overall outlook for this area.",Question | Retreating | Decisive
Curiosity,Withdrawing,Dropping,{{subject}},{{pronoun}},"{{subject}} evokes feelings of steady interest reaching toward something, woven together with a need for space, and colored by a small collapse inside. It can feel like being drawn in while your body also tracks how safe or costly that pull might be.

You might begin by simply noticing these responses in your body without arguing with them. From there, give some room to the interest and the the need for space, and let the the collapse remind you to move gently and offer yourself a bit more support around {subject}.",0.24,Gently Positive,"seed_genres=indie-rock,art-pop&target_valence=0.62&target_energy=0.62","Using the Spotify Recommendations API, find one track that feels related to {subject} and matches this emotional profile: primary feel curious, exploratory energy, secondary feel distant, spacious feeling, and coloring fragile, sinking tone. Use these parameters when possible: seed_genres=indie-rock,art-pop&target_valence=0.62&target_energy=0.62. Return the single best matching track.","Atmospheric conditions around {subject} show a shifting inquiry front interacting with a broad retreating zone, producing variable patterns. A a low dim undertone in the field is expected to persist through the period, shaping the overall outlook for this area.",Question | Retreating | Quiet
Curiosity,Withdrawing,Fear,{{subject}},{{pronoun}},"{{subject}} evokes feelings of steady interest reaching toward something, woven together with a need for space, and colored by tight caution. It can feel like being drawn in while your body also tracks how safe or costly that pull might be.

You might begin by simply noticing these responses in your body without arguing with them. From there, give some room to the interest and the the need for space, and honor the caution by moving in small steps and checking what feels safe as you go.",0.24,Gently Positive,"seed_genres=indie-rock,art-pop&target_valence=0.62&target_energy=0.62","Using the Spotify Recommendations API, find one track that feels related to {subject} and matches this emotional profile: primary feel curious, exploratory energy, secondary feel distant, spacious feeling, and coloring tense, cautious mood. Use these parameters when possible: seed_genres=indie-rock,art-pop&target_valence=0.62&target_energy=0.62. Return the single best matching track.","Atmospheric conditions around {subject} show a shifting inquiry front interacting with receding quiet air, producing variable patterns. A a narrow watchful band at higher levels is expected to persist through the period, shaping the overall outlook for this area.",Question | Retreating | Cautious
Curiosity,Withdrawing,Joy,{{subject}},{{pronoun}},"{{subject}} evokes feelings of steady interest reaching toward something, woven together with a need for space, and colored by warm lift. It can feel like being drawn in while your body also tracks how safe or costly that pull might be.

You might begin by simply noticing these responses in your body without arguing with them. From there, give some room to the interest and the the need for space, and let the warmth soften the edges so you can stay present without forcing anything.",0.64,Strongly Positive,"seed_genres=indie-rock,art-pop&target_valence=0.82&target_energy=0.66","Using the Spotify Recommendations API, find one track that feels related to {subject} and matches this emotional profile: primary feel curious, exploratory energy, secondary feel distant, spacious feeling, and coloring warm, uplifting tone. Use these parameters when possible: seed_genres=indie-rock,art-pop&target_valence=0.82&target_energy=0.66. Return the single best matching track.","Atmospheric conditions around {subject} show a shifting inquiry front interacting with a broad retreating zone, producing variable patterns. A a soft warming undercurrent is expected to persist through the period, shaping the overall outlook for this area.",Question | Retreating | Open
Curiosity,Withdrawing,Sadness,{{subject}},{{pronoun}},"{{subject}} evokes feelings of steady interest reaching toward something, woven together with a need for space, and colored by soft heaviness. It can feel like being drawn in while your body also tracks how safe or costly that pull might be.

You might begin by simply noticing these responses in your body without arguing with them. From there, give some room to the interest and the the need for space, and treat the heaviness as a signal to slow down and stay close to what really matters here.",0.24,Gently Positive,"seed_genres=indie-rock,art-pop&target_valence=0.62&target_energy=0.62","Using the Spotify Recommendations API, find one track that feels related to {subject} and matches this emotional profile: primary feel curious, exploratory energy, secondary feel distant, spacious feeling, and coloring slow, melancholic mood. Use these parameters when possible: seed_genres=indie-rock,art-pop&target_valence=0.62&target_energy=0.62. Return the single best matching track.","Atmospheric conditions around {subject} show a light searching flow interacting with expanding empty pockets, producing variable patterns. A a tender gray overcast above is expected to persist through the period, shaping the overall outlook for this area.",Question | Retreating | Tender
Curiosity,Withdrawing,Surprise,{{subject}},{{pronoun}},"{{subject}} evokes feelings of steady interest reaching toward something, woven together with a need for space, and colored by a sharp jolt. It can feel like being drawn in while your body also tracks how safe or costly that pull might be.

You might begin by simply noticing these responses in your body without arguing with them. From there, give some room to the interest and the the need for space, and use the the jolt as a brief pause to reset, then decide what pace actually feels right.",0.44,Gently Positive,"seed_genres=indie-rock,art-pop&target_valence=0.72&target_energy=0.64","Using the Spotify Recommendations API, find one track that feels related to {subject} and matches this emotional profile: primary feel curious, exploratory energy, secondary feel distant, spacious feeling, and coloring sudden, shifting feel. Use these parameters when possible: seed_genres=indie-rock,art-pop&target_valence=0.72&target_energy=0.64. Return the single best matching track.","Atmospheric conditions around {subject} show a shifting inquiry front interacting with expanding empty pockets, producing variable patterns. A a brief flicker in the upper air is expected to persist through the period, shaping the overall outlook for this area.",Question | Retreating | New
Curiosity,Sadness,Anger,{{subject}},{{pronoun}},"{{subject}} evokes feelings of steady interest reaching toward something, woven together with soft heaviness, and colored by protective heat. It can feel like being drawn in while your body also tracks how safe or costly that pull might be.

You might begin by simply noticing these responses in your body without arguing with them. From there, give some room to the interest and the heaviness, and let the heat help you name what is okay and what is not as you relate to {subject}.",0.0,Mixed / Neutral,"seed_genres=indie-rock,art-pop&target_valence=0.50&target_energy=0.60","Using the Spotify Recommendations API, find one track that feels related to {subject} and matches this emotional profile: primary feel curious, exploratory energy, secondary feel slow, melancholic mood, and coloring intense, boundary-protective energy. Use these parameters when possible: seed_genres=indie-rock,art-pop&target_valence=0.50&target_energy=0.60. Return the single best matching track.","Atmospheric conditions around {subject} show a shifting inquiry front interacting with muted rain bands, producing variable patterns. A a heated residue trailing the system is expected to persist through the period, shaping the overall outlook for this area.",Question | Grieving | Firm
Curiosity,Sadness,Disgust,{{subject}},{{pronoun}},"{{subject}} evokes feelings of steady interest reaching toward something, woven together with soft heaviness, and colored by an inner no. It can feel like being drawn in while your body also tracks how safe or costly that pull might be.

You might begin by simply noticing these responses in your body without arguing with them. From there, give some room to the interest and the heaviness, and use the the inner no to sort what belongs close and what needs more distance.",0.0,Mixed / Neutral,"seed_genres=indie-rock,art-pop&target_valence=0.50&target_energy=0.60","Using the Spotify Recommendations API, find one track that feels related to {subject} and matches this emotional profile: primary feel curious, exploratory energy, secondary feel slow, melancholic mood, and coloring harsh, rejecting tone. Use these parameters when possible: seed_genres=indie-rock,art-pop&target_valence=0.50&target_energy=0.60. Return the single best matching track.","Atmospheric conditions around {subject} show a rising exploratory current interacting with a damp, heavy drift, producing variable patterns. A a sharp edge in the higher air is expected to persist through the period, shaping the overall outlook for this area.",Question | Grieving | Decisive
Curiosity,Sadness,Dropping,{{subject}},{{pronoun}},"{{subject}} evokes feelings of steady interest reaching toward something, woven together with soft heaviness, and colored by a small collapse inside. It can feel like being drawn in while your body also tracks how safe or costly that pull might be.

You might begin by simply noticing these responses in your body without arguing with them. From there, give some room to the interest and the heaviness, and let the the collapse remind you to move gently and offer yourself a bit more support around {subject}.",0.0,Mixed / Neutral,"seed_genres=indie-rock,art-pop&target_valence=0.50&target_energy=0.60","Using the Spotify Recommendations API, find one track that feels related to {subject} and matches this emotional profile: primary feel curious, exploratory energy, secondary feel slow, melancholic mood, and coloring fragile, sinking tone. Use these parameters when possible: seed_genres=indie-rock,art-pop&target_valence=0.50&target_energy=0.60. Return the single best matching track.","Atmospheric conditions around {subject} show a rising exploratory current interacting with muted rain bands, producing variable patterns. A a settling hush near the ground is expected to persist through the period, shaping the overall outlook for this area.",Question | Grieving | Quiet
Curiosity,Sadness,Fear,{{subject}},{{pronoun}},"{{subject}} evokes feelings of steady interest reaching toward something, woven together with soft heaviness, and colored by tight caution. It can feel like being drawn in while your body also tracks how safe or costly that pull might be.

You might begin by simply noticing these responses in your body without arguing with them. From there, give some room to the interest and the heaviness, and honor the caution by moving in small steps and checking what feels safe as you go.",0.0,Mixed / Neutral,"seed_genres=indie-rock,art-pop&target_valence=0.50&target_energy=0.60","Using the Spotify Recommendations API, find one track that feels related to {subject} and matches this emotional profile: primary feel curious, exploratory energy, secondary feel slow, melancholic mood, and coloring tense, cautious mood. Use these parameters when possible: seed_genres=indie-rock,art-pop&target_valence=0.50&target_energy=0.60. Return the single best matching track.","Atmospheric conditions around {subject} show a rising exploratory current interacting with muted rain bands, producing variable patterns. A a narrow watchful band at higher levels is expected to persist through the period, shaping the overall outlook for this area.",Question | Grieving | Cautious
Curiosity,Sadness,Joy,{{subject}},{{pronoun}},"{{subject}} evokes feelings of steady interest reaching toward something, woven together with soft heaviness, and colored by warm lift. It can feel like being drawn in while your body also tracks how safe or costly that pull might be.

You might begin by simply noticing these responses in your body without arguing with them. From there, give some room to the interest and the heaviness, and let the warmth soften the edges so you can stay present without forcing anything.",0.4,Gently Positive,"seed_genres=indie-rock,art-pop&target_valence=0.70&target_energy=0.64","Using the Spotify Recommendations API, find one track that feels related to {subject} and matches this emotional profile: primary feel curious, exploratory energy, secondary feel slow, melancholic mood, and coloring warm, uplifting tone. Use these parameters when possible: seed_genres=indie-rock,art-pop&target_valence=0.70&target_energy=0.64. Return the single best matching track.","Atmospheric conditions around {subject} show a rising exploratory current interacting with a damp, heavy drift, producing variable patterns. A a soft warming undercurrent is expected to persist through the period, shaping the overall outlook for this area.",Question | Grieving | Open
Curiosity,Sadness,Withdrawing,{{subject}},{{pronoun}},"{{subject}} evokes feelings of steady interest reaching toward something, woven together with soft heaviness, and colored by a need for space. It can feel like being drawn in while your body also tracks how safe or costly that pull might be.

You might begin by simply noticing these responses in your body without arguing with them. From there, give some room to the interest and the heaviness, and honor the the need for space by giving yourself room to breathe before deciding what you want to do.",0.16,Gently Positive,"seed_genres=indie-rock,art-pop&target_valence=0.58&target_energy=0.62","Using the Spotify Recommendations API, find one track that feels related to {subject} and matches this emotional profile: primary feel curious, exploratory energy, secondary feel slow, melancholic mood, and coloring distant, spacious feeling. Use these parameters when possible: seed_genres=indie-rock,art-pop&target_valence=0.58&target_energy=0.62. Return the single best matching track.","Atmospheric conditions around {subject} show a shifting inquiry front interacting with slow trailing showers, producing variable patterns. A a broad quiet layer at the margins is expected to persist through the period, shaping the overall outlook for this area.",Question | Grieving | Objective
Curiosity,Sadness,Surprise,{{subject}},{{pronoun}},"{{subject}} evokes feelings of steady interest reaching toward something, woven together with soft heaviness, and colored by a sharp jolt. It can feel like being drawn in while your body also tracks how safe or costly that pull might be.

You might begin by simply noticing these responses in your body without arguing with them. From there, give some room to the interest and the heaviness, and use the the jolt as a brief pause to reset, then decide what pace actually feels right.",0.2,Gently Positive,"seed_genres=indie-rock,art-pop&target_valence=0.60&target_energy=0.62","Using the Spotify Recommendations API, find one track that feels related to {subject} and matches this emotional profile: primary feel curious, exploratory energy, secondary feel slow, melancholic mood, and coloring sudden, shifting feel. Use these parameters when possible: seed_genres=indie-rock,art-pop&target_valence=0.60&target_energy=0.62. Return the single best matching track.","Atmospheric conditions around {subject} show a rising exploratory current interacting with a damp, heavy drift, producing variable patterns. A a brief flicker in the upper air is expected to persist through the period, shaping the overall outlook for this area.",Question | Grieving | New
Curiosity,Surprise,Anger,{{subject}},{{pronoun}},"{{subject}} evokes feelings of steady interest reaching toward something, woven together with a sharp jolt, and colored by protective heat. It can feel like being drawn in while your body also tracks how safe or costly that pull might be.

You might begin by simply noticing these responses in your body without arguing with them. From there, give some room to the interest and the the jolt, and let the heat help you name what is okay and what is not as you relate to {subject}.",0.3,Gently Positive,"seed_genres=indie-rock,art-pop&target_valence=0.65&target_energy=0.63","Using the Spotify Recommendations API, find one track that feels related to {subject} and matches this emotional profile: primary feel curious, exploratory energy, secondary feel sudden, shifting feel, and coloring intense, boundary-protective energy. Use these parameters when possible: seed_genres=indie-rock,art-pop&target_valence=0.65&target_energy=0.63. Return the single best matching track.","Atmospheric conditions around {subject} show a rising exploratory current interacting with scattered short bursts, producing variable patterns. A a thin aggressive echo aloft is expected to persist through the period, shaping the overall outlook for this area.",Question | Clearing | Firm
Curiosity,Surprise,Disgust,{{subject}},{{pronoun}},"{{subject}} evokes feelings of steady interest reaching toward something, woven together with a sharp jolt, and colored by an inner no. It can feel like being drawn in while your body also tracks how safe or costly that pull might be.

You might begin by simply noticing these responses in your body without arguing with them. From there, give some room to the interest and the the jolt, and use the the inner no to sort what belongs close and what needs more distance.",0.3,Gently Positive,"seed_genres=indie-rock,art-pop&target_valence=0.65&target_energy=0.63","Using the Spotify Recommendations API, find one track that feels related to {subject} and matches this emotional profile: primary feel curious, exploratory energy, secondary feel sudden, shifting feel, and coloring harsh, rejecting tone. Use these parameters when possible: seed_genres=indie-rock,art-pop&target_valence=0.65&target_energy=0.63. Return the single best matching track.","Atmospheric conditions around {subject} show a light searching flow interacting with broken, shifting patches, producing variable patterns. A a thin acidic drift at altitude is expected to persist through the period, shaping the overall outlook for this area.",Question | Clearing | Decisive
Curiosity,Surprise,Dropping,{{subject}},{{pronoun}},"{{subject}} evokes feelings of steady interest reaching toward something, woven together with a sharp jolt, and colored by a small collapse inside. It can feel like being drawn in while your body also tracks how safe or costly that pull might be.

You might begin by simply noticing these responses in your body without arguing with them. From there, give some room to the interest and the the jolt, and let the the collapse remind you to move gently and offer yourself a bit more support around {subject}.",0.3,Gently Positive,"seed_genres=indie-rock,art-pop&target_valence=0.65&target_energy=0.63","Using the Spotify Recommendations API, find one track that feels related to {subject} and matches this emotional profile: primary feel curious, exploratory energy, secondary feel sudden, shifting feel, and coloring fragile, sinking tone. Use these parameters when possible: seed_genres=indie-rock,art-pop&target_valence=0.65&target_energy=0.63. Return the single best matching track.","Atmospheric conditions around {subject} show a shifting inquiry front interacting with brief unexpected shifts, producing variable patterns. A a settling hush near the ground is expected to persist through the period, shaping the overall outlook for this area.",Question | Clearing | Quiet
Curiosity,Surprise,Fear,{{subject}},{{pronoun}},"{{subject}} evokes feelings of steady interest reaching toward something, woven together with a sharp jolt, and colored by tight caution. It can feel like being drawn in while your body also tracks how safe or costly that pull might be.

You might begin by simply noticing these responses in your body without arguing with them. From there, give some room to the interest and the the jolt, and honor the caution by moving in small steps and checking what feels safe as you go.",0.3,Gently Positive,"seed_genres=indie-rock,art-pop&target_valence=0.65&target_energy=0.63","Using the Spotify Recommendations API, find one track that feels related to {subject} and matches this emotional profile: primary feel curious, exploratory energy, secondary feel sudden, shifting feel, and coloring tense, cautious mood. Use these parameters when possible: seed_genres=indie-rock,art-pop&target_valence=0.65&target_energy=0.63. Return the single best matching track.","Atmospheric conditions around {subject} show a light searching flow interacting with scattered short bursts, producing variable patterns. A a narrow watchful band at higher levels is expected to persist through the period, shaping the overall outlook for this area.",Question | Clearing | Cautious
Curiosity,Surprise,Joy,{{subject}},{{pronoun}},"{{subject}} evokes feelings of steady interest reaching toward something, woven together with a sharp jolt, and colored by warm lift. It can feel like being drawn in while your body also tracks how safe or costly that pull might be.

You might begin by simply noticing these responses in your body without arguing with them. From there, give some room to the interest and the the jolt, and let the warmth soften the edges so you can stay present without forcing anything.",0.7,Strongly Positive,"seed_genres=indie-rock,art-pop&target_valence=0.85&target_energy=0.67","Using the Spotify Recommendations API, find one track that feels related to {subject} and matches this emotional profile: primary feel curious, exploratory energy, secondary feel sudden, shifting feel, and coloring warm, uplifting tone. Use these parameters when possible: seed_genres=indie-rock,art-pop&target_valence=0.85&target_energy=0.67. Return the single best matching track.","Atmospheric conditions around {subject} show a light searching flow interacting with broken, shifting patches, producing variable patterns. A a quiet bright layer above is expected to persist through the period, shaping the overall outlook for this area.",Question | Clearing | Open
Curiosity,Surprise,Withdrawing,{{subject}},{{pronoun}},"{{subject}} evokes feelings of steady interest reaching toward something, woven together with a sharp jolt, and colored by a need for space. It can feel like being drawn in while your body also tracks how safe or costly that pull might be.

You might begin by simply noticing these responses in your body without arguing with them. From there, give some room to the interest and the the jolt, and honor the the need for space by giving yourself room to breathe before deciding what you want to do.",0.4600000000000000,Strongly Positive,"seed_genres=indie-rock,art-pop&target_valence=0.73&target_energy=0.65","Using the Spotify Recommendations API, find one track that feels related to {subject} and matches this emotional profile: primary feel curious, exploratory energy, secondary feel sudden, shifting feel, and coloring distant, spacious feeling. Use these parameters when possible: seed_genres=indie-rock,art-pop&target_valence=0.73&target_energy=0.65. Return the single best matching track.","Atmospheric conditions around {subject} show a shifting inquiry front interacting with brief unexpected shifts, producing variable patterns. A a broad quiet layer at the margins is expected to persist through the period, shaping the overall outlook for this area.",Question | Clearing | Objective
Curiosity,Surprise,Sadness,{{subject}},{{pronoun}},"{{subject}} evokes feelings of steady interest reaching toward something, woven together with a sharp jolt, and colored by soft heaviness. It can feel like being drawn in while your body also tracks how safe or costly that pull might be.

You might begin by simply noticing these responses in your body without arguing with them. From there, give some room to the interest and the the jolt, and treat the heaviness as a signal to slow down and stay close to what really matters here.",0.3,Gently Positive,"seed_genres=indie-rock,art-pop&target_valence=0.65&target_energy=0.63","Using the Spotify Recommendations API, find one track that feels related to {subject} and matches this emotional profile: primary feel curious, exploratory energy, secondary feel sudden, shifting feel, and coloring slow, melancholic mood. Use these parameters when possible: seed_genres=indie-rock,art-pop&target_valence=0.65&target_energy=0.63. Return the single best matching track.","Atmospheric conditions around {subject} show a shifting inquiry front interacting with broken, shifting patches, producing variable patterns. A a soft descending mist layer is expected to persist through the period, shaping the overall outlook for this area.",Question | Clearing | Tender
Disgust,Anger,Curiosity,{{subject}},{{pronoun}},"{{subject}} evokes feelings of an inner no that turn you away, blended with protective heat and shaded by steady interest. Your body may be saying this is not quite right, even while part of you stays engaged.

You might begin by simply noticing these responses in your body without arguing with them. From there, give some room to the the inner no and the heat, and let the interest gently invite you to stay curious without rushing your next move.",-0.6000000000000000,Strongly Negative,"seed_genres=industrial,noise&target_valence=0.20&target_energy=0.44","Using the Spotify Recommendations API, find one track that feels related to {subject} and matches this emotional profile: primary feel harsh, rejecting tone, secondary feel intense, boundary-protective energy, and coloring curious, exploratory energy. Use these parameters when possible: seed_genres=industrial,noise&target_valence=0.20&target_energy=0.44. Return the single best matching track.","Atmospheric conditions around {subject} show an unstable, sour air mass interacting with a tense, loaded boundary, producing variable patterns. A thin curiosity haze is expected to persist through the period, shaping the overall outlook for this area.",Boundary | Defending | Flexible
Disgust,Anger,Dropping,{{subject}},{{pronoun}},"{{subject}} evokes feelings of an inner no that turn you away, blended with protective heat and shaded by a small collapse inside. Your body may be saying this is not quite right, even while part of you stays engaged.

You might begin by simply noticing these responses in your body without arguing with them. From there, give some room to the the inner no and the heat, and let the the collapse remind you to move gently and offer yourself a bit more support around {subject}.",-1.0,Strongly Negative,"seed_genres=industrial,noise&target_valence=0.00&target_energy=0.40","Using the Spotify Recommendations API, find one track that feels related to {subject} and matches this emotional profile: primary feel harsh, rejecting tone, secondary feel intense, boundary-protective energy, and coloring fragile, sinking tone. Use these parameters when possible: seed_genres=industrial,noise&target_valence=0.00&target_energy=0.40. Return the single best matching track.","Atmospheric conditions around {subject} show a rough abrasive wind interacting with a pressing hot strip, producing variable patterns. A a settling hush near the ground is expected to persist through the period, shaping the overall outlook for this area.",Boundary | Defending | Quiet
Disgust,Anger,Fear,{{subject}},{{pronoun}},"{{subject}} evokes feelings of an inner no that turn you away, blended with protective heat and shaded by tight caution. Your body may be saying this is not quite right, even while part of you stays engaged.

You might begin by simply noticing these responses in your body without arguing with them. From there, give some room to the the inner no and the heat, and honor the caution by moving in small steps and checking what feels safe as you go.",-1.0,Strongly Negative,"seed_genres=industrial,noise&target_valence=0.00&target_energy=0.40","Using the Spotify Recommendations API, find one track that feels related to {subject} and matches this emotional profile: primary feel harsh, rejecting tone, secondary feel intense, boundary-protective energy, and coloring tense, cautious mood. Use these parameters when possible: seed_genres=industrial,noise&target_valence=0.00&target_energy=0.40. Return the single best matching track.","Atmospheric conditions around {subject} show an unstable, sour air mass interacting with a pressing hot strip, producing variable patterns. A a cooling shadow line overhead is expected to persist through the period, shaping the overall outlook for this area.",Boundary | Defending | Cautious
Disgust,Anger,Joy,{{subject}},{{pronoun}},"{{subject}} evokes feelings of an inner no that turn you away, blended with protective heat and shaded by warm lift. Your body may be saying this is not quite right, even while part of you stays engaged.

You might begin by simply noticing these responses in your body without arguing with them. From there, give some room to the the inner no and the heat, and let the warmth soften the edges so you can stay present without forcing anything.",-0.6000000000000000,Strongly Negative,"seed_genres=industrial,noise&target_valence=0.20&target_energy=0.44","Using the Spotify Recommendations API, find one track that feels related to {subject} and matches this emotional profile: primary feel harsh, rejecting tone, secondary feel intense, boundary-protective energy, and coloring warm, uplifting tone. Use these parameters when possible: seed_genres=industrial,noise&target_valence=0.20&target_energy=0.44. Return the single best matching track.","Atmospheric conditions around {subject} show a rough abrasive wind interacting with a tense, loaded boundary, producing variable patterns. A a soft warming undercurrent is expected to persist through the period, shaping the overall outlook for this area.",Boundary | Defending | Open
Disgust,Anger,Withdrawing,{{subject}},{{pronoun}},"{{subject}} evokes feelings of an inner no that turn you away, blended with protective heat and shaded by a need for space. Your body may be saying this is not quite right, even while part of you stays engaged.

You might begin by simply noticing these responses in your body without arguing with them. From there, give some room to the the inner no and the heat, and honor the the need for space by giving yourself room to breathe before deciding what you want to do.",-0.8400000000000000,Strongly Negative,"seed_genres=industrial,noise&target_valence=0.08&target_energy=0.42","Using the Spotify Recommendations API, find one track that feels related to {subject} and matches this emotional profile: primary feel harsh, rejecting tone, secondary feel intense, boundary-protective energy, and coloring distant, spacious feeling. Use these parameters when possible: seed_genres=industrial,noise&target_valence=0.08&target_energy=0.42. Return the single best matching track.","Atmospheric conditions around {subject} show a rough abrasive wind interacting with a tense, loaded boundary, producing variable patterns. A a broad quiet layer at the margins is expected to persist through the period, shaping the overall outlook for this area.",Boundary | Defending | Objective
Disgust,Anger,Sadness,{{subject}},{{pronoun}},"{{subject}} evokes feelings of an inner no that turn you away, blended with protective heat and shaded by soft heaviness. Your body may be saying this is not quite right, even while part of you stays engaged.

You might begin by simply noticing these responses in your body without arguing with them. From there, give some room to the the inner no and the heat, and treat the heaviness as a signal to slow down and stay close to what really matters here.",-1.0,Strongly Negative,"seed_genres=industrial,noise&target_valence=0.00&target_energy=0.40","Using the Spotify Recommendations API, find one track that feels related to {subject} and matches this emotional profile: primary feel harsh, rejecting tone, secondary feel intense, boundary-protective energy, and coloring slow, melancholic mood. Use these parameters when possible: seed_genres=industrial,noise&target_valence=0.00&target_energy=0.40. Return the single best matching track.","Atmospheric conditions around {subject} show a rough abrasive wind interacting with a pressing hot strip, producing variable patterns. A a soft descending mist layer is expected to persist through the period, shaping the overall outlook for this area.",Boundary | Defending | Tender
Disgust,Anger,Surprise,{{subject}},{{pronoun}},"{{subject}} evokes feelings of an inner no that turn you away, blended with protective heat and shaded by a sharp jolt. Your body may be saying this is not quite right, even while part of you stays engaged.

You might begin by simply noticing these responses in your body without arguing with them. From there, give some room to the the inner no and the heat, and use the the jolt as a brief pause to reset, then decide what pace actually feels right.",-0.8,Strongly Negative,"seed_genres=industrial,noise&target_valence=0.10&target_energy=0.42","Using the Spotify Recommendations API, find one track that feels related to {subject} and matches this emotional profile: primary feel harsh, rejecting tone, secondary feel intense, boundary-protective energy, and coloring sudden, shifting feel. Use these parameters when possible: seed_genres=industrial,noise&target_valence=0.10&target_energy=0.42. Return the single best matching track.","Atmospheric conditions around {subject} show an unstable, sour air mass interacting with a pressing hot strip, producing variable patterns. A a brief flicker in the upper air is expected to persist through the period, shaping the overall outlook for this area.",Boundary | Defending | New
Disgust,Curiosity,Anger,{{subject}},{{pronoun}},"{{subject}} evokes feelings of an inner no that turn you away, blended with steady interest and shaded by protective heat. Your body may be saying this is not quite right, even while part of you stays engaged.

You might begin by simply noticing these responses in your body without arguing with them. From there, give some room to the the inner no and the interest, and let the heat help you name what is okay and what is not as you relate to {subject}.",-0.4,Gently Negative,"seed_genres=industrial,noise&target_valence=0.30&target_energy=0.46","Using the Spotify Recommendations API, find one track that feels related to {subject} and matches this emotional profile: primary feel harsh, rejecting tone, secondary feel curious, exploratory energy, and coloring intense, boundary-protective energy. Use these parameters when possible: seed_genres=industrial,noise&target_valence=0.30&target_energy=0.46. Return the single best matching track.","Atmospheric conditions around {subject} show a rough abrasive wind interacting with restless tilting currents, producing variable patterns. A a thin aggressive echo aloft is expected to persist through the period, shaping the overall outlook for this area.",Boundary | Exploring | Firm
Disgust,Curiosity,Dropping,{{subject}},{{pronoun}},"{{subject}} evokes feelings of an inner no that turn you away, blended with steady interest and shaded by a small collapse inside. Your body may be saying this is not quite right, even while part of you stays engaged.

You might begin by simply noticing these responses in your body without arguing with them. From there, give some room to the the inner no and the interest, and let the the collapse remind you to move gently and offer yourself a bit more support around {subject}.",-0.4,Gently Negative,"seed_genres=industrial,noise&target_valence=0.30&target_energy=0.46","Using the Spotify Recommendations API, find one track that feels related to {subject} and matches this emotional profile: primary feel harsh, rejecting tone, secondary feel curious, exploratory energy, and coloring fragile, sinking tone. Use these parameters when possible: seed_genres=industrial,noise&target_valence=0.30&target_energy=0.46. Return the single best matching track.","Atmospheric conditions around {subject} show an unstable, sour air mass interacting with patchy exploratory flow, producing variable patterns. A a low dim undertone in the field is expected to persist through the period, shaping the overall outlook for this area.",Boundary | Exploring | Quiet
Disgust,Curiosity,Fear,{{subject}},{{pronoun}},"{{subject}} evokes feelings of an inner no that turn you away, blended with steady interest and shaded by tight caution. Your body may be saying this is not quite right, even while part of you stays engaged.

You might begin by simply noticing these responses in your body without arguing with them. From there, give some room to the the inner no and the interest, and honor the caution by moving in small steps and checking what feels safe as you go.",-0.4,Gently Negative,"seed_genres=industrial,noise&target_valence=0.30&target_energy=0.46","Using the Spotify Recommendations API, find one track that feels related to {subject} and matches this emotional profile: primary feel harsh, rejecting tone, secondary feel curious, exploratory energy, and coloring tense, cautious mood. Use these parameters when possible: seed_genres=industrial,noise&target_valence=0.30&target_energy=0.46. Return the single best matching track.","Atmospheric conditions around {subject} show a harsh turning current interacting with patchy exploratory flow, producing variable patterns. A a cooling shadow line overhead is expected to persist through the period, shaping the overall outlook for this area.",Boundary | Exploring | Cautious
Disgust,Curiosity,Joy,{{subject}},{{pronoun}},"{{subject}} evokes feelings of an inner no that turn you away, blended with steady interest and shaded by warm lift. Your body may be saying this is not quite right, even while part of you stays engaged.

You might begin by simply noticing these responses in your body without arguing with them. From there, give some room to the the inner no and the interest, and let the warmth soften the edges so you can stay present without forcing anything.",0.0,Mixed / Neutral,"seed_genres=industrial,noise&target_valence=0.50&target_energy=0.50","Using the Spotify Recommendations API, find one track that feels related to {subject} and matches this emotional profile: primary feel harsh, rejecting tone, secondary feel curious, exploratory energy, and coloring warm, uplifting tone. Use these parameters when possible: seed_genres=industrial,noise&target_valence=0.50&target_energy=0.50. Return the single best matching track.","Atmospheric conditions around {subject} show a rough abrasive wind interacting with light curious drift, producing variable patterns. A a quiet bright layer above is expected to persist through the period, shaping the overall outlook for this area.",Boundary | Exploring | Open
Disgust,Curiosity,Withdrawing,{{subject}},{{pronoun}},"{{subject}} evokes feelings of an inner no that turn you away, blended with steady interest and shaded by a need for space. Your body may be saying this is not quite right, even while part of you stays engaged.

You might begin by simply noticing these responses in your body without arguing with them. From there, give some room to the the inner no and the interest, and honor the the need for space by giving yourself room to breathe before deciding what you want to do.",-0.24,Gently Negative,"seed_genres=industrial,noise&target_valence=0.38&target_energy=0.48","Using the Spotify Recommendations API, find one track that feels related to {subject} and matches this emotional profile: primary feel harsh, rejecting tone, secondary feel curious, exploratory energy, and coloring distant, spacious feeling. Use these parameters when possible: seed_genres=industrial,noise&target_valence=0.38&target_energy=0.48. Return the single best matching track.","Atmospheric conditions around {subject} show a harsh turning current interacting with restless tilting currents, producing variable patterns. A an open still band on the horizon is expected to persist through the period, shaping the overall outlook for this area.",Boundary | Exploring | Objective
Disgust,Curiosity,Sadness,{{subject}},{{pronoun}},"{{subject}} evokes feelings of an inner no that turn you away, blended with steady interest and shaded by soft heaviness. Your body may be saying this is not quite right, even while part of you stays engaged.

You might begin by simply noticing these responses in your body without arguing with them. From there, give some room to the the inner no and the interest, and treat the heaviness as a signal to slow down and stay close to what really matters here.",-0.4,Gently Negative,"seed_genres=industrial,noise&target_valence=0.30&target_energy=0.46","Using the Spotify Recommendations API, find one track that feels related to {subject} and matches this emotional profile: primary feel harsh, rejecting tone, secondary feel curious, exploratory energy, and coloring slow, melancholic mood. Use these parameters when possible: seed_genres=industrial,noise&target_valence=0.30&target_energy=0.46. Return the single best matching track.","Atmospheric conditions around {subject} show an unstable, sour air mass interacting with light curious drift, producing variable patterns. A a tender gray overcast above is expected to persist through the period, shaping the overall outlook for this area.",Boundary | Exploring | Tender
Disgust,Curiosity,Surprise,{{subject}},{{pronoun}},"{{subject}} evokes feelings of an inner no that turn you away, blended with steady interest and shaded by a sharp jolt. Your body may be saying this is not quite right, even while part of you stays engaged.

You might begin by simply noticing these responses in your body without arguing with them. From there, give some room to the the inner no and the interest, and use the the jolt as a brief pause to reset, then decide what pace actually feels right.",-0.2,Gently Negative,"seed_genres=industrial,noise&target_valence=0.40&target_energy=0.48","Using the Spotify Recommendations API, find one track that feels related to {subject} and matches this emotional profile: primary feel harsh, rejecting tone, secondary feel curious, exploratory energy, and coloring sudden, shifting feel. Use these parameters when possible: seed_genres=industrial,noise&target_valence=0.40&target_energy=0.48. Return the single best matching track.","Atmospheric conditions around {subject} show an unstable, sour air mass interacting with restless tilting currents, producing variable patterns. A a patchy scattering pattern aloft is expected to persist through the period, shaping the overall outlook for this area.",Boundary | Exploring | New
Disgust,Dropping,Anger,{{subject}},{{pronoun}},"{{subject}} evokes feelings of an inner no that turn you away, blended with a small collapse inside and shaded by protective heat. Your body may be saying this is not quite right, even while part of you stays engaged.

You might begin by simply noticing these responses in your body without arguing with them. From there, give some room to the the inner no and the the collapse, and let the heat help you name what is okay and what is not as you relate to {subject}.",-1.0,Strongly Negative,"seed_genres=industrial,noise&target_valence=0.00&target_energy=0.40","Using the Spotify Recommendations API, find one track that feels related to {subject} and matches this emotional profile: primary feel harsh, rejecting tone, secondary feel fragile, sinking tone, and coloring intense, boundary-protective energy. Use these parameters when possible: seed_genres=industrial,noise&target_valence=0.00&target_energy=0.40. Return the single best matching track.","Atmospheric conditions around {subject} show an unstable, sour air mass interacting with a fading underside layer, producing variable patterns. A a heated residue trailing the system is expected to persist through the period, shaping the overall outlook for this area.",Boundary | Yielding | Firm
Disgust,Dropping,Curiosity,{{subject}},{{pronoun}},"{{subject}} evokes feelings of an inner no that turn you away, blended with a small collapse inside and shaded by steady interest. Your body may be saying this is not quite right, even while part of you stays engaged.

You might begin by simply noticing these responses in your body without arguing with them. From there, give some room to the the inner no and the the collapse, and let the interest gently invite you to stay curious without rushing your next move.",-0.6000000000000000,Strongly Negative,"seed_genres=industrial,noise&target_valence=0.20&target_energy=0.44","Using the Spotify Recommendations API, find one track that feels related to {subject} and matches this emotional profile: primary feel harsh, rejecting tone, secondary feel fragile, sinking tone, and coloring curious, exploratory energy. Use these parameters when possible: seed_genres=industrial,noise&target_valence=0.20&target_energy=0.44. Return the single best matching track.","Atmospheric conditions around {subject} show a harsh turning current interacting with a fading underside layer, producing variable patterns. A thin curiosity haze is expected to persist through the period, shaping the overall outlook for this area.",Boundary | Yielding | Flexible
Disgust,Dropping,Fear,{{subject}},{{pronoun}},"{{subject}} evokes feelings of an inner no that turn you away, blended with a small collapse inside and shaded by tight caution. Your body may be saying this is not quite right, even while part of you stays engaged.

You might begin by simply noticing these responses in your body without arguing with them. From there, give some room to the the inner no and the the collapse, and honor the caution by moving in small steps and checking what feels safe as you go.",-1.0,Strongly Negative,"seed_genres=industrial,noise&target_valence=0.00&target_energy=0.40","Using the Spotify Recommendations API, find one track that feels related to {subject} and matches this emotional profile: primary feel harsh, rejecting tone, secondary feel fragile, sinking tone, and coloring tense, cautious mood. Use these parameters when possible: seed_genres=industrial,noise&target_valence=0.00&target_energy=0.40. Return the single best matching track.","Atmospheric conditions around {subject} show an unstable, sour air mass interacting with sinking trailing clouds, producing variable patterns. A a narrow watchful band at higher levels is expected to persist through the period, shaping the overall outlook for this area.",Boundary | Yielding | Cautious
Disgust,Dropping,Joy,{{subject}},{{pronoun}},"{{subject}} evokes feelings of an inner no that turn you away, blended with a small collapse inside and shaded by warm lift. Your body may be saying this is not quite right, even while part of you stays engaged.

You might begin by simply noticing these responses in your body without arguing with them. From there, give some room to the the inner no and the the collapse, and let the warmth soften the edges so you can stay present without forcing anything.",-0.6000000000000000,Strongly Negative,"seed_genres=industrial,noise&target_valence=0.20&target_energy=0.44","Using the Spotify Recommendations API, find one track that feels related to {subject} and matches this emotional profile: primary feel harsh, rejecting tone, secondary feel fragile, sinking tone, and coloring warm, uplifting tone. Use these parameters when possible: seed_genres=industrial,noise&target_valence=0.20&target_energy=0.44. Return the single best matching track.","Atmospheric conditions around {subject} show a rough abrasive wind interacting with sinking trailing clouds, producing variable patterns. A a quiet bright layer above is expected to persist through the period, shaping the overall outlook for this area.",Boundary | Yielding | Open
Disgust,Dropping,Withdrawing,{{subject}},{{pronoun}},"{{subject}} evokes feelings of an inner no that turn you away, blended with a small collapse inside and shaded by a need for space. Your body may be saying this is not quite right, even while part of you stays engaged.

You might begin by simply noticing these responses in your body without arguing with them. From there, give some room to the the inner no and the the collapse, and honor the the need for space by giving yourself room to breathe before deciding what you want to do.",-0.8400000000000000,Strongly Negative,"seed_genres=industrial,noise&target_valence=0.08&target_energy=0.42","Using the Spotify Recommendations API, find one track that feels related to {subject} and matches this emotional profile: primary feel harsh, rejecting tone, secondary feel fragile, sinking tone, and coloring distant, spacious feeling. Use these parameters when possible: seed_genres=industrial,noise&target_valence=0.08&target_energy=0.42. Return the single best matching track.","Atmospheric conditions around {subject} show a rough abrasive wind interacting with low drifting haze, producing variable patterns. A an open still band on the horizon is expected to persist through the period, shaping the overall outlook for this area.",Boundary | Yielding | Objective
Disgust,Dropping,Sadness,{{subject}},{{pronoun}},"{{subject}} evokes feelings of an inner no that turn you away, blended with a small collapse inside and shaded by soft heaviness. Your body may be saying this is not quite right, even while part of you stays engaged.

You might begin by simply noticing these responses in your body without arguing with them. From there, give some room to the the inner no and the the collapse, and treat the heaviness as a signal to slow down and stay close to what really matters here.",-1.0,Strongly Negative,"seed_genres=industrial,noise&target_valence=0.00&target_energy=0.40","Using the Spotify Recommendations API, find one track that feels related to {subject} and matches this emotional profile: primary feel harsh, rejecting tone, secondary feel fragile, sinking tone, and coloring slow, melancholic mood. Use these parameters when possible: seed_genres=industrial,noise&target_valence=0.00&target_energy=0.40. Return the single best matching track.","Atmospheric conditions around {subject} show an unstable, sour air mass interacting with a fading underside layer, producing variable patterns. A a tender gray overcast above is expected to persist through the period, shaping the overall outlook for this area.",Boundary | Yielding | Tender
Disgust,Dropping,Surprise,{{subject}},{{pronoun}},"{{subject}} evokes feelings of an inner no that turn you away, blended with a small collapse inside and shaded by a sharp jolt. Your body may be saying this is not quite right, even while part of you stays engaged.

You might begin by simply noticing these responses in your body without arguing with them. From there, give some room to the the inner no and the the collapse, and use the the jolt as a brief pause to reset, then decide what pace actually feels right.",-0.8,Strongly Negative,"seed_genres=industrial,noise&target_valence=0.10&target_energy=0.42","Using the Spotify Recommendations API, find one track that feels related to {subject} and matches this emotional profile: primary feel harsh, rejecting tone, secondary feel fragile, sinking tone, and coloring sudden, shifting feel. Use these parameters when possible: seed_genres=industrial,noise&target_valence=0.10&target_energy=0.42. Return the single best matching track.","Atmospheric conditions around {subject} show a rough abrasive wind interacting with a fading underside layer, producing variable patterns. A a patchy scattering pattern aloft is expected to persist through the period, shaping the overall outlook for this area.",Boundary | Yielding | New
Disgust,Fear,Anger,{{subject}},{{pronoun}},"{{subject}} evokes feelings of an inner no that turn you away, blended with tight caution and shaded by protective heat. Your body may be saying this is not quite right, even while part of you stays engaged.

You might begin by simply noticing these responses in your body without arguing with them. From there, give some room to the the inner no and the caution, and let the heat help you name what is okay and what is not as you relate to {subject}.",-1.0,Strongly Negative,"seed_genres=industrial,noise&target_valence=0.00&target_energy=0.40","Using the Spotify Recommendations API, find one track that feels related to {subject} and matches this emotional profile: primary feel harsh, rejecting tone, secondary feel tense, cautious mood, and coloring intense, boundary-protective energy. Use these parameters when possible: seed_genres=industrial,noise&target_valence=0.00&target_energy=0.40. Return the single best matching track.","Atmospheric conditions around {subject} show a rough abrasive wind interacting with tightening cool layers, producing variable patterns. A a heated residue trailing the system is expected to persist through the period, shaping the overall outlook for this area.",Boundary | Protecting | Firm
Disgust,Fear,Curiosity,{{subject}},{{pronoun}},"{{subject}} evokes feelings of an inner no that turn you away, blended with tight caution and shaded by steady interest. Your body may be saying this is not quite right, even while part of you stays engaged.

You might begin by simply noticing these responses in your body without arguing with them. From there, give some room to the the inner no and the caution, and let the interest gently invite you to stay curious without rushing your next move.",-0.6000000000000000,Strongly Negative,"seed_genres=industrial,noise&target_valence=0.20&target_energy=0.44","Using the Spotify Recommendations API, find one track that feels related to {subject} and matches this emotional profile: primary feel harsh, rejecting tone, secondary feel tense, cautious mood, and coloring curious, exploratory energy. Use these parameters when possible: seed_genres=industrial,noise&target_valence=0.20&target_energy=0.44. Return the single best matching track.","Atmospheric conditions around {subject} show a rough abrasive wind interacting with tightening cool layers, producing variable patterns. A thin curiosity haze is expected to persist through the period, shaping the overall outlook for this area.",Boundary | Protecting | Flexible
Disgust,Fear,Dropping,{{subject}},{{pronoun}},"{{subject}} evokes feelings of an inner no that turn you away, blended with tight caution and shaded by a small collapse inside. Your body may be saying this is not quite right, even while part of you stays engaged.

You might begin by simply noticing these responses in your body without arguing with them. From there, give some room to the the inner no and the caution, and let the the collapse remind you to move gently and offer yourself a bit more support around {subject}.",-1.0,Strongly Negative,"seed_genres=industrial,noise&target_valence=0.00&target_energy=0.40","Using the Spotify Recommendations API, find one track that feels related to {subject} and matches this emotional profile: primary feel harsh, rejecting tone, secondary feel tense, cautious mood, and coloring fragile, sinking tone. Use these parameters when possible: seed_genres=industrial,noise&target_valence=0.00&target_energy=0.40. Return the single best matching track.","Atmospheric conditions around {subject} show a rough abrasive wind interacting with a narrow cautious band, producing variable patterns. A a low dim undertone in the field is expected to persist through the period, shaping the overall outlook for this area.",Boundary | Protecting | Quiet
Disgust,Fear,Joy,{{subject}},{{pronoun}},"{{subject}} evokes feelings of an inner no that turn you away, blended with tight caution and shaded by warm lift. Your body may be saying this is not quite right, even while part of you stays engaged.

You might begin by simply noticing these responses in your body without arguing with them. From there, give some room to the the inner no and the caution, and let the warmth soften the edges so you can stay present without forcing anything.",-0.6000000000000000,Strongly Negative,"seed_genres=industrial,noise&target_valence=0.20&target_energy=0.44","Using the Spotify Recommendations API, find one track that feels related to {subject} and matches this emotional profile: primary feel harsh, rejecting tone, secondary feel tense, cautious mood, and coloring warm, uplifting tone. Use these parameters when possible: seed_genres=industrial,noise&target_valence=0.20&target_energy=0.44. Return the single best matching track.","Atmospheric conditions around {subject} show a rough abrasive wind interacting with a cautious, constricting flow, producing variable patterns. A a soft warming undercurrent is expected to persist through the period, shaping the overall outlook for this area.",Boundary | Protecting | Open
Disgust,Fear,Withdrawing,{{subject}},{{pronoun}},"{{subject}} evokes feelings of an inner no that turn you away, blended with tight caution and shaded by a need for space. Your body may be saying this is not quite right, even while part of you stays engaged.

You might begin by simply noticing these responses in your body without arguing with them. From there, give some room to the the inner no and the caution, and honor the the need for space by giving yourself room to breathe before deciding what you want to do.",-0.8400000000000000,Strongly Negative,"seed_genres=industrial,noise&target_valence=0.08&target_energy=0.42","Using the Spotify Recommendations API, find one track that feels related to {subject} and matches this emotional profile: primary feel harsh, rejecting tone, secondary feel tense, cautious mood, and coloring distant, spacious feeling. Use these parameters when possible: seed_genres=industrial,noise&target_valence=0.08&target_energy=0.42. Return the single best matching track.","Atmospheric conditions around {subject} show an unstable, sour air mass interacting with tightening cool layers, producing variable patterns. A an open still band on the horizon is expected to persist through the period, shaping the overall outlook for this area.",Boundary | Protecting | Objective
Disgust,Fear,Sadness,{{subject}},{{pronoun}},"{{subject}} evokes feelings of an inner no that turn you away, blended with tight caution and shaded by soft heaviness. Your body may be saying this is not quite right, even while part of you stays engaged.

You might begin by simply noticing these responses in your body without arguing with them. From there, give some room to the the inner no and the caution, and treat the heaviness as a signal to slow down and stay close to what really matters here.",-1.0,Strongly Negative,"seed_genres=industrial,noise&target_valence=0.00&target_energy=0.40","Using the Spotify Recommendations API, find one track that feels related to {subject} and matches this emotional profile: primary feel harsh, rejecting tone, secondary feel tense, cautious mood, and coloring slow, melancholic mood. Use these parameters when possible: seed_genres=industrial,noise&target_valence=0.00&target_energy=0.40. Return the single best matching track.","Atmospheric conditions around {subject} show a rough abrasive wind interacting with tightening cool layers, producing variable patterns. A a soft descending mist layer is expected to persist through the period, shaping the overall outlook for this area.",Boundary | Protecting | Tender
Disgust,Fear,Surprise,{{subject}},{{pronoun}},"{{subject}} evokes feelings of an inner no that turn you away, blended with tight caution and shaded by a sharp jolt. Your body may be saying this is not quite right, even while part of you stays engaged.

You might begin by simply noticing these responses in your body without arguing with them. From there, give some room to the the inner no and the caution, and use the the jolt as a brief pause to reset, then decide what pace actually feels right.",-0.8,Strongly Negative,"seed_genres=industrial,noise&target_valence=0.10&target_energy=0.42","Using the Spotify Recommendations API, find one track that feels related to {subject} and matches this emotional profile: primary feel harsh, rejecting tone, secondary feel tense, cautious mood, and coloring sudden, shifting feel. Use these parameters when possible: seed_genres=industrial,noise&target_valence=0.10&target_energy=0.42. Return the single best matching track.","Atmospheric conditions around {subject} show an unstable, sour air mass interacting with a narrow cautious band, producing variable patterns. A a brief flicker in the upper air is expected to persist through the period, shaping the overall outlook for this area.",Boundary | Protecting | New
Disgust,Joy,Anger,{{subject}},{{pronoun}},"{{subject}} evokes feelings of an inner no that turn you away, blended with warm lift and shaded by protective heat. Your body may be saying this is not quite right, even while part of you stays engaged.

You might begin by simply noticing these responses in your body without arguing with them. From there, give some room to the the inner no and the warmth, and let the heat help you name what is okay and what is not as you relate to {subject}.",-0.4,Gently Negative,"seed_genres=industrial,noise&target_valence=0.30&target_energy=0.46","Using the Spotify Recommendations API, find one track that feels related to {subject} and matches this emotional profile: primary feel harsh, rejecting tone, secondary feel warm, uplifting tone, and coloring intense, boundary-protective energy. Use these parameters when possible: seed_genres=industrial,noise&target_valence=0.30&target_energy=0.46. Return the single best matching track.","Atmospheric conditions around {subject} show a rough abrasive wind interacting with a mild brightening trend, producing variable patterns. A a heated residue trailing the system is expected to persist through the period, shaping the overall outlook for this area.",Boundary | Bonding | Firm
Disgust,Joy,Curiosity,{{subject}},{{pronoun}},"{{subject}} evokes feelings of an inner no that turn you away, blended with warm lift and shaded by steady interest. Your body may be saying this is not quite right, even while part of you stays engaged.

You might begin by simply noticing these responses in your body without arguing with them. From there, give some room to the the inner no and the warmth, and let the interest gently invite you to stay curious without rushing your next move.",0.0,Mixed / Neutral,"seed_genres=industrial,noise&target_valence=0.50&target_energy=0.50","Using the Spotify Recommendations API, find one track that feels related to {subject} and matches this emotional profile: primary feel harsh, rejecting tone, secondary feel warm, uplifting tone, and coloring curious, exploratory energy. Use these parameters when possible: seed_genres=industrial,noise&target_valence=0.50&target_energy=0.50. Return the single best matching track.","Atmospheric conditions around {subject} show an unstable, sour air mass interacting with soft warming air, producing variable patterns. A thin curiosity haze is expected to persist through the period, shaping the overall outlook for this area.",Boundary | Bonding | Flexible
Disgust,Joy,Dropping,{{subject}},{{pronoun}},"{{subject}} evokes feelings of an inner no that turn you away, blended with warm lift and shaded by a small collapse inside. Your body may be saying this is not quite right, even while part of you stays engaged.

You might begin by simply noticing these responses in your body without arguing with them. From there, give some room to the the inner no and the warmth, and let the the collapse remind you to move gently and offer yourself a bit more support around {subject}.",-0.4,Gently Negative,"seed_genres=industrial,noise&target_valence=0.30&target_energy=0.46","Using the Spotify Recommendations API, find one track that feels related to {subject} and matches this emotional profile: primary feel harsh, rejecting tone, secondary feel warm, uplifting tone, and coloring fragile, sinking tone. Use these parameters when possible: seed_genres=industrial,noise&target_valence=0.30&target_energy=0.46. Return the single best matching track.","Atmospheric conditions around {subject} show an unstable, sour air mass interacting with a mild brightening trend, producing variable patterns. A a settling hush near the ground is expected to persist through the period, shaping the overall outlook for this area.",Boundary | Bonding | Quiet
Disgust,Joy,Fear,{{subject}},{{pronoun}},"{{subject}} evokes feelings of an inner no that turn you away, blended with warm lift and shaded by tight caution. Your body may be saying this is not quite right, even while part of you stays engaged.

You might begin by simply noticing these responses in your body without arguing with them. From there, give some room to the the inner no and the warmth, and honor the caution by moving in small steps and checking what feels safe as you go.",-0.4,Gently Negative,"seed_genres=industrial,noise&target_valence=0.30&target_energy=0.46","Using the Spotify Recommendations API, find one track that feels related to {subject} and matches this emotional profile: primary feel harsh, rejecting tone, secondary feel warm, uplifting tone, and coloring tense, cautious mood. Use these parameters when possible: seed_genres=industrial,noise&target_valence=0.30&target_energy=0.46. Return the single best matching track.","Atmospheric conditions around {subject} show a harsh turning current interacting with soft warming air, producing variable patterns. A a narrow watchful band at higher levels is expected to persist through the period, shaping the overall outlook for this area.",Boundary | Bonding | Cautious
Disgust,Joy,Withdrawing,{{subject}},{{pronoun}},"{{subject}} evokes feelings of an inner no that turn you away, blended with warm lift and shaded by a need for space. Your body may be saying this is not quite right, even while part of you stays engaged.

You might begin by simply noticing these responses in your body without arguing with them. From there, give some room to the the inner no and the warmth, and honor the the need for space by giving yourself room to breathe before deciding what you want to do.",-0.24,Gently Negative,"seed_genres=industrial,noise&target_valence=0.38&target_energy=0.48","Using the Spotify Recommendations API, find one track that feels related to {subject} and matches this emotional profile: primary feel harsh, rejecting tone, secondary feel warm, uplifting tone, and coloring distant, spacious feeling. Use these parameters when possible: seed_genres=industrial,noise&target_valence=0.38&target_energy=0.48. Return the single best matching track.","Atmospheric conditions around {subject} show a harsh turning current interacting with a mild brightening trend, producing variable patterns. A a broad quiet layer at the margins is expected to persist through the period, shaping the overall outlook for this area.",Boundary | Bonding | Objective
Disgust,Joy,Sadness,{{subject}},{{pronoun}},"{{subject}} evokes feelings of an inner no that turn you away, blended with warm lift and shaded by soft heaviness. Your body may be saying this is not quite right, even while part of you stays engaged.

You might begin by simply noticing these responses in your body without arguing with them. From there, give some room to the the inner no and the warmth, and treat the heaviness as a signal to slow down and stay close to what really matters here.",-0.4,Gently Negative,"seed_genres=industrial,noise&target_valence=0.30&target_energy=0.46","Using the Spotify Recommendations API, find one track that feels related to {subject} and matches this emotional profile: primary feel harsh, rejecting tone, secondary feel warm, uplifting tone, and coloring slow, melancholic mood. Use these parameters when possible: seed_genres=industrial,noise&target_valence=0.30&target_energy=0.46. Return the single best matching track.","Atmospheric conditions around {subject} show an unstable, sour air mass interacting with gentle lifting pockets, producing variable patterns. A a soft descending mist layer is expected to persist through the period, shaping the overall outlook for this area.",Boundary | Bonding | Tender
Disgust,Joy,Surprise,{{subject}},{{pronoun}},"{{subject}} evokes feelings of an inner no that turn you away, blended with warm lift and shaded by a sharp jolt. Your body may be saying this is not quite right, even while part of you stays engaged.

You might begin by simply noticing these responses in your body without arguing with them. From there, give some room to the the inner no and the warmth, and use the the jolt as a brief pause to reset, then decide what pace actually feels right.",-0.2,Gently Negative,"seed_genres=industrial,noise&target_valence=0.40&target_energy=0.48","Using the Spotify Recommendations API, find one track that feels related to {subject} and matches this emotional profile: primary feel harsh, rejecting tone, secondary feel warm, uplifting tone, and coloring sudden, shifting feel. Use these parameters when possible: seed_genres=industrial,noise&target_valence=0.40&target_energy=0.48. Return the single best matching track.","Atmospheric conditions around {subject} show a rough abrasive wind interacting with soft warming air, producing variable patterns. A a patchy scattering pattern aloft is expected to persist through the period, shaping the overall outlook for this area.",Boundary | Bonding | New
Disgust,Withdrawing,Anger,{{subject}},{{pronoun}},"{{subject}} evokes feelings of an inner no that turn you away, blended with a need for space and shaded by protective heat. Your body may be saying this is not quite right, even while part of you stays engaged.

You might begin by simply noticing these responses in your body without arguing with them. From there, give some room to the the inner no and the the need for space, and let the heat help you name what is okay and what is not as you relate to {subject}.",-0.76,Strongly Negative,"seed_genres=industrial,noise&target_valence=0.12&target_energy=0.42","Using the Spotify Recommendations API, find one track that feels related to {subject} and matches this emotional profile: primary feel harsh, rejecting tone, secondary feel distant, spacious feeling, and coloring intense, boundary-protective energy. Use these parameters when possible: seed_genres=industrial,noise&target_valence=0.12&target_energy=0.42. Return the single best matching track.","Atmospheric conditions around {subject} show a harsh turning current interacting with a broad retreating zone, producing variable patterns. A a heated residue trailing the system is expected to persist through the period, shaping the overall outlook for this area.",Boundary | Retreating | Firm
Disgust,Withdrawing,Curiosity,{{subject}},{{pronoun}},"{{subject}} evokes feelings of an inner no that turn you away, blended with a need for space and shaded by steady interest. Your body may be saying this is not quite right, even while part of you stays engaged.

You might begin by simply noticing these responses in your body without arguing with them. From there, give some room to the the inner no and the the need for space, and let the interest gently invite you to stay curious without rushing your next move.",-0.36,Gently Negative,"seed_genres=industrial,noise&target_valence=0.32&target_energy=0.46","Using the Spotify Recommendations API, find one track that feels related to {subject} and matches this emotional profile: primary feel harsh, rejecting tone, secondary feel distant, spacious feeling, and coloring curious, exploratory energy. Use these parameters when possible: seed_genres=industrial,noise&target_valence=0.32&target_energy=0.46. Return the single best matching track.","Atmospheric conditions around {subject} show a harsh turning current interacting with expanding empty pockets, producing variable patterns. A a light exploratory shimmer aloft is expected to persist through the period, shaping the overall outlook for this area.",Boundary | Retreating | Flexible
Disgust,Withdrawing,Dropping,{{subject}},{{pronoun}},"{{subject}} evokes feelings of an inner no that turn you away, blended with a need for space and shaded by a small collapse inside. Your body may be saying this is not quite right, even while part of you stays engaged.

You might begin by simply noticing these responses in your body without arguing with them. From there, give some room to the the inner no and the the need for space, and let the the collapse remind you to move gently and offer yourself a bit more support around {subject}.",-0.76,Strongly Negative,"seed_genres=industrial,noise&target_valence=0.12&target_energy=0.42","Using the Spotify Recommendations API, find one track that feels related to {subject} and matches this emotional profile: primary feel harsh, rejecting tone, secondary feel distant, spacious feeling, and coloring fragile, sinking tone. Use these parameters when possible: seed_genres=industrial,noise&target_valence=0.12&target_energy=0.42. Return the single best matching track.","Atmospheric conditions around {subject} show a harsh turning current interacting with receding quiet air, producing variable patterns. A a low dim undertone in the field is expected to persist through the period, shaping the overall outlook for this area.",Boundary | Retreating | Quiet
Disgust,Withdrawing,Fear,{{subject}},{{pronoun}},"{{subject}} evokes feelings of an inner no that turn you away, blended with a need for space and shaded by tight caution. Your body may be saying this is not quite right, even while part of you stays engaged.

You might begin by simply noticing these responses in your body without arguing with them. From there, give some room to the the inner no and the the need for space, and honor the caution by moving in small steps and checking what feels safe as you go.",-0.76,Strongly Negative,"seed_genres=industrial,noise&target_valence=0.12&target_energy=0.42","Using the Spotify Recommendations API, find one track that feels related to {subject} and matches this emotional profile: primary feel harsh, rejecting tone, secondary feel distant, spacious feeling, and coloring tense, cautious mood. Use these parameters when possible: seed_genres=industrial,noise&target_valence=0.12&target_energy=0.42. Return the single best matching track.","Atmospheric conditions around {subject} show a rough abrasive wind interacting with expanding empty pockets, producing variable patterns. A a narrow watchful band at higher levels is expected to persist through the period, shaping the overall outlook for this area.",Boundary | Retreating | Cautious
Disgust,Withdrawing,Joy,{{subject}},{{pronoun}},"{{subject}} evokes feelings of an inner no that turn you away, blended with a need for space and shaded by warm lift. Your body may be saying this is not quite right, even while part of you stays engaged.

You might begin by simply noticing these responses in your body without arguing with them. From there, give some room to the the inner no and the the need for space, and let the warmth soften the edges so you can stay present without forcing anything.",-0.36,Gently Negative,"seed_genres=industrial,noise&target_valence=0.32&target_energy=0.46","Using the Spotify Recommendations API, find one track that feels related to {subject} and matches this emotional profile: primary feel harsh, rejecting tone, secondary feel distant, spacious feeling, and coloring warm, uplifting tone. Use these parameters when possible: seed_genres=industrial,noise&target_valence=0.32&target_energy=0.46. Return the single best matching track.","Atmospheric conditions around {subject} show a harsh turning current interacting with a broad retreating zone, producing variable patterns. A a quiet bright layer above is expected to persist through the period, shaping the overall outlook for this area.",Boundary | Retreating | Open
Disgust,Withdrawing,Sadness,{{subject}},{{pronoun}},"{{subject}} evokes feelings of an inner no that turn you away, blended with a need for space and shaded by soft heaviness. Your body may be saying this is not quite right, even while part of you stays engaged.

You might begin by simply noticing these responses in your body without arguing with them. From there, give some room to the the inner no and the the need for space, and treat the heaviness as a signal to slow down and stay close to what really matters here.",-0.76,Strongly Negative,"seed_genres=industrial,noise&target_valence=0.12&target_energy=0.42","Using the Spotify Recommendations API, find one track that feels related to {subject} and matches this emotional profile: primary feel harsh, rejecting tone, secondary feel distant, spacious feeling, and coloring slow, melancholic mood. Use these parameters when possible: seed_genres=industrial,noise&target_valence=0.12&target_energy=0.42. Return the single best matching track.","Atmospheric conditions around {subject} show an unstable, sour air mass interacting with expanding empty pockets, producing variable patterns. A a soft descending mist layer is expected to persist through the period, shaping the overall outlook for this area.",Boundary | Retreating | Tender
Disgust,Withdrawing,Surprise,{{subject}},{{pronoun}},"{{subject}} evokes feelings of an inner no that turn you away, blended with a need for space and shaded by a sharp jolt. Your body may be saying this is not quite right, even while part of you stays engaged.

You might begin by simply noticing these responses in your body without arguing with them. From there, give some room to the the inner no and the the need for space, and use the the jolt as a brief pause to reset, then decide what pace actually feels right.",-0.56,Strongly Negative,"seed_genres=industrial,noise&target_valence=0.22&target_energy=0.44","Using the Spotify Recommendations API, find one track that feels related to {subject} and matches this emotional profile: primary feel harsh, rejecting tone, secondary feel distant, spacious feeling, and coloring sudden, shifting feel. Use these parameters when possible: seed_genres=industrial,noise&target_valence=0.22&target_energy=0.44. Return the single best matching track.","Atmospheric conditions around {subject} show a rough abrasive wind interacting with expanding empty pockets, producing variable patterns. A a patchy scattering pattern aloft is expected to persist through the period, shaping the overall outlook for this area.",Boundary | Retreating | New
Disgust,Sadness,Anger,{{subject}},{{pronoun}},"{{subject}} evokes feelings of an inner no that turn you away, blended with soft heaviness and shaded by protective heat. Your body may be saying this is not quite right, even while part of you stays engaged.

You might begin by simply noticing these responses in your body without arguing with them. From there, give some room to the the inner no and the heaviness, and let the heat help you name what is okay and what is not as you relate to {subject}.",-1.0,Strongly Negative,"seed_genres=industrial,noise&target_valence=0.00&target_energy=0.40","Using the Spotify Recommendations API, find one track that feels related to {subject} and matches this emotional profile: primary feel harsh, rejecting tone, secondary feel slow, melancholic mood, and coloring intense, boundary-protective energy. Use these parameters when possible: seed_genres=industrial,noise&target_valence=0.00&target_energy=0.40. Return the single best matching track.","Atmospheric conditions around {subject} show a harsh turning current interacting with a damp, heavy drift, producing variable patterns. A a thin aggressive echo aloft is expected to persist through the period, shaping the overall outlook for this area.",Boundary | Grieving | Firm
Disgust,Sadness,Curiosity,{{subject}},{{pronoun}},"{{subject}} evokes feelings of an inner no that turn you away, blended with soft heaviness and shaded by steady interest. Your body may be saying this is not quite right, even while part of you stays engaged.

You might begin by simply noticing these responses in your body without arguing with them. From there, give some room to the the inner no and the heaviness, and let the interest gently invite you to stay curious without rushing your next move.",-0.6000000000000000,Strongly Negative,"seed_genres=industrial,noise&target_valence=0.20&target_energy=0.44","Using the Spotify Recommendations API, find one track that feels related to {subject} and matches this emotional profile: primary feel harsh, rejecting tone, secondary feel slow, melancholic mood, and coloring curious, exploratory energy. Use these parameters when possible: seed_genres=industrial,noise&target_valence=0.20&target_energy=0.44. Return the single best matching track.","Atmospheric conditions around {subject} show a harsh turning current interacting with a damp, heavy drift, producing variable patterns. A a light exploratory shimmer aloft is expected to persist through the period, shaping the overall outlook for this area.",Boundary | Grieving | Flexible
Disgust,Sadness,Dropping,{{subject}},{{pronoun}},"{{subject}} evokes feelings of an inner no that turn you away, blended with soft heaviness and shaded by a small collapse inside. Your body may be saying this is not quite right, even while part of you stays engaged.

You might begin by simply noticing these responses in your body without arguing with them. From there, give some room to the the inner no and the heaviness, and let the the collapse remind you to move gently and offer yourself a bit more support around {subject}.",-1.0,Strongly Negative,"seed_genres=industrial,noise&target_valence=0.00&target_energy=0.40","Using the Spotify Recommendations API, find one track that feels related to {subject} and matches this emotional profile: primary feel harsh, rejecting tone, secondary feel slow, melancholic mood, and coloring fragile, sinking tone. Use these parameters when possible: seed_genres=industrial,noise&target_valence=0.00&target_energy=0.40. Return the single best matching track.","Atmospheric conditions around {subject} show a harsh turning current interacting with a damp, heavy drift, producing variable patterns. A a settling hush near the ground is expected to persist through the period, shaping the overall outlook for this area.",Boundary | Grieving | Quiet
Disgust,Sadness,Fear,{{subject}},{{pronoun}},"{{subject}} evokes feelings of an inner no that turn you away, blended with soft heaviness and shaded by tight caution. Your body may be saying this is not quite right, even while part of you stays engaged.

You might begin by simply noticing these responses in your body without arguing with them. From there, give some room to the the inner no and the heaviness, and honor the caution by moving in small steps and checking what feels safe as you go.",-1.0,Strongly Negative,"seed_genres=industrial,noise&target_valence=0.00&target_energy=0.40","Using the Spotify Recommendations API, find one track that feels related to {subject} and matches this emotional profile: primary feel harsh, rejecting tone, secondary feel slow, melancholic mood, and coloring tense, cautious mood. Use these parameters when possible: seed_genres=industrial,noise&target_valence=0.00&target_energy=0.40. Return the single best matching track.","Atmospheric conditions around {subject} show an unstable, sour air mass interacting with slow trailing showers, producing variable patterns. A a narrow watchful band at higher levels is expected to persist through the period, shaping the overall outlook for this area.",Boundary | Grieving | Cautious
Disgust,Sadness,Joy,{{subject}},{{pronoun}},"{{subject}} evokes feelings of an inner no that turn you away, blended with soft heaviness and shaded by warm lift. Your body may be saying this is not quite right, even while part of you stays engaged.

You might begin by simply noticing these responses in your body without arguing with them. From there, give some room to the the inner no and the heaviness, and let the warmth soften the edges so you can stay present without forcing anything.",-0.6000000000000000,Strongly Negative,"seed_genres=industrial,noise&target_valence=0.20&target_energy=0.44","Using the Spotify Recommendations API, find one track that feels related to {subject} and matches this emotional profile: primary feel harsh, rejecting tone, secondary feel slow, melancholic mood, and coloring warm, uplifting tone. Use these parameters when possible: seed_genres=industrial,noise&target_valence=0.20&target_energy=0.44. Return the single best matching track.","Atmospheric conditions around {subject} show an unstable, sour air mass interacting with muted rain bands, producing variable patterns. A a quiet bright layer above is expected to persist through the period, shaping the overall outlook for this area.",Boundary | Grieving | Open
Disgust,Sadness,Withdrawing,{{subject}},{{pronoun}},"{{subject}} evokes feelings of an inner no that turn you away, blended with soft heaviness and shaded by a need for space. Your body may be saying this is not quite right, even while part of you stays engaged.

You might begin by simply noticing these responses in your body without arguing with them. From there, give some room to the the inner no and the heaviness, and honor the the need for space by giving yourself room to breathe before deciding what you want to do.",-0.8400000000000000,Strongly Negative,"seed_genres=industrial,noise&target_valence=0.08&target_energy=0.42","Using the Spotify Recommendations API, find one track that feels related to {subject} and matches this emotional profile: primary feel harsh, rejecting tone, secondary feel slow, melancholic mood, and coloring distant, spacious feeling. Use these parameters when possible: seed_genres=industrial,noise&target_valence=0.08&target_energy=0.42. Return the single best matching track.","Atmospheric conditions around {subject} show an unstable, sour air mass interacting with a damp, heavy drift, producing variable patterns. A an open still band on the horizon is expected to persist through the period, shaping the overall outlook for this area.",Boundary | Grieving | Objective
Disgust,Sadness,Surprise,{{subject}},{{pronoun}},"{{subject}} evokes feelings of an inner no that turn you away, blended with soft heaviness and shaded by a sharp jolt. Your body may be saying this is not quite right, even while part of you stays engaged.

You might begin by simply noticing these responses in your body without arguing with them. From there, give some room to the the inner no and the heaviness, and use the the jolt as a brief pause to reset, then decide what pace actually feels right.",-0.8,Strongly Negative,"seed_genres=industrial,noise&target_valence=0.10&target_energy=0.42","Using the Spotify Recommendations API, find one track that feels related to {subject} and matches this emotional profile: primary feel harsh, rejecting tone, secondary feel slow, melancholic mood, and coloring sudden, shifting feel. Use these parameters when possible: seed_genres=industrial,noise&target_valence=0.10&target_energy=0.42. Return the single best matching track.","Atmospheric conditions around {subject} show a rough abrasive wind interacting with slow trailing showers, producing variable patterns. A a patchy scattering pattern aloft is expected to persist through the period, shaping the overall outlook for this area.",Boundary | Grieving | New
Disgust,Surprise,Anger,{{subject}},{{pronoun}},"{{subject}} evokes feelings of an inner no that turn you away, blended with a sharp jolt and shaded by protective heat. Your body may be saying this is not quite right, even while part of you stays engaged.

You might begin by simply noticing these responses in your body without arguing with them. From there, give some room to the the inner no and the the jolt, and let the heat help you name what is okay and what is not as you relate to {subject}.",-0.7,Strongly Negative,"seed_genres=industrial,noise&target_valence=0.15&target_energy=0.43","Using the Spotify Recommendations API, find one track that feels related to {subject} and matches this emotional profile: primary feel harsh, rejecting tone, secondary feel sudden, shifting feel, and coloring intense, boundary-protective energy. Use these parameters when possible: seed_genres=industrial,noise&target_valence=0.15&target_energy=0.43. Return the single best matching track.","Atmospheric conditions around {subject} show a harsh turning current interacting with scattered short bursts, producing variable patterns. A a heated residue trailing the system is expected to persist through the period, shaping the overall outlook for this area.",Boundary | Clearing | Firm
Disgust,Surprise,Curiosity,{{subject}},{{pronoun}},"{{subject}} evokes feelings of an inner no that turn you away, blended with a sharp jolt and shaded by steady interest. Your body may be saying this is not quite right, even while part of you stays engaged.

You might begin by simply noticing these responses in your body without arguing with them. From there, give some room to the the inner no and the the jolt, and let the interest gently invite you to stay curious without rushing your next move.",-0.3,Gently Negative,"seed_genres=industrial,noise&target_valence=0.35&target_energy=0.47","Using the Spotify Recommendations API, find one track that feels related to {subject} and matches this emotional profile: primary feel harsh, rejecting tone, secondary feel sudden, shifting feel, and coloring curious, exploratory energy. Use these parameters when possible: seed_genres=industrial,noise&target_valence=0.35&target_energy=0.47. Return the single best matching track.","Atmospheric conditions around {subject} show an unstable, sour air mass interacting with broken, shifting patches, producing variable patterns. A thin curiosity haze is expected to persist through the period, shaping the overall outlook for this area.",Boundary | Clearing | Flexible
Disgust,Surprise,Dropping,{{subject}},{{pronoun}},"{{subject}} evokes feelings of an inner no that turn you away, blended with a sharp jolt and shaded by a small collapse inside. Your body may be saying this is not quite right, even while part of you stays engaged.

You might begin by simply noticing these responses in your body without arguing with them. From there, give some room to the the inner no and the the jolt, and let the the collapse remind you to move gently and offer yourself a bit more support around {subject}.",-0.7,Strongly Negative,"seed_genres=industrial,noise&target_valence=0.15&target_energy=0.43","Using the Spotify Recommendations API, find one track that feels related to {subject} and matches this emotional profile: primary feel harsh, rejecting tone, secondary feel sudden, shifting feel, and coloring fragile, sinking tone. Use these parameters when possible: seed_genres=industrial,noise&target_valence=0.15&target_energy=0.43. Return the single best matching track.","Atmospheric conditions around {subject} show a harsh turning current interacting with broken, shifting patches, producing variable patterns. A a low dim undertone in the field is expected to persist through the period, shaping the overall outlook for this area.",Boundary | Clearing | Quiet
Disgust,Surprise,Fear,{{subject}},{{pronoun}},"{{subject}} evokes feelings of an inner no that turn you away, blended with a sharp jolt and shaded by tight caution. Your body may be saying this is not quite right, even while part of you stays engaged.

You might begin by simply noticing these responses in your body without arguing with them. From there, give some room to the the inner no and the the jolt, and honor the caution by moving in small steps and checking what feels safe as you go.",-0.7,Strongly Negative,"seed_genres=industrial,noise&target_valence=0.15&target_energy=0.43","Using the Spotify Recommendations API, find one track that feels related to {subject} and matches this emotional profile: primary feel harsh, rejecting tone, secondary feel sudden, shifting feel, and coloring tense, cautious mood. Use these parameters when possible: seed_genres=industrial,noise&target_valence=0.15&target_energy=0.43. Return the single best matching track.","Atmospheric conditions around {subject} show a rough abrasive wind interacting with brief unexpected shifts, producing variable patterns. A a cooling shadow line overhead is expected to persist through the period, shaping the overall outlook for this area.",Boundary | Clearing | Cautious
Disgust,Surprise,Joy,{{subject}},{{pronoun}},"{{subject}} evokes feelings of an inner no that turn you away, blended with a sharp jolt and shaded by warm lift. Your body may be saying this is not quite right, even while part of you stays engaged.

You might begin by simply noticing these responses in your body without arguing with them. From there, give some room to the the inner no and the the jolt, and let the warmth soften the edges so you can stay present without forcing anything.",-0.3,Gently Negative,"seed_genres=industrial,noise&target_valence=0.35&target_energy=0.47","Using the Spotify Recommendations API, find one track that feels related to {subject} and matches this emotional profile: primary feel harsh, rejecting tone, secondary feel sudden, shifting feel, and coloring warm, uplifting tone. Use these parameters when possible: seed_genres=industrial,noise&target_valence=0.35&target_energy=0.47. Return the single best matching track.","Atmospheric conditions around {subject} show a rough abrasive wind interacting with scattered short bursts, producing variable patterns. A a soft warming undercurrent is expected to persist through the period, shaping the overall outlook for this area.",Boundary | Clearing | Open
Disgust,Surprise,Withdrawing,{{subject}},{{pronoun}},"{{subject}} evokes feelings of an inner no that turn you away, blended with a sharp jolt and shaded by a need for space. Your body may be saying this is not quite right, even while part of you stays engaged.

You might begin by simply noticing these responses in your body without arguing with them. From there, give some room to the the inner no and the the jolt, and honor the the need for space by giving yourself room to breathe before deciding what you want to do.",-0.54,Strongly Negative,"seed_genres=industrial,noise&target_valence=0.23&target_energy=0.45","Using the Spotify Recommendations API, find one track that feels related to {subject} and matches this emotional profile: primary feel harsh, rejecting tone, secondary feel sudden, shifting feel, and coloring distant, spacious feeling. Use these parameters when possible: seed_genres=industrial,noise&target_valence=0.23&target_energy=0.45. Return the single best matching track.","Atmospheric conditions around {subject} show an unstable, sour air mass interacting with brief unexpected shifts, producing variable patterns. A an open still band on the horizon is expected to persist through the period, shaping the overall outlook for this area.",Boundary | Clearing | Objective
Disgust,Surprise,Sadness,{{subject}},{{pronoun}},"{{subject}} evokes feelings of an inner no that turn you away, blended with a sharp jolt and shaded by soft heaviness. Your body may be saying this is not quite right, even while part of you stays engaged.

You might begin by simply noticing these responses in your body without arguing with them. From there, give some room to the the inner no and the the jolt, and treat the heaviness as a signal to slow down and stay close to what really matters here.",-0.7,Strongly Negative,"seed_genres=industrial,noise&target_valence=0.15&target_energy=0.43","Using the Spotify Recommendations API, find one track that feels related to {subject} and matches this emotional profile: primary feel harsh, rejecting tone, secondary feel sudden, shifting feel, and coloring slow, melancholic mood. Use these parameters when possible: seed_genres=industrial,noise&target_valence=0.15&target_energy=0.43. Return the single best matching track.","Atmospheric conditions around {subject} show a rough abrasive wind interacting with scattered short bursts, producing variable patterns. A a soft descending mist layer is expected to persist through the period, shaping the overall outlook for this area.",Boundary | Clearing | Tender
Dropping,Anger,Curiosity,{{subject}},{{pronoun}},"{{subject}} evokes feelings of a small collapse inside that make you smaller, braided with protective heat and finished by steady interest. It may arrive as a brief dimming of energy alongside the part of you that still wants to track what is happening.

You might begin by simply noticing these responses in your body without arguing with them. From there, give some room to the the collapse and the heat, and let the interest gently invite you to stay curious without rushing your next move.",-0.6000000000000000,Strongly Negative,"seed_genres=drone,slowcore&target_valence=0.20&target_energy=0.14","Using the Spotify Recommendations API, find one track that feels related to {subject} and matches this emotional profile: primary feel fragile, sinking tone, secondary feel intense, boundary-protective energy, and coloring curious, exploratory energy. Use these parameters when possible: seed_genres=drone,slowcore&target_valence=0.20&target_energy=0.14. Return the single best matching track.","Atmospheric conditions around {subject} show a falling pressure system interacting with a sharp heated edge, producing variable patterns. A thin curiosity haze is expected to persist through the period, shaping the overall outlook for this area.",Humility | Defending | Flexible
Dropping,Anger,Disgust,{{subject}},{{pronoun}},"{{subject}} evokes feelings of a small collapse inside that make you smaller, braided with protective heat and finished by an inner no. It may arrive as a brief dimming of energy alongside the part of you that still wants to track what is happening.

You might begin by simply noticing these responses in your body without arguing with them. From there, give some room to the the collapse and the heat, and use the the inner no to sort what belongs close and what needs more distance.",-1.0,Strongly Negative,"seed_genres=drone,slowcore&target_valence=0.00&target_energy=0.10","Using the Spotify Recommendations API, find one track that feels related to {subject} and matches this emotional profile: primary feel fragile, sinking tone, secondary feel intense, boundary-protective energy, and coloring harsh, rejecting tone. Use these parameters when possible: seed_genres=drone,slowcore&target_valence=0.00&target_energy=0.10. Return the single best matching track.","Atmospheric conditions around {subject} show a falling pressure system interacting with a tense, loaded boundary, producing variable patterns. A a thin acidic drift at altitude is expected to persist through the period, shaping the overall outlook for this area.",Humility | Defending | Decisive
Dropping,Anger,Fear,{{subject}},{{pronoun}},"{{subject}} evokes feelings of a small collapse inside that make you smaller, braided with protective heat and finished by tight caution. It may arrive as a brief dimming of energy alongside the part of you that still wants to track what is happening.

You might begin by simply noticing these responses in your body without arguing with them. From there, give some room to the the collapse and the heat, and honor the caution by moving in small steps and checking what feels safe as you go.",-1.0,Strongly Negative,"seed_genres=drone,slowcore&target_valence=0.00&target_energy=0.10","Using the Spotify Recommendations API, find one track that feels related to {subject} and matches this emotional profile: primary feel fragile, sinking tone, secondary feel intense, boundary-protective energy, and coloring tense, cautious mood. Use these parameters when possible: seed_genres=drone,slowcore&target_valence=0.00&target_energy=0.10. Return the single best matching track.","Atmospheric conditions around {subject} show a falling pressure system interacting with a pressing hot strip, producing variable patterns. A a cooling shadow line overhead is expected to persist through the period, shaping the overall outlook for this area.",Humility | Defending | Cautious
Dropping,Anger,Joy,{{subject}},{{pronoun}},"{{subject}} evokes feelings of a small collapse inside that make you smaller, braided with protective heat and finished by warm lift. It may arrive as a brief dimming of energy alongside the part of you that still wants to track what is happening.

You might begin by simply noticing these responses in your body without arguing with them. From there, give some room to the the collapse and the heat, and let the warmth soften the edges so you can stay present without forcing anything.",-0.6000000000000000,Strongly Negative,"seed_genres=drone,slowcore&target_valence=0.20&target_energy=0.14","Using the Spotify Recommendations API, find one track that feels related to {subject} and matches this emotional profile: primary feel fragile, sinking tone, secondary feel intense, boundary-protective energy, and coloring warm, uplifting tone. Use these parameters when possible: seed_genres=drone,slowcore&target_valence=0.20&target_energy=0.14. Return the single best matching track.","Atmospheric conditions around {subject} show a falling pressure system interacting with a sharp heated edge, producing variable patterns. A a quiet bright layer above is expected to persist through the period, shaping the overall outlook for this area.",Humility | Defending | Open
Dropping,Anger,Withdrawing,{{subject}},{{pronoun}},"{{subject}} evokes feelings of a small collapse inside that make you smaller, braided with protective heat and finished by a need for space. It may arrive as a brief dimming of energy alongside the part of you that still wants to track what is happening.

You might begin by simply noticing these responses in your body without arguing with them. From there, give some room to the the collapse and the heat, and honor the the need for space by giving yourself room to breathe before deciding what you want to do.",-0.8400000000000000,Strongly Negative,"seed_genres=drone,slowcore&target_valence=0.08&target_energy=0.12","Using the Spotify Recommendations API, find one track that feels related to {subject} and matches this emotional profile: primary feel fragile, sinking tone, secondary feel intense, boundary-protective energy, and coloring distant, spacious feeling. Use these parameters when possible: seed_genres=drone,slowcore&target_valence=0.08&target_energy=0.12. Return the single best matching track.","Atmospheric conditions around {subject} show a dim settling haze interacting with a tense, loaded boundary, producing variable patterns. A a broad quiet layer at the margins is expected to persist through the period, shaping the overall outlook for this area.",Humility | Defending | Objective
Dropping,Anger,Sadness,{{subject}},{{pronoun}},"{{subject}} evokes feelings of a small collapse inside that make you smaller, braided with protective heat and finished by soft heaviness. It may arrive as a brief dimming of energy alongside the part of you that still wants to track what is happening.

You might begin by simply noticing these responses in your body without arguing with them. From there, give some room to the the collapse and the heat, and treat the heaviness as a signal to slow down and stay close to what really matters here.",-1.0,Strongly Negative,"seed_genres=drone,slowcore&target_valence=0.00&target_energy=0.10","Using the Spotify Recommendations API, find one track that feels related to {subject} and matches this emotional profile: primary feel fragile, sinking tone, secondary feel intense, boundary-protective energy, and coloring slow, melancholic mood. Use these parameters when possible: seed_genres=drone,slowcore&target_valence=0.00&target_energy=0.10. Return the single best matching track.","Atmospheric conditions around {subject} show a falling pressure system interacting with a pressing hot strip, producing variable patterns. A a soft descending mist layer is expected to persist through the period, shaping the overall outlook for this area.",Humility | Defending | Tender
Dropping,Anger,Surprise,{{subject}},{{pronoun}},"{{subject}} evokes feelings of a small collapse inside that make you smaller, braided with protective heat and finished by a sharp jolt. It may arrive as a brief dimming of energy alongside the part of you that still wants to track what is happening.

You might begin by simply noticing these responses in your body without arguing with them. From there, give some room to the the collapse and the heat, and use the the jolt as a brief pause to reset, then decide what pace actually feels right.",-0.8,Strongly Negative,"seed_genres=drone,slowcore&target_valence=0.10&target_energy=0.12","Using the Spotify Recommendations API, find one track that feels related to {subject} and matches this emotional profile: primary feel fragile, sinking tone, secondary feel intense, boundary-protective energy, and coloring sudden, shifting feel. Use these parameters when possible: seed_genres=drone,slowcore&target_valence=0.10&target_energy=0.12. Return the single best matching track.","Atmospheric conditions around {subject} show a slow cooling pool interacting with a sharp heated edge, producing variable patterns. A a brief flicker in the upper air is expected to persist through the period, shaping the overall outlook for this area.",Humility | Defending | New
Dropping,Curiosity,Anger,{{subject}},{{pronoun}},"{{subject}} evokes feelings of a small collapse inside that make you smaller, braided with steady interest and finished by protective heat. It may arrive as a brief dimming of energy alongside the part of you that still wants to track what is happening.

You might begin by simply noticing these responses in your body without arguing with them. From there, give some room to the the collapse and the interest, and let the heat help you name what is okay and what is not as you relate to {subject}.",-0.4,Gently Negative,"seed_genres=drone,slowcore&target_valence=0.30&target_energy=0.16","Using the Spotify Recommendations API, find one track that feels related to {subject} and matches this emotional profile: primary feel fragile, sinking tone, secondary feel curious, exploratory energy, and coloring intense, boundary-protective energy. Use these parameters when possible: seed_genres=drone,slowcore&target_valence=0.30&target_energy=0.16. Return the single best matching track.","Atmospheric conditions around {subject} show a falling pressure system interacting with light curious drift, producing variable patterns. A a heated residue trailing the system is expected to persist through the period, shaping the overall outlook for this area.",Humility | Exploring | Firm
Dropping,Curiosity,Disgust,{{subject}},{{pronoun}},"{{subject}} evokes feelings of a small collapse inside that make you smaller, braided with steady interest and finished by an inner no. It may arrive as a brief dimming of energy alongside the part of you that still wants to track what is happening.

You might begin by simply noticing these responses in your body without arguing with them. From there, give some room to the the collapse and the interest, and use the the inner no to sort what belongs close and what needs more distance.",-0.4,Gently Negative,"seed_genres=drone,slowcore&target_valence=0.30&target_energy=0.16","Using the Spotify Recommendations API, find one track that feels related to {subject} and matches this emotional profile: primary feel fragile, sinking tone, secondary feel curious, exploratory energy, and coloring harsh, rejecting tone. Use these parameters when possible: seed_genres=drone,slowcore&target_valence=0.30&target_energy=0.16. Return the single best matching track.","Atmospheric conditions around {subject} show a slow cooling pool interacting with restless tilting currents, producing variable patterns. A a sharp edge in the higher air is expected to persist through the period, shaping the overall outlook for this area.",Humility | Exploring | Decisive
Dropping,Curiosity,Fear,{{subject}},{{pronoun}},"{{subject}} evokes feelings of a small collapse inside that make you smaller, braided with steady interest and finished by tight caution. It may arrive as a brief dimming of energy alongside the part of you that still wants to track what is happening.

You might begin by simply noticing these responses in your body without arguing with them. From there, give some room to the the collapse and the interest, and honor the caution by moving in small steps and checking what feels safe as you go.",-0.4,Gently Negative,"seed_genres=drone,slowcore&target_valence=0.30&target_energy=0.16","Using the Spotify Recommendations API, find one track that feels related to {subject} and matches this emotional profile: primary feel fragile, sinking tone, secondary feel curious, exploratory energy, and coloring tense, cautious mood. Use these parameters when possible: seed_genres=drone,slowcore&target_valence=0.30&target_energy=0.16. Return the single best matching track.","Atmospheric conditions around {subject} show a slow cooling pool interacting with restless tilting currents, producing variable patterns. A a narrow watchful band at higher levels is expected to persist through the period, shaping the overall outlook for this area.",Humility | Exploring | Cautious
Dropping,Curiosity,Joy,{{subject}},{{pronoun}},"{{subject}} evokes feelings of a small collapse inside that make you smaller, braided with steady interest and finished by warm lift. It may arrive as a brief dimming of energy alongside the part of you that still wants to track what is happening.

You might begin by simply noticing these responses in your body without arguing with them. From there, give some room to the the collapse and the interest, and let the warmth soften the edges so you can stay present without forcing anything.",0.0,Mixed / Neutral,"seed_genres=drone,slowcore&target_valence=0.50&target_energy=0.20","Using the Spotify Recommendations API, find one track that feels related to {subject} and matches this emotional profile: primary feel fragile, sinking tone, secondary feel curious, exploratory energy, and coloring warm, uplifting tone. Use these parameters when possible: seed_genres=drone,slowcore&target_valence=0.50&target_energy=0.20. Return the single best matching track.","Atmospheric conditions around {subject} show a dim settling haze interacting with restless tilting currents, producing variable patterns. A a quiet bright layer above is expected to persist through the period, shaping the overall outlook for this area.",Humility | Exploring | Open
Dropping,Curiosity,Withdrawing,{{subject}},{{pronoun}},"{{subject}} evokes feelings of a small collapse inside that make you smaller, braided with steady interest and finished by a need for space. It may arrive as a brief dimming of energy alongside the part of you that still wants to track what is happening.

You might begin by simply noticing these responses in your body without arguing with them. From there, give some room to the the collapse and the interest, and honor the the need for space by giving yourself room to breathe before deciding what you want to do.",-0.24,Gently Negative,"seed_genres=drone,slowcore&target_valence=0.38&target_energy=0.18","Using the Spotify Recommendations API, find one track that feels related to {subject} and matches this emotional profile: primary feel fragile, sinking tone, secondary feel curious, exploratory energy, and coloring distant, spacious feeling. Use these parameters when possible: seed_genres=drone,slowcore&target_valence=0.38&target_energy=0.18. Return the single best matching track.","Atmospheric conditions around {subject} show a slow cooling pool interacting with patchy exploratory flow, producing variable patterns. A an open still band on the horizon is expected to persist through the period, shaping the overall outlook for this area.",Humility | Exploring | Objective
Dropping,Curiosity,Sadness,{{subject}},{{pronoun}},"{{subject}} evokes feelings of a small collapse inside that make you smaller, braided with steady interest and finished by soft heaviness. It may arrive as a brief dimming of energy alongside the part of you that still wants to track what is happening.

You might begin by simply noticing these responses in your body without arguing with them. From there, give some room to the the collapse and the interest, and treat the heaviness as a signal to slow down and stay close to what really matters here.",-0.4,Gently Negative,"seed_genres=drone,slowcore&target_valence=0.30&target_energy=0.16","Using the Spotify Recommendations API, find one track that feels related to {subject} and matches this emotional profile: primary feel fragile, sinking tone, secondary feel curious, exploratory energy, and coloring slow, melancholic mood. Use these parameters when possible: seed_genres=drone,slowcore&target_valence=0.30&target_energy=0.16. Return the single best matching track.","Atmospheric conditions around {subject} show a falling pressure system interacting with light curious drift, producing variable patterns. A a soft descending mist layer is expected to persist through the period, shaping the overall outlook for this area.",Humility | Exploring | Tender
Dropping,Curiosity,Surprise,{{subject}},{{pronoun}},"{{subject}} evokes feelings of a small collapse inside that make you smaller, braided with steady interest and finished by a sharp jolt. It may arrive as a brief dimming of energy alongside the part of you that still wants to track what is happening.

You might begin by simply noticing these responses in your body without arguing with them. From there, give some room to the the collapse and the interest, and use the the jolt as a brief pause to reset, then decide what pace actually feels right.",-0.2,Gently Negative,"seed_genres=drone,slowcore&target_valence=0.40&target_energy=0.18","Using the Spotify Recommendations API, find one track that feels related to {subject} and matches this emotional profile: primary feel fragile, sinking tone, secondary feel curious, exploratory energy, and coloring sudden, shifting feel. Use these parameters when possible: seed_genres=drone,slowcore&target_valence=0.40&target_energy=0.18. Return the single best matching track.","Atmospheric conditions around {subject} show a slow cooling pool interacting with restless tilting currents, producing variable patterns. A a brief flicker in the upper air is expected to persist through the period, shaping the overall outlook for this area.",Humility | Exploring | New
Dropping,Disgust,Anger,{{subject}},{{pronoun}},"{{subject}} evokes feelings of a small collapse inside that make you smaller, braided with an inner no and finished by protective heat. It may arrive as a brief dimming of energy alongside the part of you that still wants to track what is happening.

You might begin by simply noticing these responses in your body without arguing with them. From there, give some room to the the collapse and the the inner no, and let the heat help you name what is okay and what is not as you relate to {subject}.",-1.0,Strongly Negative,"seed_genres=drone,slowcore&target_valence=0.00&target_energy=0.10","Using the Spotify Recommendations API, find one track that feels related to {subject} and matches this emotional profile: primary feel fragile, sinking tone, secondary feel harsh, rejecting tone, and coloring intense, boundary-protective energy. Use these parameters when possible: seed_genres=drone,slowcore&target_valence=0.00&target_energy=0.10. Return the single best matching track.","Atmospheric conditions around {subject} show a dim settling haze interacting with irregular abrasive currents, producing variable patterns. A a thin aggressive echo aloft is expected to persist through the period, shaping the overall outlook for this area.",Humility | Rejecting | Firm
Dropping,Disgust,Curiosity,{{subject}},{{pronoun}},"{{subject}} evokes feelings of a small collapse inside that make you smaller, braided with an inner no and finished by steady interest. It may arrive as a brief dimming of energy alongside the part of you that still wants to track what is happening.

You might begin by simply noticing these responses in your body without arguing with them. From there, give some room to the the collapse and the the inner no, and let the interest gently invite you to stay curious without rushing your next move.",-0.6000000000000000,Strongly Negative,"seed_genres=drone,slowcore&target_valence=0.20&target_energy=0.14","Using the Spotify Recommendations API, find one track that feels related to {subject} and matches this emotional profile: primary feel fragile, sinking tone, secondary feel harsh, rejecting tone, and coloring curious, exploratory energy. Use these parameters when possible: seed_genres=drone,slowcore&target_valence=0.20&target_energy=0.14. Return the single best matching track.","Atmospheric conditions around {subject} show a falling pressure system interacting with a coarse turning gust, producing variable patterns. A a light exploratory shimmer aloft is expected to persist through the period, shaping the overall outlook for this area.",Humility | Rejecting | Flexible
Dropping,Disgust,Fear,{{subject}},{{pronoun}},"{{subject}} evokes feelings of a small collapse inside that make you smaller, braided with an inner no and finished by tight caution. It may arrive as a brief dimming of energy alongside the part of you that still wants to track what is happening.

You might begin by simply noticing these responses in your body without arguing with them. From there, give some room to the the collapse and the the inner no, and honor the caution by moving in small steps and checking what feels safe as you go.",-1.0,Strongly Negative,"seed_genres=drone,slowcore&target_valence=0.00&target_energy=0.10","Using the Spotify Recommendations API, find one track that feels related to {subject} and matches this emotional profile: primary feel fragile, sinking tone, secondary feel harsh, rejecting tone, and coloring tense, cautious mood. Use these parameters when possible: seed_genres=drone,slowcore&target_valence=0.00&target_energy=0.10. Return the single best matching track.","Atmospheric conditions around {subject} show a dim settling haze interacting with irregular abrasive currents, producing variable patterns. A a narrow watchful band at higher levels is expected to persist through the period, shaping the overall outlook for this area.",Humility | Rejecting | Cautious
Dropping,Disgust,Joy,{{subject}},{{pronoun}},"{{subject}} evokes feelings of a small collapse inside that make you smaller, braided with an inner no and finished by warm lift. It may arrive as a brief dimming of energy alongside the part of you that still wants to track what is happening.

You might begin by simply noticing these responses in your body without arguing with them. From there, give some room to the the collapse and the the inner no, and let the warmth soften the edges so you can stay present without forcing anything.",-0.6000000000000000,Strongly Negative,"seed_genres=drone,slowcore&target_valence=0.20&target_energy=0.14","Using the Spotify Recommendations API, find one track that feels related to {subject} and matches this emotional profile: primary feel fragile, sinking tone, secondary feel harsh, rejecting tone, and coloring warm, uplifting tone. Use these parameters when possible: seed_genres=drone,slowcore&target_valence=0.20&target_energy=0.14. Return the single best matching track.","Atmospheric conditions around {subject} show a falling pressure system interacting with harsh particulate air, producing variable patterns. A a quiet bright layer above is expected to persist through the period, shaping the overall outlook for this area.",Humility | Rejecting | Open
Dropping,Disgust,Withdrawing,{{subject}},{{pronoun}},"{{subject}} evokes feelings of a small collapse inside that make you smaller, braided with an inner no and finished by a need for space. It may arrive as a brief dimming of energy alongside the part of you that still wants to track what is happening.

You might begin by simply noticing these responses in your body without arguing with them. From there, give some room to the the collapse and the the inner no, and honor the the need for space by giving yourself room to breathe before deciding what you want to do.",-0.8400000000000000,Strongly Negative,"seed_genres=drone,slowcore&target_valence=0.08&target_energy=0.12","Using the Spotify Recommendations API, find one track that feels related to {subject} and matches this emotional profile: primary feel fragile, sinking tone, secondary feel harsh, rejecting tone, and coloring distant, spacious feeling. Use these parameters when possible: seed_genres=drone,slowcore&target_valence=0.08&target_energy=0.12. Return the single best matching track.","Atmospheric conditions around {subject} show a slow cooling pool interacting with a coarse turning gust, producing variable patterns. A an open still band on the horizon is expected to persist through the period, shaping the overall outlook for this area.",Humility | Rejecting | Objective
Dropping,Disgust,Sadness,{{subject}},{{pronoun}},"{{subject}} evokes feelings of a small collapse inside that make you smaller, braided with an inner no and finished by soft heaviness. It may arrive as a brief dimming of energy alongside the part of you that still wants to track what is happening.

You might begin by simply noticing these responses in your body without arguing with them. From there, give some room to the the collapse and the the inner no, and treat the heaviness as a signal to slow down and stay close to what really matters here.",-1.0,Strongly Negative,"seed_genres=drone,slowcore&target_valence=0.00&target_energy=0.10","Using the Spotify Recommendations API, find one track that feels related to {subject} and matches this emotional profile: primary feel fragile, sinking tone, secondary feel harsh, rejecting tone, and coloring slow, melancholic mood. Use these parameters when possible: seed_genres=drone,slowcore&target_valence=0.00&target_energy=0.10. Return the single best matching track.","Atmospheric conditions around {subject} show a falling pressure system interacting with harsh particulate air, producing variable patterns. A a tender gray overcast above is expected to persist through the period, shaping the overall outlook for this area.",Humility | Rejecting | Tender
Dropping,Disgust,Surprise,{{subject}},{{pronoun}},"{{subject}} evokes feelings of a small collapse inside that make you smaller, braided with an inner no and finished by a sharp jolt. It may arrive as a brief dimming of energy alongside the part of you that still wants to track what is happening.

You might begin by simply noticing these responses in your body without arguing with them. From there, give some room to the the collapse and the the inner no, and use the the jolt as a brief pause to reset, then decide what pace actually feels right.",-0.8,Strongly Negative,"seed_genres=drone,slowcore&target_valence=0.10&target_energy=0.12","Using the Spotify Recommendations API, find one track that feels related to {subject} and matches this emotional profile: primary feel fragile, sinking tone, secondary feel harsh, rejecting tone, and coloring sudden, shifting feel. Use these parameters when possible: seed_genres=drone,slowcore&target_valence=0.10&target_energy=0.12. Return the single best matching track.","Atmospheric conditions around {subject} show a slow cooling pool interacting with a coarse turning gust, producing variable patterns. A a brief flicker in the upper air is expected to persist through the period, shaping the overall outlook for this area.",Humility | Rejecting | New
Dropping,Fear,Anger,{{subject}},{{pronoun}},"{{subject}} evokes feelings of a small collapse inside that make you smaller, braided with tight caution and finished by protective heat. It may arrive as a brief dimming of energy alongside the part of you that still wants to track what is happening.

You might begin by simply noticing these responses in your body without arguing with them. From there, give some room to the the collapse and the caution, and let the heat help you name what is okay and what is not as you relate to {subject}.",-1.0,Strongly Negative,"seed_genres=drone,slowcore&target_valence=0.00&target_energy=0.10","Using the Spotify Recommendations API, find one track that feels related to {subject} and matches this emotional profile: primary feel fragile, sinking tone, secondary feel tense, cautious mood, and coloring intense, boundary-protective energy. Use these parameters when possible: seed_genres=drone,slowcore&target_valence=0.00&target_energy=0.10. Return the single best matching track.","Atmospheric conditions around {subject} show a dim settling haze interacting with a narrow cautious band, producing variable patterns. A a heated residue trailing the system is expected to persist through the period, shaping the overall outlook for this area.",Humility | Protecting | Firm
Dropping,Fear,Curiosity,{{subject}},{{pronoun}},"{{subject}} evokes feelings of a small collapse inside that make you smaller, braided with tight caution and finished by steady interest. It may arrive as a brief dimming of energy alongside the part of you that still wants to track what is happening.

You might begin by simply noticing these responses in your body without arguing with them. From there, give some room to the the collapse and the caution, and let the interest gently invite you to stay curious without rushing your next move.",-0.6000000000000000,Strongly Negative,"seed_genres=drone,slowcore&target_valence=0.20&target_energy=0.14","Using the Spotify Recommendations API, find one track that feels related to {subject} and matches this emotional profile: primary feel fragile, sinking tone, secondary feel tense, cautious mood, and coloring curious, exploratory energy. Use these parameters when possible: seed_genres=drone,slowcore&target_valence=0.20&target_energy=0.14. Return the single best matching track.","Atmospheric conditions around {subject} show a slow cooling pool interacting with a narrow cautious band, producing variable patterns. A thin curiosity haze is expected to persist through the period, shaping the overall outlook for this area.",Humility | Protecting | Flexible
Dropping,Fear,Disgust,{{subject}},{{pronoun}},"{{subject}} evokes feelings of a small collapse inside that make you smaller, braided with tight caution and finished by an inner no. It may arrive as a brief dimming of energy alongside the part of you that still wants to track what is happening.

You might begin by simply noticing these responses in your body without arguing with them. From there, give some room to the the collapse and the caution, and use the the inner no to sort what belongs close and what needs more distance.",-1.0,Strongly Negative,"seed_genres=drone,slowcore&target_valence=0.00&target_energy=0.10","Using the Spotify Recommendations API, find one track that feels related to {subject} and matches this emotional profile: primary feel fragile, sinking tone, secondary feel tense, cautious mood, and coloring harsh, rejecting tone. Use these parameters when possible: seed_genres=drone,slowcore&target_valence=0.00&target_energy=0.10. Return the single best matching track.","Atmospheric conditions around {subject} show a falling pressure system interacting with a cautious, constricting flow, producing variable patterns. A a sharp edge in the higher air is expected to persist through the period, shaping the overall outlook for this area.",Humility | Protecting | Decisive
Dropping,Fear,Joy,{{subject}},{{pronoun}},"{{subject}} evokes feelings of a small collapse inside that make you smaller, braided with tight caution and finished by warm lift. It may arrive as a brief dimming of energy alongside the part of you that still wants to track what is happening.

You might begin by simply noticing these responses in your body without arguing with them. From there, give some room to the the collapse and the caution, and let the warmth soften the edges so you can stay present without forcing anything.",-0.6000000000000000,Strongly Negative,"seed_genres=drone,slowcore&target_valence=0.20&target_energy=0.14","Using the Spotify Recommendations API, find one track that feels related to {subject} and matches this emotional profile: primary feel fragile, sinking tone, secondary feel tense, cautious mood, and coloring warm, uplifting tone. Use these parameters when possible: seed_genres=drone,slowcore&target_valence=0.20&target_energy=0.14. Return the single best matching track.","Atmospheric conditions around {subject} show a falling pressure system interacting with a cautious, constricting flow, producing variable patterns. A a quiet bright layer above is expected to persist through the period, shaping the overall outlook for this area.",Humility | Protecting | Open
Dropping,Fear,Withdrawing,{{subject}},{{pronoun}},"{{subject}} evokes feelings of a small collapse inside that make you smaller, braided with tight caution and finished by a need for space. It may arrive as a brief dimming of energy alongside the part of you that still wants to track what is happening.

You might begin by simply noticing these responses in your body without arguing with them. From there, give some room to the the collapse and the caution, and honor the the need for space by giving yourself room to breathe before deciding what you want to do.",-0.8400000000000000,Strongly Negative,"seed_genres=drone,slowcore&target_valence=0.08&target_energy=0.12","Using the Spotify Recommendations API, find one track that feels related to {subject} and matches this emotional profile: primary feel fragile, sinking tone, secondary feel tense, cautious mood, and coloring distant, spacious feeling. Use these parameters when possible: seed_genres=drone,slowcore&target_valence=0.08&target_energy=0.12. Return the single best matching track.","Atmospheric conditions around {subject} show a dim settling haze interacting with a narrow cautious band, producing variable patterns. A a broad quiet layer at the margins is expected to persist through the period, shaping the overall outlook for this area.",Humility | Protecting | Objective
Dropping,Fear,Sadness,{{subject}},{{pronoun}},"{{subject}} evokes feelings of a small collapse inside that make you smaller, braided with tight caution and finished by soft heaviness. It may arrive as a brief dimming of energy alongside the part of you that still wants to track what is happening.

You might begin by simply noticing these responses in your body without arguing with them. From there, give some room to the the collapse and the caution, and treat the heaviness as a signal to slow down and stay close to what really matters here.",-1.0,Strongly Negative,"seed_genres=drone,slowcore&target_valence=0.00&target_energy=0.10","Using the Spotify Recommendations API, find one track that feels related to {subject} and matches this emotional profile: primary feel fragile, sinking tone, secondary feel tense, cautious mood, and coloring slow, melancholic mood. Use these parameters when possible: seed_genres=drone,slowcore&target_valence=0.00&target_energy=0.10. Return the single best matching track.","Atmospheric conditions around {subject} show a dim settling haze interacting with a narrow cautious band, producing variable patterns. A a soft descending mist layer is expected to persist through the period, shaping the overall outlook for this area.",Humility | Protecting | Tender
Dropping,Fear,Surprise,{{subject}},{{pronoun}},"{{subject}} evokes feelings of a small collapse inside that make you smaller, braided with tight caution and finished by a sharp jolt. It may arrive as a brief dimming of energy alongside the part of you that still wants to track what is happening.

You might begin by simply noticing these responses in your body without arguing with them. From there, give some room to the the collapse and the caution, and use the the jolt as a brief pause to reset, then decide what pace actually feels right.",-0.8,Strongly Negative,"seed_genres=drone,slowcore&target_valence=0.10&target_energy=0.12","Using the Spotify Recommendations API, find one track that feels related to {subject} and matches this emotional profile: primary feel fragile, sinking tone, secondary feel tense, cautious mood, and coloring sudden, shifting feel. Use these parameters when possible: seed_genres=drone,slowcore&target_valence=0.10&target_energy=0.12. Return the single best matching track.","Atmospheric conditions around {subject} show a dim settling haze interacting with a cautious, constricting flow, producing variable patterns. A a brief flicker in the upper air is expected to persist through the period, shaping the overall outlook for this area.",Humility | Protecting | New
Dropping,Joy,Anger,{{subject}},{{pronoun}},"{{subject}} evokes feelings of a small collapse inside that make you smaller, braided with warm lift and finished by protective heat. It may arrive as a brief dimming of energy alongside the part of you that still wants to track what is happening.

You might begin by simply noticing these responses in your body without arguing with them. From there, give some room to the the collapse and the warmth, and let the heat help you name what is okay and what is not as you relate to {subject}.",-0.4,Gently Negative,"seed_genres=drone,slowcore&target_valence=0.30&target_energy=0.16","Using the Spotify Recommendations API, find one track that feels related to {subject} and matches this emotional profile: primary feel fragile, sinking tone, secondary feel warm, uplifting tone, and coloring intense, boundary-protective energy. Use these parameters when possible: seed_genres=drone,slowcore&target_valence=0.30&target_energy=0.16. Return the single best matching track.","Atmospheric conditions around {subject} show a dim settling haze interacting with a mild brightening trend, producing variable patterns. A a thin aggressive echo aloft is expected to persist through the period, shaping the overall outlook for this area.",Humility | Bonding | Firm
Dropping,Joy,Curiosity,{{subject}},{{pronoun}},"{{subject}} evokes feelings of a small collapse inside that make you smaller, braided with warm lift and finished by steady interest. It may arrive as a brief dimming of energy alongside the part of you that still wants to track what is happening.

You might begin by simply noticing these responses in your body without arguing with them. From there, give some room to the the collapse and the warmth, and let the interest gently invite you to stay curious without rushing your next move.",0.0,Mixed / Neutral,"seed_genres=drone,slowcore&target_valence=0.50&target_energy=0.20","Using the Spotify Recommendations API, find one track that feels related to {subject} and matches this emotional profile: primary feel fragile, sinking tone, secondary feel warm, uplifting tone, and coloring curious, exploratory energy. Use these parameters when possible: seed_genres=drone,slowcore&target_valence=0.50&target_energy=0.20. Return the single best matching track.","Atmospheric conditions around {subject} show a dim settling haze interacting with gentle lifting pockets, producing variable patterns. A thin curiosity haze is expected to persist through the period, shaping the overall outlook for this area.",Humility | Bonding | Flexible
Dropping,Joy,Disgust,{{subject}},{{pronoun}},"{{subject}} evokes feelings of a small collapse inside that make you smaller, braided with warm lift and finished by an inner no. It may arrive as a brief dimming of energy alongside the part of you that still wants to track what is happening.

You might begin by simply noticing these responses in your body without arguing with them. From there, give some room to the the collapse and the warmth, and use the the inner no to sort what belongs close and what needs more distance.",-0.4,Gently Negative,"seed_genres=drone,slowcore&target_valence=0.30&target_energy=0.16","Using the Spotify Recommendations API, find one track that feels related to {subject} and matches this emotional profile: primary feel fragile, sinking tone, secondary feel warm, uplifting tone, and coloring harsh, rejecting tone. Use these parameters when possible: seed_genres=drone,slowcore&target_valence=0.30&target_energy=0.16. Return the single best matching track.","Atmospheric conditions around {subject} show a falling pressure system interacting with a mild brightening trend, producing variable patterns. A a thin acidic drift at altitude is expected to persist through the period, shaping the overall outlook for this area.",Humility | Bonding | Decisive
Dropping,Joy,Fear,{{subject}},{{pronoun}},"{{subject}} evokes feelings of a small collapse inside that make you smaller, braided with warm lift and finished by tight caution. It may arrive as a brief dimming of energy alongside the part of you that still wants to track what is happening.

You might begin by simply noticing these responses in your body without arguing with them. From there, give some room to the the collapse and the warmth, and honor the caution by moving in small steps and checking what feels safe as you go.",-0.4,Gently Negative,"seed_genres=drone,slowcore&target_valence=0.30&target_energy=0.16","Using the Spotify Recommendations API, find one track that feels related to {subject} and matches this emotional profile: primary feel fragile, sinking tone, secondary feel warm, uplifting tone, and coloring tense, cautious mood. Use these parameters when possible: seed_genres=drone,slowcore&target_valence=0.30&target_energy=0.16. Return the single best matching track.","Atmospheric conditions around {subject} show a dim settling haze interacting with soft warming air, producing variable patterns. A a cooling shadow line overhead is expected to persist through the period, shaping the overall outlook for this area.",Humility | Bonding | Cautious
Dropping,Joy,Withdrawing,{{subject}},{{pronoun}},"{{subject}} evokes feelings of a small collapse inside that make you smaller, braided with warm lift and finished by a need for space. It may arrive as a brief dimming of energy alongside the part of you that still wants to track what is happening.

You might begin by simply noticing these responses in your body without arguing with them. From there, give some room to the the collapse and the warmth, and honor the the need for space by giving yourself room to breathe before deciding what you want to do.",-0.24,Gently Negative,"seed_genres=drone,slowcore&target_valence=0.38&target_energy=0.18","Using the Spotify Recommendations API, find one track that feels related to {subject} and matches this emotional profile: primary feel fragile, sinking tone, secondary feel warm, uplifting tone, and coloring distant, spacious feeling. Use these parameters when possible: seed_genres=drone,slowcore&target_valence=0.38&target_energy=0.18. Return the single best matching track.","Atmospheric conditions around {subject} show a dim settling haze interacting with a mild brightening trend, producing variable patterns. A an open still band on the horizon is expected to persist through the period, shaping the overall outlook for this area.",Humility | Bonding | Objective
Dropping,Joy,Sadness,{{subject}},{{pronoun}},"{{subject}} evokes feelings of a small collapse inside that make you smaller, braided with warm lift and finished by soft heaviness. It may arrive as a brief dimming of energy alongside the part of you that still wants to track what is happening.

You might begin by simply noticing these responses in your body without arguing with them. From there, give some room to the the collapse and the warmth, and treat the heaviness as a signal to slow down and stay close to what really matters here.",-0.4,Gently Negative,"seed_genres=drone,slowcore&target_valence=0.30&target_energy=0.16","Using the Spotify Recommendations API, find one track that feels related to {subject} and matches this emotional profile: primary feel fragile, sinking tone, secondary feel warm, uplifting tone, and coloring slow, melancholic mood. Use these parameters when possible: seed_genres=drone,slowcore&target_valence=0.30&target_energy=0.16. Return the single best matching track.","Atmospheric conditions around {subject} show a dim settling haze interacting with soft warming air, producing variable patterns. A a soft descending mist layer is expected to persist through the period, shaping the overall outlook for this area.",Humility | Bonding | Tender
Dropping,Joy,Surprise,{{subject}},{{pronoun}},"{{subject}} evokes feelings of a small collapse inside that make you smaller, braided with warm lift and finished by a sharp jolt. It may arrive as a brief dimming of energy alongside the part of you that still wants to track what is happening.

You might begin by simply noticing these responses in your body without arguing with them. From there, give some room to the the collapse and the warmth, and use the the jolt as a brief pause to reset, then decide what pace actually feels right.",-0.2,Gently Negative,"seed_genres=drone,slowcore&target_valence=0.40&target_energy=0.18","Using the Spotify Recommendations API, find one track that feels related to {subject} and matches this emotional profile: primary feel fragile, sinking tone, secondary feel warm, uplifting tone, and coloring sudden, shifting feel. Use these parameters when possible: seed_genres=drone,slowcore&target_valence=0.40&target_energy=0.18. Return the single best matching track.","Atmospheric conditions around {subject} show a falling pressure system interacting with soft warming air, producing variable patterns. A a patchy scattering pattern aloft is expected to persist through the period, shaping the overall outlook for this area.",Humility | Bonding | New
Dropping,Withdrawing,Anger,{{subject}},{{pronoun}},"{{subject}} evokes feelings of a small collapse inside that make you smaller, braided with a need for space and finished by protective heat. It may arrive as a brief dimming of energy alongside the part of you that still wants to track what is happening.

You might begin by simply noticing these responses in your body without arguing with them. From there, give some room to the the collapse and the the need for space, and let the heat help you name what is okay and what is not as you relate to {subject}.",-0.76,Strongly Negative,"seed_genres=drone,slowcore&target_valence=0.12&target_energy=0.12","Using the Spotify Recommendations API, find one track that feels related to {subject} and matches this emotional profile: primary feel fragile, sinking tone, secondary feel distant, spacious feeling, and coloring intense, boundary-protective energy. Use these parameters when possible: seed_genres=drone,slowcore&target_valence=0.12&target_energy=0.12. Return the single best matching track.","Atmospheric conditions around {subject} show a dim settling haze interacting with receding quiet air, producing variable patterns. A a heated residue trailing the system is expected to persist through the period, shaping the overall outlook for this area.",Humility | Retreating | Firm
Dropping,Withdrawing,Curiosity,{{subject}},{{pronoun}},"{{subject}} evokes feelings of a small collapse inside that make you smaller, braided with a need for space and finished by steady interest. It may arrive as a brief dimming of energy alongside the part of you that still wants to track what is happening.

You might begin by simply noticing these responses in your body without arguing with them. From there, give some room to the the collapse and the the need for space, and let the interest gently invite you to stay curious without rushing your next move.",-0.36,Gently Negative,"seed_genres=drone,slowcore&target_valence=0.32&target_energy=0.16","Using the Spotify Recommendations API, find one track that feels related to {subject} and matches this emotional profile: primary feel fragile, sinking tone, secondary feel distant, spacious feeling, and coloring curious, exploratory energy. Use these parameters when possible: seed_genres=drone,slowcore&target_valence=0.32&target_energy=0.16. Return the single best matching track.","Atmospheric conditions around {subject} show a slow cooling pool interacting with expanding empty pockets, producing variable patterns. A thin curiosity haze is expected to persist through the period, shaping the overall outlook for this area.",Humility | Retreating | Flexible
Dropping,Withdrawing,Disgust,{{subject}},{{pronoun}},"{{subject}} evokes feelings of a small collapse inside that make you smaller, braided with a need for space and finished by an inner no. It may arrive as a brief dimming of energy alongside the part of you that still wants to track what is happening.

You might begin by simply noticing these responses in your body without arguing with them. From there, give some room to the the collapse and the the need for space, and use the the inner no to sort what belongs close and what needs more distance.",-0.76,Strongly Negative,"seed_genres=drone,slowcore&target_valence=0.12&target_energy=0.12","Using the Spotify Recommendations API, find one track that feels related to {subject} and matches this emotional profile: primary feel fragile, sinking tone, secondary feel distant, spacious feeling, and coloring harsh, rejecting tone. Use these parameters when possible: seed_genres=drone,slowcore&target_valence=0.12&target_energy=0.12. Return the single best matching track.","Atmospheric conditions around {subject} show a falling pressure system interacting with a broad retreating zone, producing variable patterns. A a sharp edge in the higher air is expected to persist through the period, shaping the overall outlook for this area.",Humility | Retreating | Decisive
Dropping,Withdrawing,Fear,{{subject}},{{pronoun}},"{{subject}} evokes feelings of a small collapse inside that make you smaller, braided with a need for space and finished by tight caution. It may arrive as a brief dimming of energy alongside the part of you that still wants to track what is happening.

You might begin by simply noticing these responses in your body without arguing with them. From there, give some room to the the collapse and the the need for space, and honor the caution by moving in small steps and checking what feels safe as you go.",-0.76,Strongly Negative,"seed_genres=drone,slowcore&target_valence=0.12&target_energy=0.12","Using the Spotify Recommendations API, find one track that feels related to {subject} and matches this emotional profile: primary feel fragile, sinking tone, secondary feel distant, spacious feeling, and coloring tense, cautious mood. Use these parameters when possible: seed_genres=drone,slowcore&target_valence=0.12&target_energy=0.12. Return the single best matching track.","Atmospheric conditions around {subject} show a falling pressure system interacting with a broad retreating zone, producing variable patterns. A a cooling shadow line overhead is expected to persist through the period, shaping the overall outlook for this area.",Humility | Retreating | Cautious
Dropping,Withdrawing,Joy,{{subject}},{{pronoun}},"{{subject}} evokes feelings of a small collapse inside that make you smaller, braided with a need for space and finished by warm lift. It may arrive as a brief dimming of energy alongside the part of you that still wants to track what is happening.

You might begin by simply noticing these responses in your body without arguing with them. From there, give some room to the the collapse and the the need for space, and let the warmth soften the edges so you can stay present without forcing anything.",-0.36,Gently Negative,"seed_genres=drone,slowcore&target_valence=0.32&target_energy=0.16","Using the Spotify Recommendations API, find one track that feels related to {subject} and matches this emotional profile: primary feel fragile, sinking tone, secondary feel distant, spacious feeling, and coloring warm, uplifting tone. Use these parameters when possible: seed_genres=drone,slowcore&target_valence=0.32&target_energy=0.16. Return the single best matching track.","Atmospheric conditions around {subject} show a falling pressure system interacting with a broad retreating zone, producing variable patterns. A a soft warming undercurrent is expected to persist through the period, shaping the overall outlook for this area.",Humility | Retreating | Open
Dropping,Withdrawing,Sadness,{{subject}},{{pronoun}},"{{subject}} evokes feelings of a small collapse inside that make you smaller, braided with a need for space and finished by soft heaviness. It may arrive as a brief dimming of energy alongside the part of you that still wants to track what is happening.

You might begin by simply noticing these responses in your body without arguing with them. From there, give some room to the the collapse and the the need for space, and treat the heaviness as a signal to slow down and stay close to what really matters here.",-0.76,Strongly Negative,"seed_genres=drone,slowcore&target_valence=0.12&target_energy=0.12","Using the Spotify Recommendations API, find one track that feels related to {subject} and matches this emotional profile: primary feel fragile, sinking tone, secondary feel distant, spacious feeling, and coloring slow, melancholic mood. Use these parameters when possible: seed_genres=drone,slowcore&target_valence=0.12&target_energy=0.12. Return the single best matching track.","Atmospheric conditions around {subject} show a dim settling haze interacting with a broad retreating zone, producing variable patterns. A a tender gray overcast above is expected to persist through the period, shaping the overall outlook for this area.",Humility | Retreating | Tender
Dropping,Withdrawing,Surprise,{{subject}},{{pronoun}},"{{subject}} evokes feelings of a small collapse inside that make you smaller, braided with a need for space and finished by a sharp jolt. It may arrive as a brief dimming of energy alongside the part of you that still wants to track what is happening.

You might begin by simply noticing these responses in your body without arguing with them. From there, give some room to the the collapse and the the need for space, and use the the jolt as a brief pause to reset, then decide what pace actually feels right.",-0.56,Strongly Negative,"seed_genres=drone,slowcore&target_valence=0.22&target_energy=0.14","Using the Spotify Recommendations API, find one track that feels related to {subject} and matches this emotional profile: primary feel fragile, sinking tone, secondary feel distant, spacious feeling, and coloring sudden, shifting feel. Use these parameters when possible: seed_genres=drone,slowcore&target_valence=0.22&target_energy=0.14. Return the single best matching track.","Atmospheric conditions around {subject} show a falling pressure system interacting with expanding empty pockets, producing variable patterns. A a brief flicker in the upper air is expected to persist through the period, shaping the overall outlook for this area.",Humility | Retreating | New
Dropping,Sadness,Anger,{{subject}},{{pronoun}},"{{subject}} evokes feelings of a small collapse inside that make you smaller, braided with soft heaviness and finished by protective heat. It may arrive as a brief dimming of energy alongside the part of you that still wants to track what is happening.

You might begin by simply noticing these responses in your body without arguing with them. From there, give some room to the the collapse and the heaviness, and let the heat help you name what is okay and what is not as you relate to {subject}.",-1.0,Strongly Negative,"seed_genres=drone,slowcore&target_valence=0.00&target_energy=0.10","Using the Spotify Recommendations API, find one track that feels related to {subject} and matches this emotional profile: primary feel fragile, sinking tone, secondary feel slow, melancholic mood, and coloring intense, boundary-protective energy. Use these parameters when possible: seed_genres=drone,slowcore&target_valence=0.00&target_energy=0.10. Return the single best matching track.","Atmospheric conditions around {subject} show a dim settling haze interacting with muted rain bands, producing variable patterns. A a thin aggressive echo aloft is expected to persist through the period, shaping the overall outlook for this area.",Humility | Grieving | Firm
Dropping,Sadness,Curiosity,{{subject}},{{pronoun}},"{{subject}} evokes feelings of a small collapse inside that make you smaller, braided with soft heaviness and finished by steady interest. It may arrive as a brief dimming of energy alongside the part of you that still wants to track what is happening.

You might begin by simply noticing these responses in your body without arguing with them. From there, give some room to the the collapse and the heaviness, and let the interest gently invite you to stay curious without rushing your next move.",-0.6000000000000000,Strongly Negative,"seed_genres=drone,slowcore&target_valence=0.20&target_energy=0.14","Using the Spotify Recommendations API, find one track that feels related to {subject} and matches this emotional profile: primary feel fragile, sinking tone, secondary feel slow, melancholic mood, and coloring curious, exploratory energy. Use these parameters when possible: seed_genres=drone,slowcore&target_valence=0.20&target_energy=0.14. Return the single best matching track.","Atmospheric conditions around {subject} show a dim settling haze interacting with slow trailing showers, producing variable patterns. A thin curiosity haze is expected to persist through the period, shaping the overall outlook for this area.",Humility | Grieving | Flexible
Dropping,Sadness,Disgust,{{subject}},{{pronoun}},"{{subject}} evokes feelings of a small collapse inside that make you smaller, braided with soft heaviness and finished by an inner no. It may arrive as a brief dimming of energy alongside the part of you that still wants to track what is happening.

You might begin by simply noticing these responses in your body without arguing with them. From there, give some room to the the collapse and the heaviness, and use the the inner no to sort what belongs close and what needs more distance.",-1.0,Strongly Negative,"seed_genres=drone,slowcore&target_valence=0.00&target_energy=0.10","Using the Spotify Recommendations API, find one track that feels related to {subject} and matches this emotional profile: primary feel fragile, sinking tone, secondary feel slow, melancholic mood, and coloring harsh, rejecting tone. Use these parameters when possible: seed_genres=drone,slowcore&target_valence=0.00&target_energy=0.10. Return the single best matching track.","Atmospheric conditions around {subject} show a dim settling haze interacting with a damp, heavy drift, producing variable patterns. A a sharp edge in the higher air is expected to persist through the period, shaping the overall outlook for this area.",Humility | Grieving | Decisive
Dropping,Sadness,Fear,{{subject}},{{pronoun}},"{{subject}} evokes feelings of a small collapse inside that make you smaller, braided with soft heaviness and finished by tight caution. It may arrive as a brief dimming of energy alongside the part of you that still wants to track what is happening.

You might begin by simply noticing these responses in your body without arguing with them. From there, give some room to the the collapse and the heaviness, and honor the caution by moving in small steps and checking what feels safe as you go.",-1.0,Strongly Negative,"seed_genres=drone,slowcore&target_valence=0.00&target_energy=0.10","Using the Spotify Recommendations API, find one track that feels related to {subject} and matches this emotional profile: primary feel fragile, sinking tone, secondary feel slow, melancholic mood, and coloring tense, cautious mood. Use these parameters when possible: seed_genres=drone,slowcore&target_valence=0.00&target_energy=0.10. Return the single best matching track.","Atmospheric conditions around {subject} show a slow cooling pool interacting with muted rain bands, producing variable patterns. A a cooling shadow line overhead is expected to persist through the period, shaping the overall outlook for this area.",Humility | Grieving | Cautious
Dropping,Sadness,Joy,{{subject}},{{pronoun}},"{{subject}} evokes feelings of a small collapse inside that make you smaller, braided with soft heaviness and finished by warm lift. It may arrive as a brief dimming of energy alongside the part of you that still wants to track what is happening.

You might begin by simply noticing these responses in your body without arguing with them. From there, give some room to the the collapse and the heaviness, and let the warmth soften the edges so you can stay present without forcing anything.",-0.6000000000000000,Strongly Negative,"seed_genres=drone,slowcore&target_valence=0.20&target_energy=0.14","Using the Spotify Recommendations API, find one track that feels related to {subject} and matches this emotional profile: primary feel fragile, sinking tone, secondary feel slow, melancholic mood, and coloring warm, uplifting tone. Use these parameters when possible: seed_genres=drone,slowcore&target_valence=0.20&target_energy=0.14. Return the single best matching track.","Atmospheric conditions around {subject} show a slow cooling pool interacting with muted rain bands, producing variable patterns. A a quiet bright layer above is expected to persist through the period, shaping the overall outlook for this area.",Humility | Grieving | Open
Dropping,Sadness,Withdrawing,{{subject}},{{pronoun}},"{{subject}} evokes feelings of a small collapse inside that make you smaller, braided with soft heaviness and finished by a need for space. It may arrive as a brief dimming of energy alongside the part of you that still wants to track what is happening.

You might begin by simply noticing these responses in your body without arguing with them. From there, give some room to the the collapse and the heaviness, and honor the the need for space by giving yourself room to breathe before deciding what you want to do.",-0.8400000000000000,Strongly Negative,"seed_genres=drone,slowcore&target_valence=0.08&target_energy=0.12","Using the Spotify Recommendations API, find one track that feels related to {subject} and matches this emotional profile: primary feel fragile, sinking tone, secondary feel slow, melancholic mood, and coloring distant, spacious feeling. Use these parameters when possible: seed_genres=drone,slowcore&target_valence=0.08&target_energy=0.12. Return the single best matching track.","Atmospheric conditions around {subject} show a falling pressure system interacting with muted rain bands, producing variable patterns. A an open still band on the horizon is expected to persist through the period, shaping the overall outlook for this area.",Humility | Grieving | Objective
Dropping,Sadness,Surprise,{{subject}},{{pronoun}},"{{subject}} evokes feelings of a small collapse inside that make you smaller, braided with soft heaviness and finished by a sharp jolt. It may arrive as a brief dimming of energy alongside the part of you that still wants to track what is happening.

You might begin by simply noticing these responses in your body without arguing with them. From there, give some room to the the collapse and the heaviness, and use the the jolt as a brief pause to reset, then decide what pace actually feels right.",-0.8,Strongly Negative,"seed_genres=drone,slowcore&target_valence=0.10&target_energy=0.12","Using the Spotify Recommendations API, find one track that feels related to {subject} and matches this emotional profile: primary feel fragile, sinking tone, secondary feel slow, melancholic mood, and coloring sudden, shifting feel. Use these parameters when possible: seed_genres=drone,slowcore&target_valence=0.10&target_energy=0.12. Return the single best matching track.","Atmospheric conditions around {subject} show a slow cooling pool interacting with muted rain bands, producing variable patterns. A a brief flicker in the upper air is expected to persist through the period, shaping the overall outlook for this area.",Humility | Grieving | New
Dropping,Surprise,Anger,{{subject}},{{pronoun}},"{{subject}} evokes feelings of a small collapse inside that make you smaller, braided with a sharp jolt and finished by protective heat. It may arrive as a brief dimming of energy alongside the part of you that still wants to track what is happening.

You might begin by simply noticing these responses in your body without arguing with them. From there, give some room to the the collapse and the the jolt, and let the heat help you name what is okay and what is not as you relate to {subject}.",-0.7,Strongly Negative,"seed_genres=drone,slowcore&target_valence=0.15&target_energy=0.13","Using the Spotify Recommendations API, find one track that feels related to {subject} and matches this emotional profile: primary feel fragile, sinking tone, secondary feel sudden, shifting feel, and coloring intense, boundary-protective energy. Use these parameters when possible: seed_genres=drone,slowcore&target_valence=0.15&target_energy=0.13. Return the single best matching track.","Atmospheric conditions around {subject} show a dim settling haze interacting with scattered short bursts, producing variable patterns. A a thin aggressive echo aloft is expected to persist through the period, shaping the overall outlook for this area.",Humility | Clearing | Firm
Dropping,Surprise,Curiosity,{{subject}},{{pronoun}},"{{subject}} evokes feelings of a small collapse inside that make you smaller, braided with a sharp jolt and finished by steady interest. It may arrive as a brief dimming of energy alongside the part of you that still wants to track what is happening.

You might begin by simply noticing these responses in your body without arguing with them. From there, give some room to the the collapse and the the jolt, and let the interest gently invite you to stay curious without rushing your next move.",-0.3,Gently Negative,"seed_genres=drone,slowcore&target_valence=0.35&target_energy=0.17","Using the Spotify Recommendations API, find one track that feels related to {subject} and matches this emotional profile: primary feel fragile, sinking tone, secondary feel sudden, shifting feel, and coloring curious, exploratory energy. Use these parameters when possible: seed_genres=drone,slowcore&target_valence=0.35&target_energy=0.17. Return the single best matching track.","Atmospheric conditions around {subject} show a dim settling haze interacting with brief unexpected shifts, producing variable patterns. A thin curiosity haze is expected to persist through the period, shaping the overall outlook for this area.",Humility | Clearing | Flexible
Dropping,Surprise,Disgust,{{subject}},{{pronoun}},"{{subject}} evokes feelings of a small collapse inside that make you smaller, braided with a sharp jolt and finished by an inner no. It may arrive as a brief dimming of energy alongside the part of you that still wants to track what is happening.

You might begin by simply noticing these responses in your body without arguing with them. From there, give some room to the the collapse and the the jolt, and use the the inner no to sort what belongs close and what needs more distance.",-0.7,Strongly Negative,"seed_genres=drone,slowcore&target_valence=0.15&target_energy=0.13","Using the Spotify Recommendations API, find one track that feels related to {subject} and matches this emotional profile: primary feel fragile, sinking tone, secondary feel sudden, shifting feel, and coloring harsh, rejecting tone. Use these parameters when possible: seed_genres=drone,slowcore&target_valence=0.15&target_energy=0.13. Return the single best matching track.","Atmospheric conditions around {subject} show a falling pressure system interacting with scattered short bursts, producing variable patterns. A a thin acidic drift at altitude is expected to persist through the period, shaping the overall outlook for this area.",Humility | Clearing | Decisive
Dropping,Surprise,Fear,{{subject}},{{pronoun}},"{{subject}} evokes feelings of a small collapse inside that make you smaller, braided with a sharp jolt and finished by tight caution. It may arrive as a brief dimming of energy alongside the part of you that still wants to track what is happening.

You might begin by simply noticing these responses in your body without arguing with them. From there, give some room to the the collapse and the the jolt, and honor the caution by moving in small steps and checking what feels safe as you go.",-0.7,Strongly Negative,"seed_genres=drone,slowcore&target_valence=0.15&target_energy=0.13","Using the Spotify Recommendations API, find one track that feels related to {subject} and matches this emotional profile: primary feel fragile, sinking tone, secondary feel sudden, shifting feel, and coloring tense, cautious mood. Use these parameters when possible: seed_genres=drone,slowcore&target_valence=0.15&target_energy=0.13. Return the single best matching track.","Atmospheric conditions around {subject} show a slow cooling pool interacting with broken, shifting patches, producing variable patterns. A a cooling shadow line overhead is expected to persist through the period, shaping the overall outlook for this area.",Humility | Clearing | Cautious
Dropping,Surprise,Joy,{{subject}},{{pronoun}},"{{subject}} evokes feelings of a small collapse inside that make you smaller, braided with a sharp jolt and finished by warm lift. It may arrive as a brief dimming of energy alongside the part of you that still wants to track what is happening.

You might begin by simply noticing these responses in your body without arguing with them. From there, give some room to the the collapse and the the jolt, and let the warmth soften the edges so you can stay present without forcing anything.",-0.3,Gently Negative,"seed_genres=drone,slowcore&target_valence=0.35&target_energy=0.17","Using the Spotify Recommendations API, find one track that feels related to {subject} and matches this emotional profile: primary feel fragile, sinking tone, secondary feel sudden, shifting feel, and coloring warm, uplifting tone. Use these parameters when possible: seed_genres=drone,slowcore&target_valence=0.35&target_energy=0.17. Return the single best matching track.","Atmospheric conditions around {subject} show a dim settling haze interacting with scattered short bursts, producing variable patterns. A a soft warming undercurrent is expected to persist through the period, shaping the overall outlook for this area.",Humility | Clearing | Open
Dropping,Surprise,Withdrawing,{{subject}},{{pronoun}},"{{subject}} evokes feelings of a small collapse inside that make you smaller, braided with a sharp jolt and finished by a need for space. It may arrive as a brief dimming of energy alongside the part of you that still wants to track what is happening.

You might begin by simply noticing these responses in your body without arguing with them. From there, give some room to the the collapse and the the jolt, and honor the the need for space by giving yourself room to breathe before deciding what you want to do.",-0.54,Strongly Negative,"seed_genres=drone,slowcore&target_valence=0.23&target_energy=0.15","Using the Spotify Recommendations API, find one track that feels related to {subject} and matches this emotional profile: primary feel fragile, sinking tone, secondary feel sudden, shifting feel, and coloring distant, spacious feeling. Use these parameters when possible: seed_genres=drone,slowcore&target_valence=0.23&target_energy=0.15. Return the single best matching track.","Atmospheric conditions around {subject} show a falling pressure system interacting with broken, shifting patches, producing variable patterns. A an open still band on the horizon is expected to persist through the period, shaping the overall outlook for this area.",Humility | Clearing | Objective
Dropping,Surprise,Sadness,{{subject}},{{pronoun}},"{{subject}} evokes feelings of a small collapse inside that make you smaller, braided with a sharp jolt and finished by soft heaviness. It may arrive as a brief dimming of energy alongside the part of you that still wants to track what is happening.

You might begin by simply noticing these responses in your body without arguing with them. From there, give some room to the the collapse and the the jolt, and treat the heaviness as a signal to slow down and stay close to what really matters here.",-0.7,Strongly Negative,"seed_genres=drone,slowcore&target_valence=0.15&target_energy=0.13","Using the Spotify Recommendations API, find one track that feels related to {subject} and matches this emotional profile: primary feel fragile, sinking tone, secondary feel sudden, shifting feel, and coloring slow, melancholic mood. Use these parameters when possible: seed_genres=drone,slowcore&target_valence=0.15&target_energy=0.13. Return the single best matching track.","Atmospheric conditions around {subject} show a slow cooling pool interacting with brief unexpected shifts, producing variable patterns. A a tender gray overcast above is expected to persist through the period, shaping the overall outlook for this area.",Humility | Clearing | Tender
Fear,Anger,Curiosity,{{subject}},{{pronoun}},"{{subject}} evokes feelings of tight caution that tighten your focus, threaded together with protective heat, then colored by steady interest. It can feel like your body is quietly running a safety check before it commits.

You might begin by simply noticing these responses in your body without arguing with them. From there, give some room to the caution and the heat, and let the interest gently invite you to stay curious without rushing your next move.",-0.6000000000000000,Strongly Negative,"seed_genres=dark-ambient,cinematic&target_valence=0.20&target_energy=0.34","Using the Spotify Recommendations API, find one track that feels related to {subject} and matches this emotional profile: primary feel tense, cautious mood, secondary feel intense, boundary-protective energy, and coloring curious, exploratory energy. Use these parameters when possible: seed_genres=dark-ambient,cinematic&target_valence=0.20&target_energy=0.34. Return the single best matching track.","Atmospheric conditions around {subject} show a tightening pressure zone interacting with a pressing hot strip, producing variable patterns. A a light exploratory shimmer aloft is expected to persist through the period, shaping the overall outlook for this area.",Alert | Defending | Flexible
Fear,Anger,Disgust,{{subject}},{{pronoun}},"{{subject}} evokes feelings of tight caution that tighten your focus, threaded together with protective heat, then colored by an inner no. It can feel like your body is quietly running a safety check before it commits.

You might begin by simply noticing these responses in your body without arguing with them. From there, give some room to the caution and the heat, and use the the inner no to sort what belongs close and what needs more distance.",-1.0,Strongly Negative,"seed_genres=dark-ambient,cinematic&target_valence=0.00&target_energy=0.30","Using the Spotify Recommendations API, find one track that feels related to {subject} and matches this emotional profile: primary feel tense, cautious mood, secondary feel intense, boundary-protective energy, and coloring harsh, rejecting tone. Use these parameters when possible: seed_genres=dark-ambient,cinematic&target_valence=0.00&target_energy=0.30. Return the single best matching track.","Atmospheric conditions around {subject} show a cold cautious draft interacting with a tense, loaded boundary, producing variable patterns. A a thin acidic drift at altitude is expected to persist through the period, shaping the overall outlook for this area.",Alert | Defending | Decisive
Fear,Anger,Dropping,{{subject}},{{pronoun}},"{{subject}} evokes feelings of tight caution that tighten your focus, threaded together with protective heat, then colored by a small collapse inside. It can feel like your body is quietly running a safety check before it commits.

You might begin by simply noticing these responses in your body without arguing with them. From there, give some room to the caution and the heat, and let the the collapse remind you to move gently and offer yourself a bit more support around {subject}.",-1.0,Strongly Negative,"seed_genres=dark-ambient,cinematic&target_valence=0.00&target_energy=0.30","Using the Spotify Recommendations API, find one track that feels related to {subject} and matches this emotional profile: primary feel tense, cautious mood, secondary feel intense, boundary-protective energy, and coloring fragile, sinking tone. Use these parameters when possible: seed_genres=dark-ambient,cinematic&target_valence=0.00&target_energy=0.30. Return the single best matching track.","Atmospheric conditions around {subject} show a tightening pressure zone interacting with a tense, loaded boundary, producing variable patterns. A a settling hush near the ground is expected to persist through the period, shaping the overall outlook for this area.",Alert | Defending | Quiet
Fear,Anger,Joy,{{subject}},{{pronoun}},"{{subject}} evokes feelings of tight caution that tighten your focus, threaded together with protective heat, then colored by warm lift. It can feel like your body is quietly running a safety check before it commits.

You might begin by simply noticing these responses in your body without arguing with them. From there, give some room to the caution and the heat, and let the warmth soften the edges so you can stay present without forcing anything.",-0.6000000000000000,Strongly Negative,"seed_genres=dark-ambient,cinematic&target_valence=0.20&target_energy=0.34","Using the Spotify Recommendations API, find one track that feels related to {subject} and matches this emotional profile: primary feel tense, cautious mood, secondary feel intense, boundary-protective energy, and coloring warm, uplifting tone. Use these parameters when possible: seed_genres=dark-ambient,cinematic&target_valence=0.20&target_energy=0.34. Return the single best matching track.","Atmospheric conditions around {subject} show a low visibility field interacting with a tense, loaded boundary, producing variable patterns. A a quiet bright layer above is expected to persist through the period, shaping the overall outlook for this area.",Alert | Defending | Open
Fear,Anger,Withdrawing,{{subject}},{{pronoun}},"{{subject}} evokes feelings of tight caution that tighten your focus, threaded together with protective heat, then colored by a need for space. It can feel like your body is quietly running a safety check before it commits.

You might begin by simply noticing these responses in your body without arguing with them. From there, give some room to the caution and the heat, and honor the the need for space by giving yourself room to breathe before deciding what you want to do.",-0.8400000000000000,Strongly Negative,"seed_genres=dark-ambient,cinematic&target_valence=0.08&target_energy=0.32","Using the Spotify Recommendations API, find one track that feels related to {subject} and matches this emotional profile: primary feel tense, cautious mood, secondary feel intense, boundary-protective energy, and coloring distant, spacious feeling. Use these parameters when possible: seed_genres=dark-ambient,cinematic&target_valence=0.08&target_energy=0.32. Return the single best matching track.","Atmospheric conditions around {subject} show a tightening pressure zone interacting with a tense, loaded boundary, producing variable patterns. A an open still band on the horizon is expected to persist through the period, shaping the overall outlook for this area.",Alert | Defending | Objective
Fear,Anger,Sadness,{{subject}},{{pronoun}},"{{subject}} evokes feelings of tight caution that tighten your focus, threaded together with protective heat, then colored by soft heaviness. It can feel like your body is quietly running a safety check before it commits.

You might begin by simply noticing these responses in your body without arguing with them. From there, give some room to the caution and the heat, and treat the heaviness as a signal to slow down and stay close to what really matters here.",-1.0,Strongly Negative,"seed_genres=dark-ambient,cinematic&target_valence=0.00&target_energy=0.30","Using the Spotify Recommendations API, find one track that feels related to {subject} and matches this emotional profile: primary feel tense, cautious mood, secondary feel intense, boundary-protective energy, and coloring slow, melancholic mood. Use these parameters when possible: seed_genres=dark-ambient,cinematic&target_valence=0.00&target_energy=0.30. Return the single best matching track.","Atmospheric conditions around {subject} show a low visibility field interacting with a tense, loaded boundary, producing variable patterns. A a soft descending mist layer is expected to persist through the period, shaping the overall outlook for this area.",Alert | Defending | Tender
Fear,Anger,Surprise,{{subject}},{{pronoun}},"{{subject}} evokes feelings of tight caution that tighten your focus, threaded together with protective heat, then colored by a sharp jolt. It can feel like your body is quietly running a safety check before it commits.

You might begin by simply noticing these responses in your body without arguing with them. From there, give some room to the caution and the heat, and use the the jolt as a brief pause to reset, then decide what pace actually feels right.",-0.8,Strongly Negative,"seed_genres=dark-ambient,cinematic&target_valence=0.10&target_energy=0.32","Using the Spotify Recommendations API, find one track that feels related to {subject} and matches this emotional profile: primary feel tense, cautious mood, secondary feel intense, boundary-protective energy, and coloring sudden, shifting feel. Use these parameters when possible: seed_genres=dark-ambient,cinematic&target_valence=0.10&target_energy=0.32. Return the single best matching track.","Atmospheric conditions around {subject} show a tightening pressure zone interacting with a sharp heated edge, producing variable patterns. A a patchy scattering pattern aloft is expected to persist through the period, shaping the overall outlook for this area.",Alert | Defending | New
Fear,Curiosity,Anger,{{subject}},{{pronoun}},"{{subject}} evokes feelings of tight caution that tighten your focus, threaded together with steady interest, then colored by protective heat. It can feel like your body is quietly running a safety check before it commits.

You might begin by simply noticing these responses in your body without arguing with them. From there, give some room to the caution and the interest, and let the heat help you name what is okay and what is not as you relate to {subject}.",-0.4,Gently Negative,"seed_genres=dark-ambient,cinematic&target_valence=0.30&target_energy=0.36","Using the Spotify Recommendations API, find one track that feels related to {subject} and matches this emotional profile: primary feel tense, cautious mood, secondary feel curious, exploratory energy, and coloring intense, boundary-protective energy. Use these parameters when possible: seed_genres=dark-ambient,cinematic&target_valence=0.30&target_energy=0.36. Return the single best matching track.","Atmospheric conditions around {subject} show a low visibility field interacting with light curious drift, producing variable patterns. A a heated residue trailing the system is expected to persist through the period, shaping the overall outlook for this area.",Alert | Exploring | Firm
Fear,Curiosity,Disgust,{{subject}},{{pronoun}},"{{subject}} evokes feelings of tight caution that tighten your focus, threaded together with steady interest, then colored by an inner no. It can feel like your body is quietly running a safety check before it commits.

You might begin by simply noticing these responses in your body without arguing with them. From there, give some room to the caution and the interest, and use the the inner no to sort what belongs close and what needs more distance.",-0.4,Gently Negative,"seed_genres=dark-ambient,cinematic&target_valence=0.30&target_energy=0.36","Using the Spotify Recommendations API, find one track that feels related to {subject} and matches this emotional profile: primary feel tense, cautious mood, secondary feel curious, exploratory energy, and coloring harsh, rejecting tone. Use these parameters when possible: seed_genres=dark-ambient,cinematic&target_valence=0.30&target_energy=0.36. Return the single best matching track.","Atmospheric conditions around {subject} show a cold cautious draft interacting with light curious drift, producing variable patterns. A a thin acidic drift at altitude is expected to persist through the period, shaping the overall outlook for this area.",Alert | Exploring | Decisive
Fear,Curiosity,Dropping,{{subject}},{{pronoun}},"{{subject}} evokes feelings of tight caution that tighten your focus, threaded together with steady interest, then colored by a small collapse inside. It can feel like your body is quietly running a safety check before it commits.

You might begin by simply noticing these responses in your body without arguing with them. From there, give some room to the caution and the interest, and let the the collapse remind you to move gently and offer yourself a bit more support around {subject}.",-0.4,Gently Negative,"seed_genres=dark-ambient,cinematic&target_valence=0.30&target_energy=0.36","Using the Spotify Recommendations API, find one track that feels related to {subject} and matches this emotional profile: primary feel tense, cautious mood, secondary feel curious, exploratory energy, and coloring fragile, sinking tone. Use these parameters when possible: seed_genres=dark-ambient,cinematic&target_valence=0.30&target_energy=0.36. Return the single best matching track.","Atmospheric conditions around {subject} show a tightening pressure zone interacting with restless tilting currents, producing variable patterns. A a settling hush near the ground is expected to persist through the period, shaping the overall outlook for this area.",Alert | Exploring | Quiet
Fear,Curiosity,Joy,{{subject}},{{pronoun}},"{{subject}} evokes feelings of tight caution that tighten your focus, threaded together with steady interest, then colored by warm lift. It can feel like your body is quietly running a safety check before it commits.

You might begin by simply noticing these responses in your body without arguing with them. From there, give some room to the caution and the interest, and let the warmth soften the edges so you can stay present without forcing anything.",0.0,Mixed / Neutral,"seed_genres=dark-ambient,cinematic&target_valence=0.50&target_energy=0.40","Using the Spotify Recommendations API, find one track that feels related to {subject} and matches this emotional profile: primary feel tense, cautious mood, secondary feel curious, exploratory energy, and coloring warm, uplifting tone. Use these parameters when possible: seed_genres=dark-ambient,cinematic&target_valence=0.50&target_energy=0.40. Return the single best matching track.","Atmospheric conditions around {subject} show a low visibility field interacting with restless tilting currents, producing variable patterns. A a quiet bright layer above is expected to persist through the period, shaping the overall outlook for this area.",Alert | Exploring | Open
Fear,Curiosity,Withdrawing,{{subject}},{{pronoun}},"{{subject}} evokes feelings of tight caution that tighten your focus, threaded together with steady interest, then colored by a need for space. It can feel like your body is quietly running a safety check before it commits.

You might begin by simply noticing these responses in your body without arguing with them. From there, give some room to the caution and the interest, and honor the the need for space by giving yourself room to breathe before deciding what you want to do.",-0.24,Gently Negative,"seed_genres=dark-ambient,cinematic&target_valence=0.38&target_energy=0.38","Using the Spotify Recommendations API, find one track that feels related to {subject} and matches this emotional profile: primary feel tense, cautious mood, secondary feel curious, exploratory energy, and coloring distant, spacious feeling. Use these parameters when possible: seed_genres=dark-ambient,cinematic&target_valence=0.38&target_energy=0.38. Return the single best matching track.","Atmospheric conditions around {subject} show a cold cautious draft interacting with light curious drift, producing variable patterns. A an open still band on the horizon is expected to persist through the period, shaping the overall outlook for this area.",Alert | Exploring | Objective
Fear,Curiosity,Sadness,{{subject}},{{pronoun}},"{{subject}} evokes feelings of tight caution that tighten your focus, threaded together with steady interest, then colored by soft heaviness. It can feel like your body is quietly running a safety check before it commits.

You might begin by simply noticing these responses in your body without arguing with them. From there, give some room to the caution and the interest, and treat the heaviness as a signal to slow down and stay close to what really matters here.",-0.4,Gently Negative,"seed_genres=dark-ambient,cinematic&target_valence=0.30&target_energy=0.36","Using the Spotify Recommendations API, find one track that feels related to {subject} and matches this emotional profile: primary feel tense, cautious mood, secondary feel curious, exploratory energy, and coloring slow, melancholic mood. Use these parameters when possible: seed_genres=dark-ambient,cinematic&target_valence=0.30&target_energy=0.36. Return the single best matching track.","Atmospheric conditions around {subject} show a cold cautious draft interacting with patchy exploratory flow, producing variable patterns. A a soft descending mist layer is expected to persist through the period, shaping the overall outlook for this area.",Alert | Exploring | Tender
Fear,Curiosity,Surprise,{{subject}},{{pronoun}},"{{subject}} evokes feelings of tight caution that tighten your focus, threaded together with steady interest, then colored by a sharp jolt. It can feel like your body is quietly running a safety check before it commits.

You might begin by simply noticing these responses in your body without arguing with them. From there, give some room to the caution and the interest, and use the the jolt as a brief pause to reset, then decide what pace actually feels right.",-0.2,Gently Negative,"seed_genres=dark-ambient,cinematic&target_valence=0.40&target_energy=0.38","Using the Spotify Recommendations API, find one track that feels related to {subject} and matches this emotional profile: primary feel tense, cautious mood, secondary feel curious, exploratory energy, and coloring sudden, shifting feel. Use these parameters when possible: seed_genres=dark-ambient,cinematic&target_valence=0.40&target_energy=0.38. Return the single best matching track.","Atmospheric conditions around {subject} show a tightening pressure zone interacting with light curious drift, producing variable patterns. A a brief flicker in the upper air is expected to persist through the period, shaping the overall outlook for this area.",Alert | Exploring | New
Fear,Disgust,Anger,{{subject}},{{pronoun}},"{{subject}} evokes feelings of tight caution that tighten your focus, threaded together with an inner no, then colored by protective heat. It can feel like your body is quietly running a safety check before it commits.

You might begin by simply noticing these responses in your body without arguing with them. From there, give some room to the caution and the the inner no, and let the heat help you name what is okay and what is not as you relate to {subject}.",-1.0,Strongly Negative,"seed_genres=dark-ambient,cinematic&target_valence=0.00&target_energy=0.30","Using the Spotify Recommendations API, find one track that feels related to {subject} and matches this emotional profile: primary feel tense, cautious mood, secondary feel harsh, rejecting tone, and coloring intense, boundary-protective energy. Use these parameters when possible: seed_genres=dark-ambient,cinematic&target_valence=0.00&target_energy=0.30. Return the single best matching track.","Atmospheric conditions around {subject} show a cold cautious draft interacting with irregular abrasive currents, producing variable patterns. A a heated residue trailing the system is expected to persist through the period, shaping the overall outlook for this area.",Alert | Rejecting | Firm
Fear,Disgust,Curiosity,{{subject}},{{pronoun}},"{{subject}} evokes feelings of tight caution that tighten your focus, threaded together with an inner no, then colored by steady interest. It can feel like your body is quietly running a safety check before it commits.

You might begin by simply noticing these responses in your body without arguing with them. From there, give some room to the caution and the the inner no, and let the interest gently invite you to stay curious without rushing your next move.",-0.6000000000000000,Strongly Negative,"seed_genres=dark-ambient,cinematic&target_valence=0.20&target_energy=0.34","Using the Spotify Recommendations API, find one track that feels related to {subject} and matches this emotional profile: primary feel tense, cautious mood, secondary feel harsh, rejecting tone, and coloring curious, exploratory energy. Use these parameters when possible: seed_genres=dark-ambient,cinematic&target_valence=0.20&target_energy=0.34. Return the single best matching track.","Atmospheric conditions around {subject} show a low visibility field interacting with harsh particulate air, producing variable patterns. A a light exploratory shimmer aloft is expected to persist through the period, shaping the overall outlook for this area.",Alert | Rejecting | Flexible
Fear,Disgust,Dropping,{{subject}},{{pronoun}},"{{subject}} evokes feelings of tight caution that tighten your focus, threaded together with an inner no, then colored by a small collapse inside. It can feel like your body is quietly running a safety check before it commits.

You might begin by simply noticing these responses in your body without arguing with them. From there, give some room to the caution and the the inner no, and let the the collapse remind you to move gently and offer yourself a bit more support around {subject}.",-1.0,Strongly Negative,"seed_genres=dark-ambient,cinematic&target_valence=0.00&target_energy=0.30","Using the Spotify Recommendations API, find one track that feels related to {subject} and matches this emotional profile: primary feel tense, cautious mood, secondary feel harsh, rejecting tone, and coloring fragile, sinking tone. Use these parameters when possible: seed_genres=dark-ambient,cinematic&target_valence=0.00&target_energy=0.30. Return the single best matching track.","Atmospheric conditions around {subject} show a tightening pressure zone interacting with harsh particulate air, producing variable patterns. A a low dim undertone in the field is expected to persist through the period, shaping the overall outlook for this area.",Alert | Rejecting | Quiet
Fear,Disgust,Joy,{{subject}},{{pronoun}},"{{subject}} evokes feelings of tight caution that tighten your focus, threaded together with an inner no, then colored by warm lift. It can feel like your body is quietly running a safety check before it commits.

You might begin by simply noticing these responses in your body without arguing with them. From there, give some room to the caution and the the inner no, and let the warmth soften the edges so you can stay present without forcing anything.",-0.6000000000000000,Strongly Negative,"seed_genres=dark-ambient,cinematic&target_valence=0.20&target_energy=0.34","Using the Spotify Recommendations API, find one track that feels related to {subject} and matches this emotional profile: primary feel tense, cautious mood, secondary feel harsh, rejecting tone, and coloring warm, uplifting tone. Use these parameters when possible: seed_genres=dark-ambient,cinematic&target_valence=0.20&target_energy=0.34. Return the single best matching track.","Atmospheric conditions around {subject} show a cold cautious draft interacting with a coarse turning gust, producing variable patterns. A a quiet bright layer above is expected to persist through the period, shaping the overall outlook for this area.",Alert | Rejecting | Open
Fear,Disgust,Withdrawing,{{subject}},{{pronoun}},"{{subject}} evokes feelings of tight caution that tighten your focus, threaded together with an inner no, then colored by a need for space. It can feel like your body is quietly running a safety check before it commits.

You might begin by simply noticing these responses in your body without arguing with them. From there, give some room to the caution and the the inner no, and honor the the need for space by giving yourself room to breathe before deciding what you want to do.",-0.8400000000000000,Strongly Negative,"seed_genres=dark-ambient,cinematic&target_valence=0.08&target_energy=0.32","Using the Spotify Recommendations API, find one track that feels related to {subject} and matches this emotional profile: primary feel tense, cautious mood, secondary feel harsh, rejecting tone, and coloring distant, spacious feeling. Use these parameters when possible: seed_genres=dark-ambient,cinematic&target_valence=0.08&target_energy=0.32. Return the single best matching track.","Atmospheric conditions around {subject} show a low visibility field interacting with a coarse turning gust, producing variable patterns. A an open still band on the horizon is expected to persist through the period, shaping the overall outlook for this area.",Alert | Rejecting | Objective
Fear,Disgust,Sadness,{{subject}},{{pronoun}},"{{subject}} evokes feelings of tight caution that tighten your focus, threaded together with an inner no, then colored by soft heaviness. It can feel like your body is quietly running a safety check before it commits.

You might begin by simply noticing these responses in your body without arguing with them. From there, give some room to the caution and the the inner no, and treat the heaviness as a signal to slow down and stay close to what really matters here.",-1.0,Strongly Negative,"seed_genres=dark-ambient,cinematic&target_valence=0.00&target_energy=0.30","Using the Spotify Recommendations API, find one track that feels related to {subject} and matches this emotional profile: primary feel tense, cautious mood, secondary feel harsh, rejecting tone, and coloring slow, melancholic mood. Use these parameters when possible: seed_genres=dark-ambient,cinematic&target_valence=0.00&target_energy=0.30. Return the single best matching track.","Atmospheric conditions around {subject} show a tightening pressure zone interacting with harsh particulate air, producing variable patterns. A a tender gray overcast above is expected to persist through the period, shaping the overall outlook for this area.",Alert | Rejecting | Tender
Fear,Disgust,Surprise,{{subject}},{{pronoun}},"{{subject}} evokes feelings of tight caution that tighten your focus, threaded together with an inner no, then colored by a sharp jolt. It can feel like your body is quietly running a safety check before it commits.

You might begin by simply noticing these responses in your body without arguing with them. From there, give some room to the caution and the the inner no, and use the the jolt as a brief pause to reset, then decide what pace actually feels right.",-0.8,Strongly Negative,"seed_genres=dark-ambient,cinematic&target_valence=0.10&target_energy=0.32","Using the Spotify Recommendations API, find one track that feels related to {subject} and matches this emotional profile: primary feel tense, cautious mood, secondary feel harsh, rejecting tone, and coloring sudden, shifting feel. Use these parameters when possible: seed_genres=dark-ambient,cinematic&target_valence=0.10&target_energy=0.32. Return the single best matching track.","Atmospheric conditions around {subject} show a low visibility field interacting with harsh particulate air, producing variable patterns. A a patchy scattering pattern aloft is expected to persist through the period, shaping the overall outlook for this area.",Alert | Rejecting | New
Fear,Dropping,Anger,{{subject}},{{pronoun}},"{{subject}} evokes feelings of tight caution that tighten your focus, threaded together with a small collapse inside, then colored by protective heat. It can feel like your body is quietly running a safety check before it commits.

You might begin by simply noticing these responses in your body without arguing with them. From there, give some room to the caution and the the collapse, and let the heat help you name what is okay and what is not as you relate to {subject}.",-1.0,Strongly Negative,"seed_genres=dark-ambient,cinematic&target_valence=0.00&target_energy=0.30","Using the Spotify Recommendations API, find one track that feels related to {subject} and matches this emotional profile: primary feel tense, cautious mood, secondary feel fragile, sinking tone, and coloring intense, boundary-protective energy. Use these parameters when possible: seed_genres=dark-ambient,cinematic&target_valence=0.00&target_energy=0.30. Return the single best matching track.","Atmospheric conditions around {subject} show a tightening pressure zone interacting with sinking trailing clouds, producing variable patterns. A a thin aggressive echo aloft is expected to persist through the period, shaping the overall outlook for this area.",Alert | Yielding | Firm
Fear,Dropping,Curiosity,{{subject}},{{pronoun}},"{{subject}} evokes feelings of tight caution that tighten your focus, threaded together with a small collapse inside, then colored by steady interest. It can feel like your body is quietly running a safety check before it commits.

You might begin by simply noticing these responses in your body without arguing with them. From there, give some room to the caution and the the collapse, and let the interest gently invite you to stay curious without rushing your next move.",-0.6000000000000000,Strongly Negative,"seed_genres=dark-ambient,cinematic&target_valence=0.20&target_energy=0.34","Using the Spotify Recommendations API, find one track that feels related to {subject} and matches this emotional profile: primary feel tense, cautious mood, secondary feel fragile, sinking tone, and coloring curious, exploratory energy. Use these parameters when possible: seed_genres=dark-ambient,cinematic&target_valence=0.20&target_energy=0.34. Return the single best matching track.","Atmospheric conditions around {subject} show a cold cautious draft interacting with sinking trailing clouds, producing variable patterns. A thin curiosity haze is expected to persist through the period, shaping the overall outlook for this area.",Alert | Yielding | Flexible
Fear,Dropping,Disgust,{{subject}},{{pronoun}},"{{subject}} evokes feelings of tight caution that tighten your focus, threaded together with a small collapse inside, then colored by an inner no. It can feel like your body is quietly running a safety check before it commits.

You might begin by simply noticing these responses in your body without arguing with them. From there, give some room to the caution and the the collapse, and use the the inner no to sort what belongs close and what needs more distance.",-1.0,Strongly Negative,"seed_genres=dark-ambient,cinematic&target_valence=0.00&target_energy=0.30","Using the Spotify Recommendations API, find one track that feels related to {subject} and matches this emotional profile: primary feel tense, cautious mood, secondary feel fragile, sinking tone, and coloring harsh, rejecting tone. Use these parameters when possible: seed_genres=dark-ambient,cinematic&target_valence=0.00&target_energy=0.30. Return the single best matching track.","Atmospheric conditions around {subject} show a low visibility field interacting with sinking trailing clouds, producing variable patterns. A a thin acidic drift at altitude is expected to persist through the period, shaping the overall outlook for this area.",Alert | Yielding | Decisive
Fear,Dropping,Joy,{{subject}},{{pronoun}},"{{subject}} evokes feelings of tight caution that tighten your focus, threaded together with a small collapse inside, then colored by warm lift. It can feel like your body is quietly running a safety check before it commits.

You might begin by simply noticing these responses in your body without arguing with them. From there, give some room to the caution and the the collapse, and let the warmth soften the edges so you can stay present without forcing anything.",-0.6000000000000000,Strongly Negative,"seed_genres=dark-ambient,cinematic&target_valence=0.20&target_energy=0.34","Using the Spotify Recommendations API, find one track that feels related to {subject} and matches this emotional profile: primary feel tense, cautious mood, secondary feel fragile, sinking tone, and coloring warm, uplifting tone. Use these parameters when possible: seed_genres=dark-ambient,cinematic&target_valence=0.20&target_energy=0.34. Return the single best matching track.","Atmospheric conditions around {subject} show a tightening pressure zone interacting with a fading underside layer, producing variable patterns. A a quiet bright layer above is expected to persist through the period, shaping the overall outlook for this area.",Alert | Yielding | Open
Fear,Dropping,Withdrawing,{{subject}},{{pronoun}},"{{subject}} evokes feelings of tight caution that tighten your focus, threaded together with a small collapse inside, then colored by a need for space. It can feel like your body is quietly running a safety check before it commits.

You might begin by simply noticing these responses in your body without arguing with them. From there, give some room to the caution and the the collapse, and honor the the need for space by giving yourself room to breathe before deciding what you want to do.",-0.8400000000000000,Strongly Negative,"seed_genres=dark-ambient,cinematic&target_valence=0.08&target_energy=0.32","Using the Spotify Recommendations API, find one track that feels related to {subject} and matches this emotional profile: primary feel tense, cautious mood, secondary feel fragile, sinking tone, and coloring distant, spacious feeling. Use these parameters when possible: seed_genres=dark-ambient,cinematic&target_valence=0.08&target_energy=0.32. Return the single best matching track.","Atmospheric conditions around {subject} show a cold cautious draft interacting with a fading underside layer, producing variable patterns. A a broad quiet layer at the margins is expected to persist through the period, shaping the overall outlook for this area.",Alert | Yielding | Objective
Fear,Dropping,Sadness,{{subject}},{{pronoun}},"{{subject}} evokes feelings of tight caution that tighten your focus, threaded together with a small collapse inside, then colored by soft heaviness. It can feel like your body is quietly running a safety check before it commits.

You might begin by simply noticing these responses in your body without arguing with them. From there, give some room to the caution and the the collapse, and treat the heaviness as a signal to slow down and stay close to what really matters here.",-1.0,Strongly Negative,"seed_genres=dark-ambient,cinematic&target_valence=0.00&target_energy=0.30","Using the Spotify Recommendations API, find one track that feels related to {subject} and matches this emotional profile: primary feel tense, cautious mood, secondary feel fragile, sinking tone, and coloring slow, melancholic mood. Use these parameters when possible: seed_genres=dark-ambient,cinematic&target_valence=0.00&target_energy=0.30. Return the single best matching track.","Atmospheric conditions around {subject} show a cold cautious draft interacting with a fading underside layer, producing variable patterns. A a tender gray overcast above is expected to persist through the period, shaping the overall outlook for this area.",Alert | Yielding | Tender
Fear,Dropping,Surprise,{{subject}},{{pronoun}},"{{subject}} evokes feelings of tight caution that tighten your focus, threaded together with a small collapse inside, then colored by a sharp jolt. It can feel like your body is quietly running a safety check before it commits.

You might begin by simply noticing these responses in your body without arguing with them. From there, give some room to the caution and the the collapse, and use the the jolt as a brief pause to reset, then decide what pace actually feels right.",-0.8,Strongly Negative,"seed_genres=dark-ambient,cinematic&target_valence=0.10&target_energy=0.32","Using the Spotify Recommendations API, find one track that feels related to {subject} and matches this emotional profile: primary feel tense, cautious mood, secondary feel fragile, sinking tone, and coloring sudden, shifting feel. Use these parameters when possible: seed_genres=dark-ambient,cinematic&target_valence=0.10&target_energy=0.32. Return the single best matching track.","Atmospheric conditions around {subject} show a tightening pressure zone interacting with sinking trailing clouds, producing variable patterns. A a patchy scattering pattern aloft is expected to persist through the period, shaping the overall outlook for this area.",Alert | Yielding | New
Fear,Joy,Anger,{{subject}},{{pronoun}},"{{subject}} evokes feelings of tight caution that tighten your focus, threaded together with warm lift, then colored by protective heat. It can feel like your body is quietly running a safety check before it commits.

You might begin by simply noticing these responses in your body without arguing with them. From there, give some room to the caution and the warmth, and let the heat help you name what is okay and what is not as you relate to {subject}.",-0.4,Gently Negative,"seed_genres=dark-ambient,cinematic&target_valence=0.30&target_energy=0.36","Using the Spotify Recommendations API, find one track that feels related to {subject} and matches this emotional profile: primary feel tense, cautious mood, secondary feel warm, uplifting tone, and coloring intense, boundary-protective energy. Use these parameters when possible: seed_genres=dark-ambient,cinematic&target_valence=0.30&target_energy=0.36. Return the single best matching track.","Atmospheric conditions around {subject} show a tightening pressure zone interacting with soft warming air, producing variable patterns. A a heated residue trailing the system is expected to persist through the period, shaping the overall outlook for this area.",Alert | Bonding | Firm
Fear,Joy,Curiosity,{{subject}},{{pronoun}},"{{subject}} evokes feelings of tight caution that tighten your focus, threaded together with warm lift, then colored by steady interest. It can feel like your body is quietly running a safety check before it commits.

You might begin by simply noticing these responses in your body without arguing with them. From there, give some room to the caution and the warmth, and let the interest gently invite you to stay curious without rushing your next move.",0.0,Mixed / Neutral,"seed_genres=dark-ambient,cinematic&target_valence=0.50&target_energy=0.40","Using the Spotify Recommendations API, find one track that feels related to {subject} and matches this emotional profile: primary feel tense, cautious mood, secondary feel warm, uplifting tone, and coloring curious, exploratory energy. Use these parameters when possible: seed_genres=dark-ambient,cinematic&target_valence=0.50&target_energy=0.40. Return the single best matching track.","Atmospheric conditions around {subject} show a tightening pressure zone interacting with gentle lifting pockets, producing variable patterns. A thin curiosity haze is expected to persist through the period, shaping the overall outlook for this area.",Alert | Bonding | Flexible
Fear,Joy,Disgust,{{subject}},{{pronoun}},"{{subject}} evokes feelings of tight caution that tighten your focus, threaded together with warm lift, then colored by an inner no. It can feel like your body is quietly running a safety check before it commits.

You might begin by simply noticing these responses in your body without arguing with them. From there, give some room to the caution and the warmth, and use the the inner no to sort what belongs close and what needs more distance.",-0.4,Gently Negative,"seed_genres=dark-ambient,cinematic&target_valence=0.30&target_energy=0.36","Using the Spotify Recommendations API, find one track that feels related to {subject} and matches this emotional profile: primary feel tense, cautious mood, secondary feel warm, uplifting tone, and coloring harsh, rejecting tone. Use these parameters when possible: seed_genres=dark-ambient,cinematic&target_valence=0.30&target_energy=0.36. Return the single best matching track.","Atmospheric conditions around {subject} show a low visibility field interacting with soft warming air, producing variable patterns. A a sharp edge in the higher air is expected to persist through the period, shaping the overall outlook for this area.",Alert | Bonding | Decisive
Fear,Joy,Dropping,{{subject}},{{pronoun}},"{{subject}} evokes feelings of tight caution that tighten your focus, threaded together with warm lift, then colored by a small collapse inside. It can feel like your body is quietly running a safety check before it commits.

You might begin by simply noticing these responses in your body without arguing with them. From there, give some room to the caution and the warmth, and let the the collapse remind you to move gently and offer yourself a bit more support around {subject}.",-0.4,Gently Negative,"seed_genres=dark-ambient,cinematic&target_valence=0.30&target_energy=0.36","Using the Spotify Recommendations API, find one track that feels related to {subject} and matches this emotional profile: primary feel tense, cautious mood, secondary feel warm, uplifting tone, and coloring fragile, sinking tone. Use these parameters when possible: seed_genres=dark-ambient,cinematic&target_valence=0.30&target_energy=0.36. Return the single best matching track.","Atmospheric conditions around {subject} show a tightening pressure zone interacting with gentle lifting pockets, producing variable patterns. A a settling hush near the ground is expected to persist through the period, shaping the overall outlook for this area.",Alert | Bonding | Quiet
Fear,Joy,Withdrawing,{{subject}},{{pronoun}},"{{subject}} evokes feelings of tight caution that tighten your focus, threaded together with warm lift, then colored by a need for space. It can feel like your body is quietly running a safety check before it commits.

You might begin by simply noticing these responses in your body without arguing with them. From there, give some room to the caution and the warmth, and honor the the need for space by giving yourself room to breathe before deciding what you want to do.",-0.24,Gently Negative,"seed_genres=dark-ambient,cinematic&target_valence=0.38&target_energy=0.38","Using the Spotify Recommendations API, find one track that feels related to {subject} and matches this emotional profile: primary feel tense, cautious mood, secondary feel warm, uplifting tone, and coloring distant, spacious feeling. Use these parameters when possible: seed_genres=dark-ambient,cinematic&target_valence=0.38&target_energy=0.38. Return the single best matching track.","Atmospheric conditions around {subject} show a cold cautious draft interacting with soft warming air, producing variable patterns. A a broad quiet layer at the margins is expected to persist through the period, shaping the overall outlook for this area.",Alert | Bonding | Objective
Fear,Joy,Sadness,{{subject}},{{pronoun}},"{{subject}} evokes feelings of tight caution that tighten your focus, threaded together with warm lift, then colored by soft heaviness. It can feel like your body is quietly running a safety check before it commits.

You might begin by simply noticing these responses in your body without arguing with them. From there, give some room to the caution and the warmth, and treat the heaviness as a signal to slow down and stay close to what really matters here.",-0.4,Gently Negative,"seed_genres=dark-ambient,cinematic&target_valence=0.30&target_energy=0.36","Using the Spotify Recommendations API, find one track that feels related to {subject} and matches this emotional profile: primary feel tense, cautious mood, secondary feel warm, uplifting tone, and coloring slow, melancholic mood. Use these parameters when possible: seed_genres=dark-ambient,cinematic&target_valence=0.30&target_energy=0.36. Return the single best matching track.","Atmospheric conditions around {subject} show a cold cautious draft interacting with soft warming air, producing variable patterns. A a soft descending mist layer is expected to persist through the period, shaping the overall outlook for this area.",Alert | Bonding | Tender
Fear,Joy,Surprise,{{subject}},{{pronoun}},"{{subject}} evokes feelings of tight caution that tighten your focus, threaded together with warm lift, then colored by a sharp jolt. It can feel like your body is quietly running a safety check before it commits.

You might begin by simply noticing these responses in your body without arguing with them. From there, give some room to the caution and the warmth, and use the the jolt as a brief pause to reset, then decide what pace actually feels right.",-0.2,Gently Negative,"seed_genres=dark-ambient,cinematic&target_valence=0.40&target_energy=0.38","Using the Spotify Recommendations API, find one track that feels related to {subject} and matches this emotional profile: primary feel tense, cautious mood, secondary feel warm, uplifting tone, and coloring sudden, shifting feel. Use these parameters when possible: seed_genres=dark-ambient,cinematic&target_valence=0.40&target_energy=0.38. Return the single best matching track.","Atmospheric conditions around {subject} show a low visibility field interacting with gentle lifting pockets, producing variable patterns. A a brief flicker in the upper air is expected to persist through the period, shaping the overall outlook for this area.",Alert | Bonding | New
Fear,Withdrawing,Anger,{{subject}},{{pronoun}},"{{subject}} evokes feelings of tight caution that tighten your focus, threaded together with a need for space, then colored by protective heat. It can feel like your body is quietly running a safety check before it commits.

You might begin by simply noticing these responses in your body without arguing with them. From there, give some room to the caution and the the need for space, and let the heat help you name what is okay and what is not as you relate to {subject}.",-0.76,Strongly Negative,"seed_genres=dark-ambient,cinematic&target_valence=0.12&target_energy=0.32","Using the Spotify Recommendations API, find one track that feels related to {subject} and matches this emotional profile: primary feel tense, cautious mood, secondary feel distant, spacious feeling, and coloring intense, boundary-protective energy. Use these parameters when possible: seed_genres=dark-ambient,cinematic&target_valence=0.12&target_energy=0.32. Return the single best matching track.","Atmospheric conditions around {subject} show a low visibility field interacting with expanding empty pockets, producing variable patterns. A a thin aggressive echo aloft is expected to persist through the period, shaping the overall outlook for this area.",Alert | Retreating | Firm
Fear,Withdrawing,Curiosity,{{subject}},{{pronoun}},"{{subject}} evokes feelings of tight caution that tighten your focus, threaded together with a need for space, then colored by steady interest. It can feel like your body is quietly running a safety check before it commits.

You might begin by simply noticing these responses in your body without arguing with them. From there, give some room to the caution and the the need for space, and let the interest gently invite you to stay curious without rushing your next move.",-0.36,Gently Negative,"seed_genres=dark-ambient,cinematic&target_valence=0.32&target_energy=0.36","Using the Spotify Recommendations API, find one track that feels related to {subject} and matches this emotional profile: primary feel tense, cautious mood, secondary feel distant, spacious feeling, and coloring curious, exploratory energy. Use these parameters when possible: seed_genres=dark-ambient,cinematic&target_valence=0.32&target_energy=0.36. Return the single best matching track.","Atmospheric conditions around {subject} show a low visibility field interacting with a broad retreating zone, producing variable patterns. A thin curiosity haze is expected to persist through the period, shaping the overall outlook for this area.",Alert | Retreating | Flexible
Fear,Withdrawing,Disgust,{{subject}},{{pronoun}},"{{subject}} evokes feelings of tight caution that tighten your focus, threaded together with a need for space, then colored by an inner no. It can feel like your body is quietly running a safety check before it commits.

You might begin by simply noticing these responses in your body without arguing with them. From there, give some room to the caution and the the need for space, and use the the inner no to sort what belongs close and what needs more distance.",-0.76,Strongly Negative,"seed_genres=dark-ambient,cinematic&target_valence=0.12&target_energy=0.32","Using the Spotify Recommendations API, find one track that feels related to {subject} and matches this emotional profile: primary feel tense, cautious mood, secondary feel distant, spacious feeling, and coloring harsh, rejecting tone. Use these parameters when possible: seed_genres=dark-ambient,cinematic&target_valence=0.12&target_energy=0.32. Return the single best matching track.","Atmospheric conditions around {subject} show a tightening pressure zone interacting with expanding empty pockets, producing variable patterns. A a thin acidic drift at altitude is expected to persist through the period, shaping the overall outlook for this area.",Alert | Retreating | Decisive
Fear,Withdrawing,Dropping,{{subject}},{{pronoun}},"{{subject}} evokes feelings of tight caution that tighten your focus, threaded together with a need for space, then colored by a small collapse inside. It can feel like your body is quietly running a safety check before it commits.

You might begin by simply noticing these responses in your body without arguing with them. From there, give some room to the caution and the the need for space, and let the the collapse remind you to move gently and offer yourself a bit more support around {subject}.",-0.76,Strongly Negative,"seed_genres=dark-ambient,cinematic&target_valence=0.12&target_energy=0.32","Using the Spotify Recommendations API, find one track that feels related to {subject} and matches this emotional profile: primary feel tense, cautious mood, secondary feel distant, spacious feeling, and coloring fragile, sinking tone. Use these parameters when possible: seed_genres=dark-ambient,cinematic&target_valence=0.12&target_energy=0.32. Return the single best matching track.","Atmospheric conditions around {subject} show a low visibility field interacting with expanding empty pockets, producing variable patterns. A a settling hush near the ground is expected to persist through the period, shaping the overall outlook for this area.",Alert | Retreating | Quiet
Fear,Withdrawing,Joy,{{subject}},{{pronoun}},"{{subject}} evokes feelings of tight caution that tighten your focus, threaded together with a need for space, then colored by warm lift. It can feel like your body is quietly running a safety check before it commits.

You might begin by simply noticing these responses in your body without arguing with them. From there, give some room to the caution and the the need for space, and let the warmth soften the edges so you can stay present without forcing anything.",-0.36,Gently Negative,"seed_genres=dark-ambient,cinematic&target_valence=0.32&target_energy=0.36","Using the Spotify Recommendations API, find one track that feels related to {subject} and matches this emotional profile: primary feel tense, cautious mood, secondary feel distant, spacious feeling, and coloring warm, uplifting tone. Use these parameters when possible: seed_genres=dark-ambient,cinematic&target_valence=0.32&target_energy=0.36. Return the single best matching track.","Atmospheric conditions around {subject} show a cold cautious draft interacting with a broad retreating zone, producing variable patterns. A a quiet bright layer above is expected to persist through the period, shaping the overall outlook for this area.",Alert | Retreating | Open
Fear,Withdrawing,Sadness,{{subject}},{{pronoun}},"{{subject}} evokes feelings of tight caution that tighten your focus, threaded together with a need for space, then colored by soft heaviness. It can feel like your body is quietly running a safety check before it commits.

You might begin by simply noticing these responses in your body without arguing with them. From there, give some room to the caution and the the need for space, and treat the heaviness as a signal to slow down and stay close to what really matters here.",-0.76,Strongly Negative,"seed_genres=dark-ambient,cinematic&target_valence=0.12&target_energy=0.32","Using the Spotify Recommendations API, find one track that feels related to {subject} and matches this emotional profile: primary feel tense, cautious mood, secondary feel distant, spacious feeling, and coloring slow, melancholic mood. Use these parameters when possible: seed_genres=dark-ambient,cinematic&target_valence=0.12&target_energy=0.32. Return the single best matching track.","Atmospheric conditions around {subject} show a low visibility field interacting with a broad retreating zone, producing variable patterns. A a tender gray overcast above is expected to persist through the period, shaping the overall outlook for this area.",Alert | Retreating | Tender
Fear,Withdrawing,Surprise,{{subject}},{{pronoun}},"{{subject}} evokes feelings of tight caution that tighten your focus, threaded together with a need for space, then colored by a sharp jolt. It can feel like your body is quietly running a safety check before it commits.

You might begin by simply noticing these responses in your body without arguing with them. From there, give some room to the caution and the the need for space, and use the the jolt as a brief pause to reset, then decide what pace actually feels right.",-0.56,Strongly Negative,"seed_genres=dark-ambient,cinematic&target_valence=0.22&target_energy=0.34","Using the Spotify Recommendations API, find one track that feels related to {subject} and matches this emotional profile: primary feel tense, cautious mood, secondary feel distant, spacious feeling, and coloring sudden, shifting feel. Use these parameters when possible: seed_genres=dark-ambient,cinematic&target_valence=0.22&target_energy=0.34. Return the single best matching track.","Atmospheric conditions around {subject} show a tightening pressure zone interacting with expanding empty pockets, producing variable patterns. A a brief flicker in the upper air is expected to persist through the period, shaping the overall outlook for this area.",Alert | Retreating | New
Fear,Sadness,Anger,{{subject}},{{pronoun}},"{{subject}} evokes feelings of tight caution that tighten your focus, threaded together with soft heaviness, then colored by protective heat. It can feel like your body is quietly running a safety check before it commits.

You might begin by simply noticing these responses in your body without arguing with them. From there, give some room to the caution and the heaviness, and let the heat help you name what is okay and what is not as you relate to {subject}.",-1.0,Strongly Negative,"seed_genres=dark-ambient,cinematic&target_valence=0.00&target_energy=0.30","Using the Spotify Recommendations API, find one track that feels related to {subject} and matches this emotional profile: primary feel tense, cautious mood, secondary feel slow, melancholic mood, and coloring intense, boundary-protective energy. Use these parameters when possible: seed_genres=dark-ambient,cinematic&target_valence=0.00&target_energy=0.30. Return the single best matching track.","Atmospheric conditions around {subject} show a cold cautious draft interacting with a damp, heavy drift, producing variable patterns. A a thin aggressive echo aloft is expected to persist through the period, shaping the overall outlook for this area.",Alert | Grieving | Firm
Fear,Sadness,Curiosity,{{subject}},{{pronoun}},"{{subject}} evokes feelings of tight caution that tighten your focus, threaded together with soft heaviness, then colored by steady interest. It can feel like your body is quietly running a safety check before it commits.

You might begin by simply noticing these responses in your body without arguing with them. From there, give some room to the caution and the heaviness, and let the interest gently invite you to stay curious without rushing your next move.",-0.6000000000000000,Strongly Negative,"seed_genres=dark-ambient,cinematic&target_valence=0.20&target_energy=0.34","Using the Spotify Recommendations API, find one track that feels related to {subject} and matches this emotional profile: primary feel tense, cautious mood, secondary feel slow, melancholic mood, and coloring curious, exploratory energy. Use these parameters when possible: seed_genres=dark-ambient,cinematic&target_valence=0.20&target_energy=0.34. Return the single best matching track.","Atmospheric conditions around {subject} show a low visibility field interacting with muted rain bands, producing variable patterns. A thin curiosity haze is expected to persist through the period, shaping the overall outlook for this area.",Alert | Grieving | Flexible
Fear,Sadness,Disgust,{{subject}},{{pronoun}},"{{subject}} evokes feelings of tight caution that tighten your focus, threaded together with soft heaviness, then colored by an inner no. It can feel like your body is quietly running a safety check before it commits.

You might begin by simply noticing these responses in your body without arguing with them. From there, give some room to the caution and the heaviness, and use the the inner no to sort what belongs close and what needs more distance.",-1.0,Strongly Negative,"seed_genres=dark-ambient,cinematic&target_valence=0.00&target_energy=0.30","Using the Spotify Recommendations API, find one track that feels related to {subject} and matches this emotional profile: primary feel tense, cautious mood, secondary feel slow, melancholic mood, and coloring harsh, rejecting tone. Use these parameters when possible: seed_genres=dark-ambient,cinematic&target_valence=0.00&target_energy=0.30. Return the single best matching track.","Atmospheric conditions around {subject} show a cold cautious draft interacting with slow trailing showers, producing variable patterns. A a thin acidic drift at altitude is expected to persist through the period, shaping the overall outlook for this area.",Alert | Grieving | Decisive
Fear,Sadness,Dropping,{{subject}},{{pronoun}},"{{subject}} evokes feelings of tight caution that tighten your focus, threaded together with soft heaviness, then colored by a small collapse inside. It can feel like your body is quietly running a safety check before it commits.

You might begin by simply noticing these responses in your body without arguing with them. From there, give some room to the caution and the heaviness, and let the the collapse remind you to move gently and offer yourself a bit more support around {subject}.",-1.0,Strongly Negative,"seed_genres=dark-ambient,cinematic&target_valence=0.00&target_energy=0.30","Using the Spotify Recommendations API, find one track that feels related to {subject} and matches this emotional profile: primary feel tense, cautious mood, secondary feel slow, melancholic mood, and coloring fragile, sinking tone. Use these parameters when possible: seed_genres=dark-ambient,cinematic&target_valence=0.00&target_energy=0.30. Return the single best matching track.","Atmospheric conditions around {subject} show a tightening pressure zone interacting with muted rain bands, producing variable patterns. A a low dim undertone in the field is expected to persist through the period, shaping the overall outlook for this area.",Alert | Grieving | Quiet
Fear,Sadness,Joy,{{subject}},{{pronoun}},"{{subject}} evokes feelings of tight caution that tighten your focus, threaded together with soft heaviness, then colored by warm lift. It can feel like your body is quietly running a safety check before it commits.

You might begin by simply noticing these responses in your body without arguing with them. From there, give some room to the caution and the heaviness, and let the warmth soften the edges so you can stay present without forcing anything.",-0.6000000000000000,Strongly Negative,"seed_genres=dark-ambient,cinematic&target_valence=0.20&target_energy=0.34","Using the Spotify Recommendations API, find one track that feels related to {subject} and matches this emotional profile: primary feel tense, cautious mood, secondary feel slow, melancholic mood, and coloring warm, uplifting tone. Use these parameters when possible: seed_genres=dark-ambient,cinematic&target_valence=0.20&target_energy=0.34. Return the single best matching track.","Atmospheric conditions around {subject} show a cold cautious draft interacting with muted rain bands, producing variable patterns. A a soft warming undercurrent is expected to persist through the period, shaping the overall outlook for this area.",Alert | Grieving | Open
Fear,Sadness,Withdrawing,{{subject}},{{pronoun}},"{{subject}} evokes feelings of tight caution that tighten your focus, threaded together with soft heaviness, then colored by a need for space. It can feel like your body is quietly running a safety check before it commits.

You might begin by simply noticing these responses in your body without arguing with them. From there, give some room to the caution and the heaviness, and honor the the need for space by giving yourself room to breathe before deciding what you want to do.",-0.8400000000000000,Strongly Negative,"seed_genres=dark-ambient,cinematic&target_valence=0.08&target_energy=0.32","Using the Spotify Recommendations API, find one track that feels related to {subject} and matches this emotional profile: primary feel tense, cautious mood, secondary feel slow, melancholic mood, and coloring distant, spacious feeling. Use these parameters when possible: seed_genres=dark-ambient,cinematic&target_valence=0.08&target_energy=0.32. Return the single best matching track.","Atmospheric conditions around {subject} show a tightening pressure zone interacting with a damp, heavy drift, producing variable patterns. A an open still band on the horizon is expected to persist through the period, shaping the overall outlook for this area.",Alert | Grieving | Objective
Fear,Sadness,Surprise,{{subject}},{{pronoun}},"{{subject}} evokes feelings of tight caution that tighten your focus, threaded together with soft heaviness, then colored by a sharp jolt. It can feel like your body is quietly running a safety check before it commits.

You might begin by simply noticing these responses in your body without arguing with them. From there, give some room to the caution and the heaviness, and use the the jolt as a brief pause to reset, then decide what pace actually feels right.",-0.8,Strongly Negative,"seed_genres=dark-ambient,cinematic&target_valence=0.10&target_energy=0.32","Using the Spotify Recommendations API, find one track that feels related to {subject} and matches this emotional profile: primary feel tense, cautious mood, secondary feel slow, melancholic mood, and coloring sudden, shifting feel. Use these parameters when possible: seed_genres=dark-ambient,cinematic&target_valence=0.10&target_energy=0.32. Return the single best matching track.","Atmospheric conditions around {subject} show a low visibility field interacting with a damp, heavy drift, producing variable patterns. A a brief flicker in the upper air is expected to persist through the period, shaping the overall outlook for this area.",Alert | Grieving | New
Fear,Surprise,Anger,{{subject}},{{pronoun}},"{{subject}} evokes feelings of tight caution that tighten your focus, threaded together with a sharp jolt, then colored by protective heat. It can feel like your body is quietly running a safety check before it commits.

You might begin by simply noticing these responses in your body without arguing with them. From there, give some room to the caution and the the jolt, and let the heat help you name what is okay and what is not as you relate to {subject}.",-0.7,Strongly Negative,"seed_genres=dark-ambient,cinematic&target_valence=0.15&target_energy=0.33","Using the Spotify Recommendations API, find one track that feels related to {subject} and matches this emotional profile: primary feel tense, cautious mood, secondary feel sudden, shifting feel, and coloring intense, boundary-protective energy. Use these parameters when possible: seed_genres=dark-ambient,cinematic&target_valence=0.15&target_energy=0.33. Return the single best matching track.","Atmospheric conditions around {subject} show a cold cautious draft interacting with brief unexpected shifts, producing variable patterns. A a heated residue trailing the system is expected to persist through the period, shaping the overall outlook for this area.",Alert | Clearing | Firm
Fear,Surprise,Curiosity,{{subject}},{{pronoun}},"{{subject}} evokes feelings of tight caution that tighten your focus, threaded together with a sharp jolt, then colored by steady interest. It can feel like your body is quietly running a safety check before it commits.

You might begin by simply noticing these responses in your body without arguing with them. From there, give some room to the caution and the the jolt, and let the interest gently invite you to stay curious without rushing your next move.",-0.3,Gently Negative,"seed_genres=dark-ambient,cinematic&target_valence=0.35&target_energy=0.37","Using the Spotify Recommendations API, find one track that feels related to {subject} and matches this emotional profile: primary feel tense, cautious mood, secondary feel sudden, shifting feel, and coloring curious, exploratory energy. Use these parameters when possible: seed_genres=dark-ambient,cinematic&target_valence=0.35&target_energy=0.37. Return the single best matching track.","Atmospheric conditions around {subject} show a low visibility field interacting with brief unexpected shifts, producing variable patterns. A a light exploratory shimmer aloft is expected to persist through the period, shaping the overall outlook for this area.",Alert | Clearing | Flexible
Fear,Surprise,Disgust,{{subject}},{{pronoun}},"{{subject}} evokes feelings of tight caution that tighten your focus, threaded together with a sharp jolt, then colored by an inner no. It can feel like your body is quietly running a safety check before it commits.

You might begin by simply noticing these responses in your body without arguing with them. From there, give some room to the caution and the the jolt, and use the the inner no to sort what belongs close and what needs more distance.",-0.7,Strongly Negative,"seed_genres=dark-ambient,cinematic&target_valence=0.15&target_energy=0.33","Using the Spotify Recommendations API, find one track that feels related to {subject} and matches this emotional profile: primary feel tense, cautious mood, secondary feel sudden, shifting feel, and coloring harsh, rejecting tone. Use these parameters when possible: seed_genres=dark-ambient,cinematic&target_valence=0.15&target_energy=0.33. Return the single best matching track.","Atmospheric conditions around {subject} show a cold cautious draft interacting with brief unexpected shifts, producing variable patterns. A a sharp edge in the higher air is expected to persist through the period, shaping the overall outlook for this area.",Alert | Clearing | Decisive
Fear,Surprise,Dropping,{{subject}},{{pronoun}},"{{subject}} evokes feelings of tight caution that tighten your focus, threaded together with a sharp jolt, then colored by a small collapse inside. It can feel like your body is quietly running a safety check before it commits.

You might begin by simply noticing these responses in your body without arguing with them. From there, give some room to the caution and the the jolt, and let the the collapse remind you to move gently and offer yourself a bit more support around {subject}.",-0.7,Strongly Negative,"seed_genres=dark-ambient,cinematic&target_valence=0.15&target_energy=0.33","Using the Spotify Recommendations API, find one track that feels related to {subject} and matches this emotional profile: primary feel tense, cautious mood, secondary feel sudden, shifting feel, and coloring fragile, sinking tone. Use these parameters when possible: seed_genres=dark-ambient,cinematic&target_valence=0.15&target_energy=0.33. Return the single best matching track.","Atmospheric conditions around {subject} show a tightening pressure zone interacting with brief unexpected shifts, producing variable patterns. A a low dim undertone in the field is expected to persist through the period, shaping the overall outlook for this area.",Alert | Clearing | Quiet
Fear,Surprise,Joy,{{subject}},{{pronoun}},"{{subject}} evokes feelings of tight caution that tighten your focus, threaded together with a sharp jolt, then colored by warm lift. It can feel like your body is quietly running a safety check before it commits.

You might begin by simply noticing these responses in your body without arguing with them. From there, give some room to the caution and the the jolt, and let the warmth soften the edges so you can stay present without forcing anything.",-0.3,Gently Negative,"seed_genres=dark-ambient,cinematic&target_valence=0.35&target_energy=0.37","Using the Spotify Recommendations API, find one track that feels related to {subject} and matches this emotional profile: primary feel tense, cautious mood, secondary feel sudden, shifting feel, and coloring warm, uplifting tone. Use these parameters when possible: seed_genres=dark-ambient,cinematic&target_valence=0.35&target_energy=0.37. Return the single best matching track.","Atmospheric conditions around {subject} show a tightening pressure zone interacting with broken, shifting patches, producing variable patterns. A a soft warming undercurrent is expected to persist through the period, shaping the overall outlook for this area.",Alert | Clearing | Open
Fear,Surprise,Withdrawing,{{subject}},{{pronoun}},"{{subject}} evokes feelings of tight caution that tighten your focus, threaded together with a sharp jolt, then colored by a need for space. It can feel like your body is quietly running a safety check before it commits.

You might begin by simply noticing these responses in your body without arguing with them. From there, give some room to the caution and the the jolt, and honor the the need for space by giving yourself room to breathe before deciding what you want to do.",-0.54,Strongly Negative,"seed_genres=dark-ambient,cinematic&target_valence=0.23&target_energy=0.35","Using the Spotify Recommendations API, find one track that feels related to {subject} and matches this emotional profile: primary feel tense, cautious mood, secondary feel sudden, shifting feel, and coloring distant, spacious feeling. Use these parameters when possible: seed_genres=dark-ambient,cinematic&target_valence=0.23&target_energy=0.35. Return the single best matching track.","Atmospheric conditions around {subject} show a tightening pressure zone interacting with scattered short bursts, producing variable patterns. A a broad quiet layer at the margins is expected to persist through the period, shaping the overall outlook for this area.",Alert | Clearing | Objective
Fear,Surprise,Sadness,{{subject}},{{pronoun}},"{{subject}} evokes feelings of tight caution that tighten your focus, threaded together with a sharp jolt, then colored by soft heaviness. It can feel like your body is quietly running a safety check before it commits.

You might begin by simply noticing these responses in your body without arguing with them. From there, give some room to the caution and the the jolt, and treat the heaviness as a signal to slow down and stay close to what really matters here.",-0.7,Strongly Negative,"seed_genres=dark-ambient,cinematic&target_valence=0.15&target_energy=0.33","Using the Spotify Recommendations API, find one track that feels related to {subject} and matches this emotional profile: primary feel tense, cautious mood, secondary feel sudden, shifting feel, and coloring slow, melancholic mood. Use these parameters when possible: seed_genres=dark-ambient,cinematic&target_valence=0.15&target_energy=0.33. Return the single best matching track.","Atmospheric conditions around {subject} show a tightening pressure zone interacting with broken, shifting patches, producing variable patterns. A a tender gray overcast above is expected to persist through the period, shaping the overall outlook for this area.",Alert | Clearing | Tender
Joy,Anger,Curiosity,{{subject}},{{pronoun}},"{{subject}} evokes feelings of warm lift that open you up, mixed with protective heat, then shaded by steady interest. Your system leans toward connection here, even as it stays aware of what might shift or sting.

You might begin by simply noticing these responses in your body without arguing with them. From there, give some room to the warmth and the heat, and let the interest gently invite you to stay curious without rushing your next move.",0.4,Gently Positive,"seed_genres=indie-pop,neo-soul&target_valence=0.70&target_energy=0.74","Using the Spotify Recommendations API, find one track that feels related to {subject} and matches this emotional profile: primary feel warm, uplifting tone, secondary feel intense, boundary-protective energy, and coloring curious, exploratory energy. Use these parameters when possible: seed_genres=indie-pop,neo-soul&target_valence=0.70&target_energy=0.74. Return the single best matching track.","Atmospheric conditions around {subject} show clear high-pressure skies interacting with a sharp heated edge, producing variable patterns. A a light exploratory shimmer aloft is expected to persist through the period, shaping the overall outlook for this area.",Connection | Defending | Flexible
Joy,Anger,Disgust,{{subject}},{{pronoun}},"{{subject}} evokes feelings of warm lift that open you up, mixed with protective heat, then shaded by an inner no. Your system leans toward connection here, even as it stays aware of what might shift or sting.

You might begin by simply noticing these responses in your body without arguing with them. From there, give some room to the warmth and the heat, and use the the inner no to sort what belongs close and what needs more distance.",0.0,Mixed / Neutral,"seed_genres=indie-pop,neo-soul&target_valence=0.50&target_energy=0.70","Using the Spotify Recommendations API, find one track that feels related to {subject} and matches this emotional profile: primary feel warm, uplifting tone, secondary feel intense, boundary-protective energy, and coloring harsh, rejecting tone. Use these parameters when possible: seed_genres=indie-pop,neo-soul&target_valence=0.50&target_energy=0.70. Return the single best matching track.","Atmospheric conditions around {subject} show a stable warm front interacting with a pressing hot strip, producing variable patterns. A a sharp edge in the higher air is expected to persist through the period, shaping the overall outlook for this area.",Connection | Defending | Decisive
Joy,Anger,Dropping,{{subject}},{{pronoun}},"{{subject}} evokes feelings of warm lift that open you up, mixed with protective heat, then shaded by a small collapse inside. Your system leans toward connection here, even as it stays aware of what might shift or sting.

You might begin by simply noticing these responses in your body without arguing with them. From there, give some room to the warmth and the heat, and let the the collapse remind you to move gently and offer yourself a bit more support around {subject}.",0.0,Mixed / Neutral,"seed_genres=indie-pop,neo-soul&target_valence=0.50&target_energy=0.70","Using the Spotify Recommendations API, find one track that feels related to {subject} and matches this emotional profile: primary feel warm, uplifting tone, secondary feel intense, boundary-protective energy, and coloring fragile, sinking tone. Use these parameters when possible: seed_genres=indie-pop,neo-soul&target_valence=0.50&target_energy=0.70. Return the single best matching track.","Atmospheric conditions around {subject} show a stable warm front interacting with a pressing hot strip, producing variable patterns. A a low dim undertone in the field is expected to persist through the period, shaping the overall outlook for this area.",Connection | Defending | Quiet
Joy,Anger,Fear,{{subject}},{{pronoun}},"{{subject}} evokes feelings of warm lift that open you up, mixed with protective heat, then shaded by tight caution. Your system leans toward connection here, even as it stays aware of what might shift or sting.

You might begin by simply noticing these responses in your body without arguing with them. From there, give some room to the warmth and the heat, and honor the caution by moving in small steps and checking what feels safe as you go.",0.0,Mixed / Neutral,"seed_genres=indie-pop,neo-soul&target_valence=0.50&target_energy=0.70","Using the Spotify Recommendations API, find one track that feels related to {subject} and matches this emotional profile: primary feel warm, uplifting tone, secondary feel intense, boundary-protective energy, and coloring tense, cautious mood. Use these parameters when possible: seed_genres=indie-pop,neo-soul&target_valence=0.50&target_energy=0.70. Return the single best matching track.","Atmospheric conditions around {subject} show a stable warm front interacting with a tense, loaded boundary, producing variable patterns. A a cooling shadow line overhead is expected to persist through the period, shaping the overall outlook for this area.",Connection | Defending | Cautious
Joy,Anger,Withdrawing,{{subject}},{{pronoun}},"{{subject}} evokes feelings of warm lift that open you up, mixed with protective heat, then shaded by a need for space. Your system leans toward connection here, even as it stays aware of what might shift or sting.

You might begin by simply noticing these responses in your body without arguing with them. From there, give some room to the warmth and the heat, and honor the the need for space by giving yourself room to breathe before deciding what you want to do.",0.16,Gently Positive,"seed_genres=indie-pop,neo-soul&target_valence=0.58&target_energy=0.72","Using the Spotify Recommendations API, find one track that feels related to {subject} and matches this emotional profile: primary feel warm, uplifting tone, secondary feel intense, boundary-protective energy, and coloring distant, spacious feeling. Use these parameters when possible: seed_genres=indie-pop,neo-soul&target_valence=0.58&target_energy=0.72. Return the single best matching track.","Atmospheric conditions around {subject} show clear high-pressure skies interacting with a tense, loaded boundary, producing variable patterns. A a broad quiet layer at the margins is expected to persist through the period, shaping the overall outlook for this area.",Connection | Defending | Objective
Joy,Anger,Sadness,{{subject}},{{pronoun}},"{{subject}} evokes feelings of warm lift that open you up, mixed with protective heat, then shaded by soft heaviness. Your system leans toward connection here, even as it stays aware of what might shift or sting.

You might begin by simply noticing these responses in your body without arguing with them. From there, give some room to the warmth and the heat, and treat the heaviness as a signal to slow down and stay close to what really matters here.",0.0,Mixed / Neutral,"seed_genres=indie-pop,neo-soul&target_valence=0.50&target_energy=0.70","Using the Spotify Recommendations API, find one track that feels related to {subject} and matches this emotional profile: primary feel warm, uplifting tone, secondary feel intense, boundary-protective energy, and coloring slow, melancholic mood. Use these parameters when possible: seed_genres=indie-pop,neo-soul&target_valence=0.50&target_energy=0.70. Return the single best matching track.","Atmospheric conditions around {subject} show a broad sunlit field interacting with a sharp heated edge, producing variable patterns. A a tender gray overcast above is expected to persist through the period, shaping the overall outlook for this area.",Connection | Defending | Tender
Joy,Anger,Surprise,{{subject}},{{pronoun}},"{{subject}} evokes feelings of warm lift that open you up, mixed with protective heat, then shaded by a sharp jolt. Your system leans toward connection here, even as it stays aware of what might shift or sting.

You might begin by simply noticing these responses in your body without arguing with them. From there, give some room to the warmth and the heat, and use the the jolt as a brief pause to reset, then decide what pace actually feels right.",0.2,Gently Positive,"seed_genres=indie-pop,neo-soul&target_valence=0.60&target_energy=0.72","Using the Spotify Recommendations API, find one track that feels related to {subject} and matches this emotional profile: primary feel warm, uplifting tone, secondary feel intense, boundary-protective energy, and coloring sudden, shifting feel. Use these parameters when possible: seed_genres=indie-pop,neo-soul&target_valence=0.60&target_energy=0.72. Return the single best matching track.","Atmospheric conditions around {subject} show clear high-pressure skies interacting with a sharp heated edge, producing variable patterns. A a patchy scattering pattern aloft is expected to persist through the period, shaping the overall outlook for this area.",Connection | Defending | New
Joy,Curiosity,Anger,{{subject}},{{pronoun}},"{{subject}} evokes feelings of warm lift that open you up, mixed with steady interest, then shaded by protective heat. Your system leans toward connection here, even as it stays aware of what might shift or sting.

You might begin by simply noticing these responses in your body without arguing with them. From there, give some room to the warmth and the interest, and let the heat help you name what is okay and what is not as you relate to {subject}.",0.6000000000000000,Strongly Positive,"seed_genres=indie-pop,neo-soul&target_valence=0.80&target_energy=0.76","Using the Spotify Recommendations API, find one track that feels related to {subject} and matches this emotional profile: primary feel warm, uplifting tone, secondary feel curious, exploratory energy, and coloring intense, boundary-protective energy. Use these parameters when possible: seed_genres=indie-pop,neo-soul&target_valence=0.80&target_energy=0.76. Return the single best matching track.","Atmospheric conditions around {subject} show a stable warm front interacting with light curious drift, producing variable patterns. A a heated residue trailing the system is expected to persist through the period, shaping the overall outlook for this area.",Connection | Exploring | Firm
Joy,Curiosity,Disgust,{{subject}},{{pronoun}},"{{subject}} evokes feelings of warm lift that open you up, mixed with steady interest, then shaded by an inner no. Your system leans toward connection here, even as it stays aware of what might shift or sting.

You might begin by simply noticing these responses in your body without arguing with them. From there, give some room to the warmth and the interest, and use the the inner no to sort what belongs close and what needs more distance.",0.6000000000000000,Strongly Positive,"seed_genres=indie-pop,neo-soul&target_valence=0.80&target_energy=0.76","Using the Spotify Recommendations API, find one track that feels related to {subject} and matches this emotional profile: primary feel warm, uplifting tone, secondary feel curious, exploratory energy, and coloring harsh, rejecting tone. Use these parameters when possible: seed_genres=indie-pop,neo-soul&target_valence=0.80&target_energy=0.76. Return the single best matching track.","Atmospheric conditions around {subject} show a stable warm front interacting with restless tilting currents, producing variable patterns. A a sharp edge in the higher air is expected to persist through the period, shaping the overall outlook for this area.",Connection | Exploring | Decisive
Joy,Curiosity,Dropping,{{subject}},{{pronoun}},"{{subject}} evokes feelings of warm lift that open you up, mixed with steady interest, then shaded by a small collapse inside. Your system leans toward connection here, even as it stays aware of what might shift or sting.

You might begin by simply noticing these responses in your body without arguing with them. From there, give some room to the warmth and the interest, and let the the collapse remind you to move gently and offer yourself a bit more support around {subject}.",0.6000000000000000,Strongly Positive,"seed_genres=indie-pop,neo-soul&target_valence=0.80&target_energy=0.76","Using the Spotify Recommendations API, find one track that feels related to {subject} and matches this emotional profile: primary feel warm, uplifting tone, secondary feel curious, exploratory energy, and coloring fragile, sinking tone. Use these parameters when possible: seed_genres=indie-pop,neo-soul&target_valence=0.80&target_energy=0.76. Return the single best matching track.","Atmospheric conditions around {subject} show clear high-pressure skies interacting with light curious drift, producing variable patterns. A a low dim undertone in the field is expected to persist through the period, shaping the overall outlook for this area.",Connection | Exploring | Quiet
Joy,Curiosity,Fear,{{subject}},{{pronoun}},"{{subject}} evokes feelings of warm lift that open you up, mixed with steady interest, then shaded by tight caution. Your system leans toward connection here, even as it stays aware of what might shift or sting.

You might begin by simply noticing these responses in your body without arguing with them. From there, give some room to the warmth and the interest, and honor the caution by moving in small steps and checking what feels safe as you go.",0.6000000000000000,Strongly Positive,"seed_genres=indie-pop,neo-soul&target_valence=0.80&target_energy=0.76","Using the Spotify Recommendations API, find one track that feels related to {subject} and matches this emotional profile: primary feel warm, uplifting tone, secondary feel curious, exploratory energy, and coloring tense, cautious mood. Use these parameters when possible: seed_genres=indie-pop,neo-soul&target_valence=0.80&target_energy=0.76. Return the single best matching track.","Atmospheric conditions around {subject} show a broad sunlit field interacting with light curious drift, producing variable patterns. A a cooling shadow line overhead is expected to persist through the period, shaping the overall outlook for this area.",Connection | Exploring | Cautious
Joy,Curiosity,Withdrawing,{{subject}},{{pronoun}},"{{subject}} evokes feelings of warm lift that open you up, mixed with steady interest, then shaded by a need for space. Your system leans toward connection here, even as it stays aware of what might shift or sting.

You might begin by simply noticing these responses in your body without arguing with them. From there, give some room to the warmth and the interest, and honor the the need for space by giving yourself room to breathe before deciding what you want to do.",0.76,Strongly Positive,"seed_genres=indie-pop,neo-soul&target_valence=0.88&target_energy=0.78","Using the Spotify Recommendations API, find one track that feels related to {subject} and matches this emotional profile: primary feel warm, uplifting tone, secondary feel curious, exploratory energy, and coloring distant, spacious feeling. Use these parameters when possible: seed_genres=indie-pop,neo-soul&target_valence=0.88&target_energy=0.78. Return the single best matching track.","Atmospheric conditions around {subject} show a broad sunlit field interacting with patchy exploratory flow, producing variable patterns. A a broad quiet layer at the margins is expected to persist through the period, shaping the overall outlook for this area.",Connection | Exploring | Objective
Joy,Curiosity,Sadness,{{subject}},{{pronoun}},"{{subject}} evokes feelings of warm lift that open you up, mixed with steady interest, then shaded by soft heaviness. Your system leans toward connection here, even as it stays aware of what might shift or sting.

You might begin by simply noticing these responses in your body without arguing with them. From there, give some room to the warmth and the interest, and treat the heaviness as a signal to slow down and stay close to what really matters here.",0.6000000000000000,Strongly Positive,"seed_genres=indie-pop,neo-soul&target_valence=0.80&target_energy=0.76","Using the Spotify Recommendations API, find one track that feels related to {subject} and matches this emotional profile: primary feel warm, uplifting tone, secondary feel curious, exploratory energy, and coloring slow, melancholic mood. Use these parameters when possible: seed_genres=indie-pop,neo-soul&target_valence=0.80&target_energy=0.76. Return the single best matching track.","Atmospheric conditions around {subject} show clear high-pressure skies interacting with patchy exploratory flow, producing variable patterns. A a soft descending mist layer is expected to persist through the period, shaping the overall outlook for this area.",Connection | Exploring | Tender
Joy,Curiosity,Surprise,{{subject}},{{pronoun}},"{{subject}} evokes feelings of warm lift that open you up, mixed with steady interest, then shaded by a sharp jolt. Your system leans toward connection here, even as it stays aware of what might shift or sting.

You might begin by simply noticing these responses in your body without arguing with them. From there, give some room to the warmth and the interest, and use the the jolt as a brief pause to reset, then decide what pace actually feels right.",0.8,Strongly Positive,"seed_genres=indie-pop,neo-soul&target_valence=0.90&target_energy=0.78","Using the Spotify Recommendations API, find one track that feels related to {subject} and matches this emotional profile: primary feel warm, uplifting tone, secondary feel curious, exploratory energy, and coloring sudden, shifting feel. Use these parameters when possible: seed_genres=indie-pop,neo-soul&target_valence=0.90&target_energy=0.78. Return the single best matching track.","Atmospheric conditions around {subject} show a broad sunlit field interacting with restless tilting currents, producing variable patterns. A a patchy scattering pattern aloft is expected to persist through the period, shaping the overall outlook for this area.",Connection | Exploring | New
Joy,Disgust,Anger,{{subject}},{{pronoun}},"{{subject}} evokes feelings of warm lift that open you up, mixed with an inner no, then shaded by protective heat. Your system leans toward connection here, even as it stays aware of what might shift or sting.

You might begin by simply noticing these responses in your body without arguing with them. From there, give some room to the warmth and the the inner no, and let the heat help you name what is okay and what is not as you relate to {subject}.",0.0,Mixed / Neutral,"seed_genres=indie-pop,neo-soul&target_valence=0.50&target_energy=0.70","Using the Spotify Recommendations API, find one track that feels related to {subject} and matches this emotional profile: primary feel warm, uplifting tone, secondary feel harsh, rejecting tone, and coloring intense, boundary-protective energy. Use these parameters when possible: seed_genres=indie-pop,neo-soul&target_valence=0.50&target_energy=0.70. Return the single best matching track.","Atmospheric conditions around {subject} show clear high-pressure skies interacting with irregular abrasive currents, producing variable patterns. A a thin aggressive echo aloft is expected to persist through the period, shaping the overall outlook for this area.",Connection | Rejecting | Firm
Joy,Disgust,Curiosity,{{subject}},{{pronoun}},"{{subject}} evokes feelings of warm lift that open you up, mixed with an inner no, then shaded by steady interest. Your system leans toward connection here, even as it stays aware of what might shift or sting.

You might begin by simply noticing these responses in your body without arguing with them. From there, give some room to the warmth and the the inner no, and let the interest gently invite you to stay curious without rushing your next move.",0.4,Gently Positive,"seed_genres=indie-pop,neo-soul&target_valence=0.70&target_energy=0.74","Using the Spotify Recommendations API, find one track that feels related to {subject} and matches this emotional profile: primary feel warm, uplifting tone, secondary feel harsh, rejecting tone, and coloring curious, exploratory energy. Use these parameters when possible: seed_genres=indie-pop,neo-soul&target_valence=0.70&target_energy=0.74. Return the single best matching track.","Atmospheric conditions around {subject} show clear high-pressure skies interacting with irregular abrasive currents, producing variable patterns. A a light exploratory shimmer aloft is expected to persist through the period, shaping the overall outlook for this area.",Connection | Rejecting | Flexible
Joy,Disgust,Dropping,{{subject}},{{pronoun}},"{{subject}} evokes feelings of warm lift that open you up, mixed with an inner no, then shaded by a small collapse inside. Your system leans toward connection here, even as it stays aware of what might shift or sting.

You might begin by simply noticing these responses in your body without arguing with them. From there, give some room to the warmth and the the inner no, and let the the collapse remind you to move gently and offer yourself a bit more support around {subject}.",0.0,Mixed / Neutral,"seed_genres=indie-pop,neo-soul&target_valence=0.50&target_energy=0.70","Using the Spotify Recommendations API, find one track that feels related to {subject} and matches this emotional profile: primary feel warm, uplifting tone, secondary feel harsh, rejecting tone, and coloring fragile, sinking tone. Use these parameters when possible: seed_genres=indie-pop,neo-soul&target_valence=0.50&target_energy=0.70. Return the single best matching track.","Atmospheric conditions around {subject} show a broad sunlit field interacting with a coarse turning gust, producing variable patterns. A a settling hush near the ground is expected to persist through the period, shaping the overall outlook for this area.",Connection | Rejecting | Quiet
Joy,Disgust,Fear,{{subject}},{{pronoun}},"{{subject}} evokes feelings of warm lift that open you up, mixed with an inner no, then shaded by tight caution. Your system leans toward connection here, even as it stays aware of what might shift or sting.

You might begin by simply noticing these responses in your body without arguing with them. From there, give some room to the warmth and the the inner no, and honor the caution by moving in small steps and checking what feels safe as you go.",0.0,Mixed / Neutral,"seed_genres=indie-pop,neo-soul&target_valence=0.50&target_energy=0.70","Using the Spotify Recommendations API, find one track that feels related to {subject} and matches this emotional profile: primary feel warm, uplifting tone, secondary feel harsh, rejecting tone, and coloring tense, cautious mood. Use these parameters when possible: seed_genres=indie-pop,neo-soul&target_valence=0.50&target_energy=0.70. Return the single best matching track.","Atmospheric conditions around {subject} show clear high-pressure skies interacting with a coarse turning gust, producing variable patterns. A a cooling shadow line overhead is expected to persist through the period, shaping the overall outlook for this area.",Connection | Rejecting | Cautious
Joy,Disgust,Withdrawing,{{subject}},{{pronoun}},"{{subject}} evokes feelings of warm lift that open you up, mixed with an inner no, then shaded by a need for space. Your system leans toward connection here, even as it stays aware of what might shift or sting.

You might begin by simply noticing these responses in your body without arguing with them. From there, give some room to the warmth and the the inner no, and honor the the need for space by giving yourself room to breathe before deciding what you want to do.",0.16,Gently Positive,"seed_genres=indie-pop,neo-soul&target_valence=0.58&target_energy=0.72","Using the Spotify Recommendations API, find one track that feels related to {subject} and matches this emotional profile: primary feel warm, uplifting tone, secondary feel harsh, rejecting tone, and coloring distant, spacious feeling. Use these parameters when possible: seed_genres=indie-pop,neo-soul&target_valence=0.58&target_energy=0.72. Return the single best matching track.","Atmospheric conditions around {subject} show a stable warm front interacting with a coarse turning gust, producing variable patterns. A a broad quiet layer at the margins is expected to persist through the period, shaping the overall outlook for this area.",Connection | Rejecting | Objective
Joy,Disgust,Sadness,{{subject}},{{pronoun}},"{{subject}} evokes feelings of warm lift that open you up, mixed with an inner no, then shaded by soft heaviness. Your system leans toward connection here, even as it stays aware of what might shift or sting.

You might begin by simply noticing these responses in your body without arguing with them. From there, give some room to the warmth and the the inner no, and treat the heaviness as a signal to slow down and stay close to what really matters here.",0.0,Mixed / Neutral,"seed_genres=indie-pop,neo-soul&target_valence=0.50&target_energy=0.70","Using the Spotify Recommendations API, find one track that feels related to {subject} and matches this emotional profile: primary feel warm, uplifting tone, secondary feel harsh, rejecting tone, and coloring slow, melancholic mood. Use these parameters when possible: seed_genres=indie-pop,neo-soul&target_valence=0.50&target_energy=0.70. Return the single best matching track.","Atmospheric conditions around {subject} show clear high-pressure skies interacting with irregular abrasive currents, producing variable patterns. A a tender gray overcast above is expected to persist through the period, shaping the overall outlook for this area.",Connection | Rejecting | Tender
Joy,Disgust,Surprise,{{subject}},{{pronoun}},"{{subject}} evokes feelings of warm lift that open you up, mixed with an inner no, then shaded by a sharp jolt. Your system leans toward connection here, even as it stays aware of what might shift or sting.

You might begin by simply noticing these responses in your body without arguing with them. From there, give some room to the warmth and the the inner no, and use the the jolt as a brief pause to reset, then decide what pace actually feels right.",0.2,Gently Positive,"seed_genres=indie-pop,neo-soul&target_valence=0.60&target_energy=0.72","Using the Spotify Recommendations API, find one track that feels related to {subject} and matches this emotional profile: primary feel warm, uplifting tone, secondary feel harsh, rejecting tone, and coloring sudden, shifting feel. Use these parameters when possible: seed_genres=indie-pop,neo-soul&target_valence=0.60&target_energy=0.72. Return the single best matching track.","Atmospheric conditions around {subject} show a stable warm front interacting with irregular abrasive currents, producing variable patterns. A a brief flicker in the upper air is expected to persist through the period, shaping the overall outlook for this area.",Connection | Rejecting | New
Joy,Dropping,Anger,{{subject}},{{pronoun}},"{{subject}} evokes feelings of warm lift that open you up, mixed with a small collapse inside, then shaded by protective heat. Your system leans toward connection here, even as it stays aware of what might shift or sting.

You might begin by simply noticing these responses in your body without arguing with them. From there, give some room to the warmth and the the collapse, and let the heat help you name what is okay and what is not as you relate to {subject}.",0.0,Mixed / Neutral,"seed_genres=indie-pop,neo-soul&target_valence=0.50&target_energy=0.70","Using the Spotify Recommendations API, find one track that feels related to {subject} and matches this emotional profile: primary feel warm, uplifting tone, secondary feel fragile, sinking tone, and coloring intense, boundary-protective energy. Use these parameters when possible: seed_genres=indie-pop,neo-soul&target_valence=0.50&target_energy=0.70. Return the single best matching track.","Atmospheric conditions around {subject} show a stable warm front interacting with sinking trailing clouds, producing variable patterns. A a thin aggressive echo aloft is expected to persist through the period, shaping the overall outlook for this area.",Connection | Yielding | Firm
Joy,Dropping,Curiosity,{{subject}},{{pronoun}},"{{subject}} evokes feelings of warm lift that open you up, mixed with a small collapse inside, then shaded by steady interest. Your system leans toward connection here, even as it stays aware of what might shift or sting.

You might begin by simply noticing these responses in your body without arguing with them. From there, give some room to the warmth and the the collapse, and let the interest gently invite you to stay curious without rushing your next move.",0.4,Gently Positive,"seed_genres=indie-pop,neo-soul&target_valence=0.70&target_energy=0.74","Using the Spotify Recommendations API, find one track that feels related to {subject} and matches this emotional profile: primary feel warm, uplifting tone, secondary feel fragile, sinking tone, and coloring curious, exploratory energy. Use these parameters when possible: seed_genres=indie-pop,neo-soul&target_valence=0.70&target_energy=0.74. Return the single best matching track.","Atmospheric conditions around {subject} show a broad sunlit field interacting with a fading underside layer, producing variable patterns. A a light exploratory shimmer aloft is expected to persist through the period, shaping the overall outlook for this area.",Connection | Yielding | Flexible
Joy,Dropping,Disgust,{{subject}},{{pronoun}},"{{subject}} evokes feelings of warm lift that open you up, mixed with a small collapse inside, then shaded by an inner no. Your system leans toward connection here, even as it stays aware of what might shift or sting.

You might begin by simply noticing these responses in your body without arguing with them. From there, give some room to the warmth and the the collapse, and use the the inner no to sort what belongs close and what needs more distance.",0.0,Mixed / Neutral,"seed_genres=indie-pop,neo-soul&target_valence=0.50&target_energy=0.70","Using the Spotify Recommendations API, find one track that feels related to {subject} and matches this emotional profile: primary feel warm, uplifting tone, secondary feel fragile, sinking tone, and coloring harsh, rejecting tone. Use these parameters when possible: seed_genres=indie-pop,neo-soul&target_valence=0.50&target_energy=0.70. Return the single best matching track.","Atmospheric conditions around {subject} show a broad sunlit field interacting with a fading underside layer, producing variable patterns. A a sharp edge in the higher air is expected to persist through the period, shaping the overall outlook for this area.",Connection | Yielding | Decisive
Joy,Dropping,Fear,{{subject}},{{pronoun}},"{{subject}} evokes feelings of warm lift that open you up, mixed with a small collapse inside, then shaded by tight caution. Your system leans toward connection here, even as it stays aware of what might shift or sting.

You might begin by simply noticing these responses in your body without arguing with them. From there, give some room to the warmth and the the collapse, and honor the caution by moving in small steps and checking what feels safe as you go.",0.0,Mixed / Neutral,"seed_genres=indie-pop,neo-soul&target_valence=0.50&target_energy=0.70","Using the Spotify Recommendations API, find one track that feels related to {subject} and matches this emotional profile: primary feel warm, uplifting tone, secondary feel fragile, sinking tone, and coloring tense, cautious mood. Use these parameters when possible: seed_genres=indie-pop,neo-soul&target_valence=0.50&target_energy=0.70. Return the single best matching track.","Atmospheric conditions around {subject} show a broad sunlit field interacting with a fading underside layer, producing variable patterns. A a narrow watchful band at higher levels is expected to persist through the period, shaping the overall outlook for this area.",Connection | Yielding | Cautious
Joy,Dropping,Withdrawing,{{subject}},{{pronoun}},"{{subject}} evokes feelings of warm lift that open you up, mixed with a small collapse inside, then shaded by a need for space. Your system leans toward connection here, even as it stays aware of what might shift or sting.

You might begin by simply noticing these responses in your body without arguing with them. From there, give some room to the warmth and the the collapse, and honor the the need for space by giving yourself room to breathe before deciding what you want to do.",0.16,Gently Positive,"seed_genres=indie-pop,neo-soul&target_valence=0.58&target_energy=0.72","Using the Spotify Recommendations API, find one track that feels related to {subject} and matches this emotional profile: primary feel warm, uplifting tone, secondary feel fragile, sinking tone, and coloring distant, spacious feeling. Use these parameters when possible: seed_genres=indie-pop,neo-soul&target_valence=0.58&target_energy=0.72. Return the single best matching track.","Atmospheric conditions around {subject} show clear high-pressure skies interacting with a fading underside layer, producing variable patterns. A an open still band on the horizon is expected to persist through the period, shaping the overall outlook for this area.",Connection | Yielding | Objective
Joy,Dropping,Sadness,{{subject}},{{pronoun}},"{{subject}} evokes feelings of warm lift that open you up, mixed with a small collapse inside, then shaded by soft heaviness. Your system leans toward connection here, even as it stays aware of what might shift or sting.

You might begin by simply noticing these responses in your body without arguing with them. From there, give some room to the warmth and the the collapse, and treat the heaviness as a signal to slow down and stay close to what really matters here.",0.0,Mixed / Neutral,"seed_genres=indie-pop,neo-soul&target_valence=0.50&target_energy=0.70","Using the Spotify Recommendations API, find one track that feels related to {subject} and matches this emotional profile: primary feel warm, uplifting tone, secondary feel fragile, sinking tone, and coloring slow, melancholic mood. Use these parameters when possible: seed_genres=indie-pop,neo-soul&target_valence=0.50&target_energy=0.70. Return the single best matching track.","Atmospheric conditions around {subject} show a broad sunlit field interacting with low drifting haze, producing variable patterns. A a soft descending mist layer is expected to persist through the period, shaping the overall outlook for this area.",Connection | Yielding | Tender
Joy,Dropping,Surprise,{{subject}},{{pronoun}},"{{subject}} evokes feelings of warm lift that open you up, mixed with a small collapse inside, then shaded by a sharp jolt. Your system leans toward connection here, even as it stays aware of what might shift or sting.

You might begin by simply noticing these responses in your body without arguing with them. From there, give some room to the warmth and the the collapse, and use the the jolt as a brief pause to reset, then decide what pace actually feels right.",0.2,Gently Positive,"seed_genres=indie-pop,neo-soul&target_valence=0.60&target_energy=0.72","Using the Spotify Recommendations API, find one track that feels related to {subject} and matches this emotional profile: primary feel warm, uplifting tone, secondary feel fragile, sinking tone, and coloring sudden, shifting feel. Use these parameters when possible: seed_genres=indie-pop,neo-soul&target_valence=0.60&target_energy=0.72. Return the single best matching track.","Atmospheric conditions around {subject} show a broad sunlit field interacting with low drifting haze, producing variable patterns. A a brief flicker in the upper air is expected to persist through the period, shaping the overall outlook for this area.",Connection | Yielding | New
Joy,Fear,Anger,{{subject}},{{pronoun}},"{{subject}} evokes feelings of warm lift that open you up, mixed with tight caution, then shaded by protective heat. Your system leans toward connection here, even as it stays aware of what might shift or sting.

You might begin by simply noticing these responses in your body without arguing with them. From there, give some room to the warmth and the caution, and let the heat help you name what is okay and what is not as you relate to {subject}.",0.0,Mixed / Neutral,"seed_genres=indie-pop,neo-soul&target_valence=0.50&target_energy=0.70","Using the Spotify Recommendations API, find one track that feels related to {subject} and matches this emotional profile: primary feel warm, uplifting tone, secondary feel tense, cautious mood, and coloring intense, boundary-protective energy. Use these parameters when possible: seed_genres=indie-pop,neo-soul&target_valence=0.50&target_energy=0.70. Return the single best matching track.","Atmospheric conditions around {subject} show a stable warm front interacting with a narrow cautious band, producing variable patterns. A a thin aggressive echo aloft is expected to persist through the period, shaping the overall outlook for this area.",Connection | Protecting | Firm
Joy,Fear,Curiosity,{{subject}},{{pronoun}},"{{subject}} evokes feelings of warm lift that open you up, mixed with tight caution, then shaded by steady interest. Your system leans toward connection here, even as it stays aware of what might shift or sting.

You might begin by simply noticing these responses in your body without arguing with them. From there, give some room to the warmth and the caution, and let the interest gently invite you to stay curious without rushing your next move.",0.4,Gently Positive,"seed_genres=indie-pop,neo-soul&target_valence=0.70&target_energy=0.74","Using the Spotify Recommendations API, find one track that feels related to {subject} and matches this emotional profile: primary feel warm, uplifting tone, secondary feel tense, cautious mood, and coloring curious, exploratory energy. Use these parameters when possible: seed_genres=indie-pop,neo-soul&target_valence=0.70&target_energy=0.74. Return the single best matching track.","Atmospheric conditions around {subject} show a broad sunlit field interacting with tightening cool layers, producing variable patterns. A thin curiosity haze is expected to persist through the period, shaping the overall outlook for this area.",Connection | Protecting | Flexible
Joy,Fear,Disgust,{{subject}},{{pronoun}},"{{subject}} evokes feelings of warm lift that open you up, mixed with tight caution, then shaded by an inner no. Your system leans toward connection here, even as it stays aware of what might shift or sting.

You might begin by simply noticing these responses in your body without arguing with them. From there, give some room to the warmth and the caution, and use the the inner no to sort what belongs close and what needs more distance.",0.0,Mixed / Neutral,"seed_genres=indie-pop,neo-soul&target_valence=0.50&target_energy=0.70","Using the Spotify Recommendations API, find one track that feels related to {subject} and matches this emotional profile: primary feel warm, uplifting tone, secondary feel tense, cautious mood, and coloring harsh, rejecting tone. Use these parameters when possible: seed_genres=indie-pop,neo-soul&target_valence=0.50&target_energy=0.70. Return the single best matching track.","Atmospheric conditions around {subject} show a broad sunlit field interacting with a narrow cautious band, producing variable patterns. A a thin acidic drift at altitude is expected to persist through the period, shaping the overall outlook for this area.",Connection | Protecting | Decisive
Joy,Fear,Dropping,{{subject}},{{pronoun}},"{{subject}} evokes feelings of warm lift that open you up, mixed with tight caution, then shaded by a small collapse inside. Your system leans toward connection here, even as it stays aware of what might shift or sting.

You might begin by simply noticing these responses in your body without arguing with them. From there, give some room to the warmth and the caution, and let the the collapse remind you to move gently and offer yourself a bit more support around {subject}.",0.0,Mixed / Neutral,"seed_genres=indie-pop,neo-soul&target_valence=0.50&target_energy=0.70","Using the Spotify Recommendations API, find one track that feels related to {subject} and matches this emotional profile: primary feel warm, uplifting tone, secondary feel tense, cautious mood, and coloring fragile, sinking tone. Use these parameters when possible: seed_genres=indie-pop,neo-soul&target_valence=0.50&target_energy=0.70. Return the single best matching track.","Atmospheric conditions around {subject} show a broad sunlit field interacting with a cautious, constricting flow, producing variable patterns. A a low dim undertone in the field is expected to persist through the period, shaping the overall outlook for this area.",Connection | Protecting | Quiet
Joy,Fear,Withdrawing,{{subject}},{{pronoun}},"{{subject}} evokes feelings of warm lift that open you up, mixed with tight caution, then shaded by a need for space. Your system leans toward connection here, even as it stays aware of what might shift or sting.

You might begin by simply noticing these responses in your body without arguing with them. From there, give some room to the warmth and the caution, and honor the the need for space by giving yourself room to breathe before deciding what you want to do.",0.16,Gently Positive,"seed_genres=indie-pop,neo-soul&target_valence=0.58&target_energy=0.72","Using the Spotify Recommendations API, find one track that feels related to {subject} and matches this emotional profile: primary feel warm, uplifting tone, secondary feel tense, cautious mood, and coloring distant, spacious feeling. Use these parameters when possible: seed_genres=indie-pop,neo-soul&target_valence=0.58&target_energy=0.72. Return the single best matching track.","Atmospheric conditions around {subject} show a broad sunlit field interacting with a narrow cautious band, producing variable patterns. A an open still band on the horizon is expected to persist through the period, shaping the overall outlook for this area.",Connection | Protecting | Objective
Joy,Fear,Sadness,{{subject}},{{pronoun}},"{{subject}} evokes feelings of warm lift that open you up, mixed with tight caution, then shaded by soft heaviness. Your system leans toward connection here, even as it stays aware of what might shift or sting.

You might begin by simply noticing these responses in your body without arguing with them. From there, give some room to the warmth and the caution, and treat the heaviness as a signal to slow down and stay close to what really matters here.",0.0,Mixed / Neutral,"seed_genres=indie-pop,neo-soul&target_valence=0.50&target_energy=0.70","Using the Spotify Recommendations API, find one track that feels related to {subject} and matches this emotional profile: primary feel warm, uplifting tone, secondary feel tense, cautious mood, and coloring slow, melancholic mood. Use these parameters when possible: seed_genres=indie-pop,neo-soul&target_valence=0.50&target_energy=0.70. Return the single best matching track.","Atmospheric conditions around {subject} show clear high-pressure skies interacting with a cautious, constricting flow, producing variable patterns. A a tender gray overcast above is expected to persist through the period, shaping the overall outlook for this area.",Connection | Protecting | Tender
Joy,Fear,Surprise,{{subject}},{{pronoun}},"{{subject}} evokes feelings of warm lift that open you up, mixed with tight caution, then shaded by a sharp jolt. Your system leans toward connection here, even as it stays aware of what might shift or sting.

You might begin by simply noticing these responses in your body without arguing with them. From there, give some room to the warmth and the caution, and use the the jolt as a brief pause to reset, then decide what pace actually feels right.",0.2,Gently Positive,"seed_genres=indie-pop,neo-soul&target_valence=0.60&target_energy=0.72","Using the Spotify Recommendations API, find one track that feels related to {subject} and matches this emotional profile: primary feel warm, uplifting tone, secondary feel tense, cautious mood, and coloring sudden, shifting feel. Use these parameters when possible: seed_genres=indie-pop,neo-soul&target_valence=0.60&target_energy=0.72. Return the single best matching track.","Atmospheric conditions around {subject} show a stable warm front interacting with a narrow cautious band, producing variable patterns. A a brief flicker in the upper air is expected to persist through the period, shaping the overall outlook for this area.",Connection | Protecting | New
Joy,Withdrawing,Anger,{{subject}},{{pronoun}},"{{subject}} evokes feelings of warm lift that open you up, mixed with a need for space, then shaded by protective heat. Your system leans toward connection here, even as it stays aware of what might shift or sting.

You might begin by simply noticing these responses in your body without arguing with them. From there, give some room to the warmth and the the need for space, and let the heat help you name what is okay and what is not as you relate to {subject}.",0.24,Gently Positive,"seed_genres=indie-pop,neo-soul&target_valence=0.62&target_energy=0.72","Using the Spotify Recommendations API, find one track that feels related to {subject} and matches this emotional profile: primary feel warm, uplifting tone, secondary feel distant, spacious feeling, and coloring intense, boundary-protective energy. Use these parameters when possible: seed_genres=indie-pop,neo-soul&target_valence=0.62&target_energy=0.72. Return the single best matching track.","Atmospheric conditions around {subject} show a stable warm front interacting with receding quiet air, producing variable patterns. A a thin aggressive echo aloft is expected to persist through the period, shaping the overall outlook for this area.",Connection | Retreating | Firm
Joy,Withdrawing,Curiosity,{{subject}},{{pronoun}},"{{subject}} evokes feelings of warm lift that open you up, mixed with a need for space, then shaded by steady interest. Your system leans toward connection here, even as it stays aware of what might shift or sting.

You might begin by simply noticing these responses in your body without arguing with them. From there, give some room to the warmth and the the need for space, and let the interest gently invite you to stay curious without rushing your next move.",0.64,Strongly Positive,"seed_genres=indie-pop,neo-soul&target_valence=0.82&target_energy=0.76","Using the Spotify Recommendations API, find one track that feels related to {subject} and matches this emotional profile: primary feel warm, uplifting tone, secondary feel distant, spacious feeling, and coloring curious, exploratory energy. Use these parameters when possible: seed_genres=indie-pop,neo-soul&target_valence=0.82&target_energy=0.76. Return the single best matching track.","Atmospheric conditions around {subject} show a broad sunlit field interacting with expanding empty pockets, producing variable patterns. A thin curiosity haze is expected to persist through the period, shaping the overall outlook for this area.",Connection | Retreating | Flexible
Joy,Withdrawing,Disgust,{{subject}},{{pronoun}},"{{subject}} evokes feelings of warm lift that open you up, mixed with a need for space, then shaded by an inner no. Your system leans toward connection here, even as it stays aware of what might shift or sting.

You might begin by simply noticing these responses in your body without arguing with them. From there, give some room to the warmth and the the need for space, and use the the inner no to sort what belongs close and what needs more distance.",0.24,Gently Positive,"seed_genres=indie-pop,neo-soul&target_valence=0.62&target_energy=0.72","Using the Spotify Recommendations API, find one track that feels related to {subject} and matches this emotional profile: primary feel warm, uplifting tone, secondary feel distant, spacious feeling, and coloring harsh, rejecting tone. Use these parameters when possible: seed_genres=indie-pop,neo-soul&target_valence=0.62&target_energy=0.72. Return the single best matching track.","Atmospheric conditions around {subject} show a broad sunlit field interacting with expanding empty pockets, producing variable patterns. A a sharp edge in the higher air is expected to persist through the period, shaping the overall outlook for this area.",Connection | Retreating | Decisive
Joy,Withdrawing,Dropping,{{subject}},{{pronoun}},"{{subject}} evokes feelings of warm lift that open you up, mixed with a need for space, then shaded by a small collapse inside. Your system leans toward connection here, even as it stays aware of what might shift or sting.

You might begin by simply noticing these responses in your body without arguing with them. From there, give some room to the warmth and the the need for space, and let the the collapse remind you to move gently and offer yourself a bit more support around {subject}.",0.24,Gently Positive,"seed_genres=indie-pop,neo-soul&target_valence=0.62&target_energy=0.72","Using the Spotify Recommendations API, find one track that feels related to {subject} and matches this emotional profile: primary feel warm, uplifting tone, secondary feel distant, spacious feeling, and coloring fragile, sinking tone. Use these parameters when possible: seed_genres=indie-pop,neo-soul&target_valence=0.62&target_energy=0.72. Return the single best matching track.","Atmospheric conditions around {subject} show clear high-pressure skies interacting with receding quiet air, producing variable patterns. A a settling hush near the ground is expected to persist through the period, shaping the overall outlook for this area.",Connection | Retreating | Quiet
Joy,Withdrawing,Fear,{{subject}},{{pronoun}},"{{subject}} evokes feelings of warm lift that open you up, mixed with a need for space, then shaded by tight caution. Your system leans toward connection here, even as it stays aware of what might shift or sting.

You might begin by simply noticing these responses in your body without arguing with them. From there, give some room to the warmth and the the need for space, and honor the caution by moving in small steps and checking what feels safe as you go.",0.24,Gently Positive,"seed_genres=indie-pop,neo-soul&target_valence=0.62&target_energy=0.72","Using the Spotify Recommendations API, find one track that feels related to {subject} and matches this emotional profile: primary feel warm, uplifting tone, secondary feel distant, spacious feeling, and coloring tense, cautious mood. Use these parameters when possible: seed_genres=indie-pop,neo-soul&target_valence=0.62&target_energy=0.72. Return the single best matching track.","Atmospheric conditions around {subject} show a stable warm front interacting with a broad retreating zone, producing variable patterns. A a narrow watchful band at higher levels is expected to persist through the period, shaping the overall outlook for this area.",Connection | Retreating | Cautious
Joy,Withdrawing,Sadness,{{subject}},{{pronoun}},"{{subject}} evokes feelings of warm lift that open you up, mixed with a need for space, then shaded by soft heaviness. Your system leans toward connection here, even as it stays aware of what might shift or sting.

You might begin by simply noticing these responses in your body without arguing with them. From there, give some room to the warmth and the the need for space, and treat the heaviness as a signal to slow down and stay close to what really matters here.",0.24,Gently Positive,"seed_genres=indie-pop,neo-soul&target_valence=0.62&target_energy=0.72","Using the Spotify Recommendations API, find one track that feels related to {subject} and matches this emotional profile: primary feel warm, uplifting tone, secondary feel distant, spacious feeling, and coloring slow, melancholic mood. Use these parameters when possible: seed_genres=indie-pop,neo-soul&target_valence=0.62&target_energy=0.72. Return the single best matching track.","Atmospheric conditions around {subject} show a stable warm front interacting with receding quiet air, producing variable patterns. A a soft descending mist layer is expected to persist through the period, shaping the overall outlook for this area.",Connection | Retreating | Tender
Joy,Withdrawing,Surprise,{{subject}},{{pronoun}},"{{subject}} evokes feelings of warm lift that open you up, mixed with a need for space, then shaded by a sharp jolt. Your system leans toward connection here, even as it stays aware of what might shift or sting.

You might begin by simply noticing these responses in your body without arguing with them. From there, give some room to the warmth and the the need for space, and use the the jolt as a brief pause to reset, then decide what pace actually feels right.",0.44,Gently Positive,"seed_genres=indie-pop,neo-soul&target_valence=0.72&target_energy=0.74","Using the Spotify Recommendations API, find one track that feels related to {subject} and matches this emotional profile: primary feel warm, uplifting tone, secondary feel distant, spacious feeling, and coloring sudden, shifting feel. Use these parameters when possible: seed_genres=indie-pop,neo-soul&target_valence=0.72&target_energy=0.74. Return the single best matching track.","Atmospheric conditions around {subject} show a stable warm front interacting with expanding empty pockets, producing variable patterns. A a patchy scattering pattern aloft is expected to persist through the period, shaping the overall outlook for this area.",Connection | Retreating | New
Joy,Sadness,Anger,{{subject}},{{pronoun}},"{{subject}} evokes feelings of warm lift that open you up, mixed with soft heaviness, then shaded by protective heat. Your system leans toward connection here, even as it stays aware of what might shift or sting.

You might begin by simply noticing these responses in your body without arguing with them. From there, give some room to the warmth and the heaviness, and let the heat help you name what is okay and what is not as you relate to {subject}.",0.0,Mixed / Neutral,"seed_genres=indie-pop,neo-soul&target_valence=0.50&target_energy=0.70","Using the Spotify Recommendations API, find one track that feels related to {subject} and matches this emotional profile: primary feel warm, uplifting tone, secondary feel slow, melancholic mood, and coloring intense, boundary-protective energy. Use these parameters when possible: seed_genres=indie-pop,neo-soul&target_valence=0.50&target_energy=0.70. Return the single best matching track.","Atmospheric conditions around {subject} show a broad sunlit field interacting with slow trailing showers, producing variable patterns. A a heated residue trailing the system is expected to persist through the period, shaping the overall outlook for this area.",Connection | Grieving | Firm
Joy,Sadness,Curiosity,{{subject}},{{pronoun}},"{{subject}} evokes feelings of warm lift that open you up, mixed with soft heaviness, then shaded by steady interest. Your system leans toward connection here, even as it stays aware of what might shift or sting.

You might begin by simply noticing these responses in your body without arguing with them. From there, give some room to the warmth and the heaviness, and let the interest gently invite you to stay curious without rushing your next move.",0.4,Gently Positive,"seed_genres=indie-pop,neo-soul&target_valence=0.70&target_energy=0.74","Using the Spotify Recommendations API, find one track that feels related to {subject} and matches this emotional profile: primary feel warm, uplifting tone, secondary feel slow, melancholic mood, and coloring curious, exploratory energy. Use these parameters when possible: seed_genres=indie-pop,neo-soul&target_valence=0.70&target_energy=0.74. Return the single best matching track.","Atmospheric conditions around {subject} show clear high-pressure skies interacting with a damp, heavy drift, producing variable patterns. A thin curiosity haze is expected to persist through the period, shaping the overall outlook for this area.",Connection | Grieving | Flexible
Joy,Sadness,Disgust,{{subject}},{{pronoun}},"{{subject}} evokes feelings of warm lift that open you up, mixed with soft heaviness, then shaded by an inner no. Your system leans toward connection here, even as it stays aware of what might shift or sting.

You might begin by simply noticing these responses in your body without arguing with them. From there, give some room to the warmth and the heaviness, and use the the inner no to sort what belongs close and what needs more distance.",0.0,Mixed / Neutral,"seed_genres=indie-pop,neo-soul&target_valence=0.50&target_energy=0.70","Using the Spotify Recommendations API, find one track that feels related to {subject} and matches this emotional profile: primary feel warm, uplifting tone, secondary feel slow, melancholic mood, and coloring harsh, rejecting tone. Use these parameters when possible: seed_genres=indie-pop,neo-soul&target_valence=0.50&target_energy=0.70. Return the single best matching track.","Atmospheric conditions around {subject} show clear high-pressure skies interacting with a damp, heavy drift, producing variable patterns. A a sharp edge in the higher air is expected to persist through the period, shaping the overall outlook for this area.",Connection | Grieving | Decisive
Joy,Sadness,Dropping,{{subject}},{{pronoun}},"{{subject}} evokes feelings of warm lift that open you up, mixed with soft heaviness, then shaded by a small collapse inside. Your system leans toward connection here, even as it stays aware of what might shift or sting.

You might begin by simply noticing these responses in your body without arguing with them. From there, give some room to the warmth and the heaviness, and let the the collapse remind you to move gently and offer yourself a bit more support around {subject}.",0.0,Mixed / Neutral,"seed_genres=indie-pop,neo-soul&target_valence=0.50&target_energy=0.70","Using the Spotify Recommendations API, find one track that feels related to {subject} and matches this emotional profile: primary feel warm, uplifting tone, secondary feel slow, melancholic mood, and coloring fragile, sinking tone. Use these parameters when possible: seed_genres=indie-pop,neo-soul&target_valence=0.50&target_energy=0.70. Return the single best matching track.","Atmospheric conditions around {subject} show a stable warm front interacting with muted rain bands, producing variable patterns. A a settling hush near the ground is expected to persist through the period, shaping the overall outlook for this area.",Connection | Grieving | Quiet
Joy,Sadness,Fear,{{subject}},{{pronoun}},"{{subject}} evokes feelings of warm lift that open you up, mixed with soft heaviness, then shaded by tight caution. Your system leans toward connection here, even as it stays aware of what might shift or sting.

You might begin by simply noticing these responses in your body without arguing with them. From there, give some room to the warmth and the heaviness, and honor the caution by moving in small steps and checking what feels safe as you go.",0.0,Mixed / Neutral,"seed_genres=indie-pop,neo-soul&target_valence=0.50&target_energy=0.70","Using the Spotify Recommendations API, find one track that feels related to {subject} and matches this emotional profile: primary feel warm, uplifting tone, secondary feel slow, melancholic mood, and coloring tense, cautious mood. Use these parameters when possible: seed_genres=indie-pop,neo-soul&target_valence=0.50&target_energy=0.70. Return the single best matching track.","Atmospheric conditions around {subject} show a broad sunlit field interacting with slow trailing showers, producing variable patterns. A a narrow watchful band at higher levels is expected to persist through the period, shaping the overall outlook for this area.",Connection | Grieving | Cautious
Joy,Sadness,Withdrawing,{{subject}},{{pronoun}},"{{subject}} evokes feelings of warm lift that open you up, mixed with soft heaviness, then shaded by a need for space. Your system leans toward connection here, even as it stays aware of what might shift or sting.

You might begin by simply noticing these responses in your body without arguing with them. From there, give some room to the warmth and the heaviness, and honor the the need for space by giving yourself room to breathe before deciding what you want to do.",0.16,Gently Positive,"seed_genres=indie-pop,neo-soul&target_valence=0.58&target_energy=0.72","Using the Spotify Recommendations API, find one track that feels related to {subject} and matches this emotional profile: primary feel warm, uplifting tone, secondary feel slow, melancholic mood, and coloring distant, spacious feeling. Use these parameters when possible: seed_genres=indie-pop,neo-soul&target_valence=0.58&target_energy=0.72. Return the single best matching track.","Atmospheric conditions around {subject} show a stable warm front interacting with a damp, heavy drift, producing variable patterns. A a broad quiet layer at the margins is expected to persist through the period, shaping the overall outlook for this area.",Connection | Grieving | Objective
Joy,Sadness,Surprise,{{subject}},{{pronoun}},"{{subject}} evokes feelings of warm lift that open you up, mixed with soft heaviness, then shaded by a sharp jolt. Your system leans toward connection here, even as it stays aware of what might shift or sting.

You might begin by simply noticing these responses in your body without arguing with them. From there, give some room to the warmth and the heaviness, and use the the jolt as a brief pause to reset, then decide what pace actually feels right.",0.2,Gently Positive,"seed_genres=indie-pop,neo-soul&target_valence=0.60&target_energy=0.72","Using the Spotify Recommendations API, find one track that feels related to {subject} and matches this emotional profile: primary feel warm, uplifting tone, secondary feel slow, melancholic mood, and coloring sudden, shifting feel. Use these parameters when possible: seed_genres=indie-pop,neo-soul&target_valence=0.60&target_energy=0.72. Return the single best matching track.","Atmospheric conditions around {subject} show a stable warm front interacting with muted rain bands, producing variable patterns. A a patchy scattering pattern aloft is expected to persist through the period, shaping the overall outlook for this area.",Connection | Grieving | New
Joy,Surprise,Anger,{{subject}},{{pronoun}},"{{subject}} evokes feelings of warm lift that open you up, mixed with a sharp jolt, then shaded by protective heat. Your system leans toward connection here, even as it stays aware of what might shift or sting.

You might begin by simply noticing these responses in your body without arguing with them. From there, give some room to the warmth and the the jolt, and let the heat help you name what is okay and what is not as you relate to {subject}.",0.3,Gently Positive,"seed_genres=indie-pop,neo-soul&target_valence=0.65&target_energy=0.73","Using the Spotify Recommendations API, find one track that feels related to {subject} and matches this emotional profile: primary feel warm, uplifting tone, secondary feel sudden, shifting feel, and coloring intense, boundary-protective energy. Use these parameters when possible: seed_genres=indie-pop,neo-soul&target_valence=0.65&target_energy=0.73. Return the single best matching track.","Atmospheric conditions around {subject} show a stable warm front interacting with broken, shifting patches, producing variable patterns. A a thin aggressive echo aloft is expected to persist through the period, shaping the overall outlook for this area.",Connection | Clearing | Firm
Joy,Surprise,Curiosity,{{subject}},{{pronoun}},"{{subject}} evokes feelings of warm lift that open you up, mixed with a sharp jolt, then shaded by steady interest. Your system leans toward connection here, even as it stays aware of what might shift or sting.

You might begin by simply noticing these responses in your body without arguing with them. From there, give some room to the warmth and the the jolt, and let the interest gently invite you to stay curious without rushing your next move.",0.7,Strongly Positive,"seed_genres=indie-pop,neo-soul&target_valence=0.85&target_energy=0.77","Using the Spotify Recommendations API, find one track that feels related to {subject} and matches this emotional profile: primary feel warm, uplifting tone, secondary feel sudden, shifting feel, and coloring curious, exploratory energy. Use these parameters when possible: seed_genres=indie-pop,neo-soul&target_valence=0.85&target_energy=0.77. Return the single best matching track.","Atmospheric conditions around {subject} show a stable warm front interacting with scattered short bursts, producing variable patterns. A a light exploratory shimmer aloft is expected to persist through the period, shaping the overall outlook for this area.",Connection | Clearing | Flexible
Joy,Surprise,Disgust,{{subject}},{{pronoun}},"{{subject}} evokes feelings of warm lift that open you up, mixed with a sharp jolt, then shaded by an inner no. Your system leans toward connection here, even as it stays aware of what might shift or sting.

You might begin by simply noticing these responses in your body without arguing with them. From there, give some room to the warmth and the the jolt, and use the the inner no to sort what belongs close and what needs more distance.",0.3,Gently Positive,"seed_genres=indie-pop,neo-soul&target_valence=0.65&target_energy=0.73","Using the Spotify Recommendations API, find one track that feels related to {subject} and matches this emotional profile: primary feel warm, uplifting tone, secondary feel sudden, shifting feel, and coloring harsh, rejecting tone. Use these parameters when possible: seed_genres=indie-pop,neo-soul&target_valence=0.65&target_energy=0.73. Return the single best matching track.","Atmospheric conditions around {subject} show clear high-pressure skies interacting with brief unexpected shifts, producing variable patterns. A a thin acidic drift at altitude is expected to persist through the period, shaping the overall outlook for this area.",Connection | Clearing | Decisive
Joy,Surprise,Dropping,{{subject}},{{pronoun}},"{{subject}} evokes feelings of warm lift that open you up, mixed with a sharp jolt, then shaded by a small collapse inside. Your system leans toward connection here, even as it stays aware of what might shift or sting.

You might begin by simply noticing these responses in your body without arguing with them. From there, give some room to the warmth and the the jolt, and let the the collapse remind you to move gently and offer yourself a bit more support around {subject}.",0.3,Gently Positive,"seed_genres=indie-pop,neo-soul&target_valence=0.65&target_energy=0.73","Using the Spotify Recommendations API, find one track that feels related to {subject} and matches this emotional profile: primary feel warm, uplifting tone, secondary feel sudden, shifting feel, and coloring fragile, sinking tone. Use these parameters when possible: seed_genres=indie-pop,neo-soul&target_valence=0.65&target_energy=0.73. Return the single best matching track.","Atmospheric conditions around {subject} show a broad sunlit field interacting with scattered short bursts, producing variable patterns. A a settling hush near the ground is expected to persist through the period, shaping the overall outlook for this area.",Connection | Clearing | Quiet
Joy,Surprise,Fear,{{subject}},{{pronoun}},"{{subject}} evokes feelings of warm lift that open you up, mixed with a sharp jolt, then shaded by tight caution. Your system leans toward connection here, even as it stays aware of what might shift or sting.

You might begin by simply noticing these responses in your body without arguing with them. From there, give some room to the warmth and the the jolt, and honor the caution by moving in small steps and checking what feels safe as you go.",0.3,Gently Positive,"seed_genres=indie-pop,neo-soul&target_valence=0.65&target_energy=0.73","Using the Spotify Recommendations API, find one track that feels related to {subject} and matches this emotional profile: primary feel warm, uplifting tone, secondary feel sudden, shifting feel, and coloring tense, cautious mood. Use these parameters when possible: seed_genres=indie-pop,neo-soul&target_valence=0.65&target_energy=0.73. Return the single best matching track.","Atmospheric conditions around {subject} show a stable warm front interacting with scattered short bursts, producing variable patterns. A a narrow watchful band at higher levels is expected to persist through the period, shaping the overall outlook for this area.",Connection | Clearing | Cautious
Joy,Surprise,Withdrawing,{{subject}},{{pronoun}},"{{subject}} evokes feelings of warm lift that open you up, mixed with a sharp jolt, then shaded by a need for space. Your system leans toward connection here, even as it stays aware of what might shift or sting.

You might begin by simply noticing these responses in your body without arguing with them. From there, give some room to the warmth and the the jolt, and honor the the need for space by giving yourself room to breathe before deciding what you want to do.",0.4600000000000000,Strongly Positive,"seed_genres=indie-pop,neo-soul&target_valence=0.73&target_energy=0.75","Using the Spotify Recommendations API, find one track that feels related to {subject} and matches this emotional profile: primary feel warm, uplifting tone, secondary feel sudden, shifting feel, and coloring distant, spacious feeling. Use these parameters when possible: seed_genres=indie-pop,neo-soul&target_valence=0.73&target_energy=0.75. Return the single best matching track.","Atmospheric conditions around {subject} show clear high-pressure skies interacting with scattered short bursts, producing variable patterns. A a broad quiet layer at the margins is expected to persist through the period, shaping the overall outlook for this area.",Connection | Clearing | Objective
Joy,Surprise,Sadness,{{subject}},{{pronoun}},"{{subject}} evokes feelings of warm lift that open you up, mixed with a sharp jolt, then shaded by soft heaviness. Your system leans toward connection here, even as it stays aware of what might shift or sting.

You might begin by simply noticing these responses in your body without arguing with them. From there, give some room to the warmth and the the jolt, and treat the heaviness as a signal to slow down and stay close to what really matters here.",0.3,Gently Positive,"seed_genres=indie-pop,neo-soul&target_valence=0.65&target_energy=0.73","Using the Spotify Recommendations API, find one track that feels related to {subject} and matches this emotional profile: primary feel warm, uplifting tone, secondary feel sudden, shifting feel, and coloring slow, melancholic mood. Use these parameters when possible: seed_genres=indie-pop,neo-soul&target_valence=0.65&target_energy=0.73. Return the single best matching track.","Atmospheric conditions around {subject} show clear high-pressure skies interacting with broken, shifting patches, producing variable patterns. A a tender gray overcast above is expected to persist through the period, shaping the overall outlook for this area.",Connection | Clearing | Tender
Withdrawing,Anger,Curiosity,{{subject}},{{pronoun}},"{{subject}} evokes feelings of a need for space, mixed with protective heat and colored by steady interest. It can feel like you need a little distance first, so you can see it clearly without losing contact.

You might begin by simply noticing these responses in your body without arguing with them. From there, give some room to the the need for space and the heat, and let the interest gently invite you to stay curious without rushing your next move.",-0.2,Gently Negative,"seed_genres=ambient,lo-fi&target_valence=0.40&target_energy=0.23","Using the Spotify Recommendations API, find one track that feels related to {subject} and matches this emotional profile: primary feel distant, spacious feeling, secondary feel intense, boundary-protective energy, and coloring curious, exploratory energy. Use these parameters when possible: seed_genres=ambient,lo-fi&target_valence=0.40&target_energy=0.23. Return the single best matching track.","Atmospheric conditions around {subject} show a quiet retreating band interacting with a tense, loaded boundary, producing variable patterns. A thin curiosity haze is expected to persist through the period, shaping the overall outlook for this area.",Distance | Defending | Flexible
Withdrawing,Anger,Disgust,{{subject}},{{pronoun}},"{{subject}} evokes feelings of a need for space, mixed with protective heat and colored by an inner no. It can feel like you need a little distance first, so you can see it clearly without losing contact.

You might begin by simply noticing these responses in your body without arguing with them. From there, give some room to the the need for space and the heat, and use the the inner no to sort what belongs close and what needs more distance.",-0.6000000000000000,Strongly Negative,"seed_genres=ambient,lo-fi&target_valence=0.20&target_energy=0.19","Using the Spotify Recommendations API, find one track that feels related to {subject} and matches this emotional profile: primary feel distant, spacious feeling, secondary feel intense, boundary-protective energy, and coloring harsh, rejecting tone. Use these parameters when possible: seed_genres=ambient,lo-fi&target_valence=0.20&target_energy=0.19. Return the single best matching track.","Atmospheric conditions around {subject} show a wide still airfield interacting with a tense, loaded boundary, producing variable patterns. A a sharp edge in the higher air is expected to persist through the period, shaping the overall outlook for this area.",Distance | Defending | Decisive
Withdrawing,Anger,Dropping,{{subject}},{{pronoun}},"{{subject}} evokes feelings of a need for space, mixed with protective heat and colored by a small collapse inside. It can feel like you need a little distance first, so you can see it clearly without losing contact.

You might begin by simply noticing these responses in your body without arguing with them. From there, give some room to the the need for space and the heat, and let the the collapse remind you to move gently and offer yourself a bit more support around {subject}.",-0.6000000000000000,Strongly Negative,"seed_genres=ambient,lo-fi&target_valence=0.20&target_energy=0.19","Using the Spotify Recommendations API, find one track that feels related to {subject} and matches this emotional profile: primary feel distant, spacious feeling, secondary feel intense, boundary-protective energy, and coloring fragile, sinking tone. Use these parameters when possible: seed_genres=ambient,lo-fi&target_valence=0.20&target_energy=0.19. Return the single best matching track.","Atmospheric conditions around {subject} show a thinning distant layer interacting with a tense, loaded boundary, producing variable patterns. A a low dim undertone in the field is expected to persist through the period, shaping the overall outlook for this area.",Distance | Defending | Quiet
Withdrawing,Anger,Fear,{{subject}},{{pronoun}},"{{subject}} evokes feelings of a need for space, mixed with protective heat and colored by tight caution. It can feel like you need a little distance first, so you can see it clearly without losing contact.

You might begin by simply noticing these responses in your body without arguing with them. From there, give some room to the the need for space and the heat, and honor the caution by moving in small steps and checking what feels safe as you go.",-0.6000000000000000,Strongly Negative,"seed_genres=ambient,lo-fi&target_valence=0.20&target_energy=0.19","Using the Spotify Recommendations API, find one track that feels related to {subject} and matches this emotional profile: primary feel distant, spacious feeling, secondary feel intense, boundary-protective energy, and coloring tense, cautious mood. Use these parameters when possible: seed_genres=ambient,lo-fi&target_valence=0.20&target_energy=0.19. Return the single best matching track.","Atmospheric conditions around {subject} show a thinning distant layer interacting with a pressing hot strip, producing variable patterns. A a narrow watchful band at higher levels is expected to persist through the period, shaping the overall outlook for this area.",Distance | Defending | Cautious
Withdrawing,Anger,Joy,{{subject}},{{pronoun}},"{{subject}} evokes feelings of a need for space, mixed with protective heat and colored by warm lift. It can feel like you need a little distance first, so you can see it clearly without losing contact.

You might begin by simply noticing these responses in your body without arguing with them. From there, give some room to the the need for space and the heat, and let the warmth soften the edges so you can stay present without forcing anything.",-0.2,Gently Negative,"seed_genres=ambient,lo-fi&target_valence=0.40&target_energy=0.23","Using the Spotify Recommendations API, find one track that feels related to {subject} and matches this emotional profile: primary feel distant, spacious feeling, secondary feel intense, boundary-protective energy, and coloring warm, uplifting tone. Use these parameters when possible: seed_genres=ambient,lo-fi&target_valence=0.40&target_energy=0.23. Return the single best matching track.","Atmospheric conditions around {subject} show a quiet retreating band interacting with a pressing hot strip, producing variable patterns. A a quiet bright layer above is expected to persist through the period, shaping the overall outlook for this area.",Distance | Defending | Open
Withdrawing,Anger,Sadness,{{subject}},{{pronoun}},"{{subject}} evokes feelings of a need for space, mixed with protective heat and colored by soft heaviness. It can feel like you need a little distance first, so you can see it clearly without losing contact.

You might begin by simply noticing these responses in your body without arguing with them. From there, give some room to the the need for space and the heat, and treat the heaviness as a signal to slow down and stay close to what really matters here.",-0.6000000000000000,Strongly Negative,"seed_genres=ambient,lo-fi&target_valence=0.20&target_energy=0.19","Using the Spotify Recommendations API, find one track that feels related to {subject} and matches this emotional profile: primary feel distant, spacious feeling, secondary feel intense, boundary-protective energy, and coloring slow, melancholic mood. Use these parameters when possible: seed_genres=ambient,lo-fi&target_valence=0.20&target_energy=0.19. Return the single best matching track.","Atmospheric conditions around {subject} show a wide still airfield interacting with a tense, loaded boundary, producing variable patterns. A a tender gray overcast above is expected to persist through the period, shaping the overall outlook for this area.",Distance | Defending | Tender
Withdrawing,Anger,Surprise,{{subject}},{{pronoun}},"{{subject}} evokes feelings of a need for space, mixed with protective heat and colored by a sharp jolt. It can feel like you need a little distance first, so you can see it clearly without losing contact.

You might begin by simply noticing these responses in your body without arguing with them. From there, give some room to the the need for space and the heat, and use the the jolt as a brief pause to reset, then decide what pace actually feels right.",-0.4,Gently Negative,"seed_genres=ambient,lo-fi&target_valence=0.30&target_energy=0.21","Using the Spotify Recommendations API, find one track that feels related to {subject} and matches this emotional profile: primary feel distant, spacious feeling, secondary feel intense, boundary-protective energy, and coloring sudden, shifting feel. Use these parameters when possible: seed_genres=ambient,lo-fi&target_valence=0.30&target_energy=0.21. Return the single best matching track.","Atmospheric conditions around {subject} show a thinning distant layer interacting with a tense, loaded boundary, producing variable patterns. A a brief flicker in the upper air is expected to persist through the period, shaping the overall outlook for this area.",Distance | Defending | New
Withdrawing,Curiosity,Anger,{{subject}},{{pronoun}},"{{subject}} evokes feelings of a need for space, mixed with steady interest and colored by protective heat. It can feel like you need a little distance first, so you can see it clearly without losing contact.

You might begin by simply noticing these responses in your body without arguing with them. From there, give some room to the the need for space and the interest, and let the heat help you name what is okay and what is not as you relate to {subject}.",-2.77555756156289E-17,Mixed / Neutral,"seed_genres=ambient,lo-fi&target_valence=0.50&target_energy=0.25","Using the Spotify Recommendations API, find one track that feels related to {subject} and matches this emotional profile: primary feel distant, spacious feeling, secondary feel curious, exploratory energy, and coloring intense, boundary-protective energy. Use these parameters when possible: seed_genres=ambient,lo-fi&target_valence=0.50&target_energy=0.25. Return the single best matching track.","Atmospheric conditions around {subject} show a wide still airfield interacting with light curious drift, producing variable patterns. A a thin aggressive echo aloft is expected to persist through the period, shaping the overall outlook for this area.",Distance | Exploring | Firm
Withdrawing,Curiosity,Disgust,{{subject}},{{pronoun}},"{{subject}} evokes feelings of a need for space, mixed with steady interest and colored by an inner no. It can feel like you need a little distance first, so you can see it clearly without losing contact.

You might begin by simply noticing these responses in your body without arguing with them. From there, give some room to the the need for space and the interest, and use the the inner no to sort what belongs close and what needs more distance.",-2.77555756156289E-17,Mixed / Neutral,"seed_genres=ambient,lo-fi&target_valence=0.50&target_energy=0.25","Using the Spotify Recommendations API, find one track that feels related to {subject} and matches this emotional profile: primary feel distant, spacious feeling, secondary feel curious, exploratory energy, and coloring harsh, rejecting tone. Use these parameters when possible: seed_genres=ambient,lo-fi&target_valence=0.50&target_energy=0.25. Return the single best matching track.","Atmospheric conditions around {subject} show a wide still airfield interacting with light curious drift, producing variable patterns. A a thin acidic drift at altitude is expected to persist through the period, shaping the overall outlook for this area.",Distance | Exploring | Decisive
Withdrawing,Curiosity,Dropping,{{subject}},{{pronoun}},"{{subject}} evokes feelings of a need for space, mixed with steady interest and colored by a small collapse inside. It can feel like you need a little distance first, so you can see it clearly without losing contact.

You might begin by simply noticing these responses in your body without arguing with them. From there, give some room to the the need for space and the interest, and let the the collapse remind you to move gently and offer yourself a bit more support around {subject}.",-2.77555756156289E-17,Mixed / Neutral,"seed_genres=ambient,lo-fi&target_valence=0.50&target_energy=0.25","Using the Spotify Recommendations API, find one track that feels related to {subject} and matches this emotional profile: primary feel distant, spacious feeling, secondary feel curious, exploratory energy, and coloring fragile, sinking tone. Use these parameters when possible: seed_genres=ambient,lo-fi&target_valence=0.50&target_energy=0.25. Return the single best matching track.","Atmospheric conditions around {subject} show a wide still airfield interacting with patchy exploratory flow, producing variable patterns. A a low dim undertone in the field is expected to persist through the period, shaping the overall outlook for this area.",Distance | Exploring | Quiet
Withdrawing,Curiosity,Fear,{{subject}},{{pronoun}},"{{subject}} evokes feelings of a need for space, mixed with steady interest and colored by tight caution. It can feel like you need a little distance first, so you can see it clearly without losing contact.

You might begin by simply noticing these responses in your body without arguing with them. From there, give some room to the the need for space and the interest, and honor the caution by moving in small steps and checking what feels safe as you go.",-2.77555756156289E-17,Mixed / Neutral,"seed_genres=ambient,lo-fi&target_valence=0.50&target_energy=0.25","Using the Spotify Recommendations API, find one track that feels related to {subject} and matches this emotional profile: primary feel distant, spacious feeling, secondary feel curious, exploratory energy, and coloring tense, cautious mood. Use these parameters when possible: seed_genres=ambient,lo-fi&target_valence=0.50&target_energy=0.25. Return the single best matching track.","Atmospheric conditions around {subject} show a thinning distant layer interacting with restless tilting currents, producing variable patterns. A a cooling shadow line overhead is expected to persist through the period, shaping the overall outlook for this area.",Distance | Exploring | Cautious
Withdrawing,Curiosity,Joy,{{subject}},{{pronoun}},"{{subject}} evokes feelings of a need for space, mixed with steady interest and colored by warm lift. It can feel like you need a little distance first, so you can see it clearly without losing contact.

You might begin by simply noticing these responses in your body without arguing with them. From there, give some room to the the need for space and the interest, and let the warmth soften the edges so you can stay present without forcing anything.",0.4,Gently Positive,"seed_genres=ambient,lo-fi&target_valence=0.70&target_energy=0.29","Using the Spotify Recommendations API, find one track that feels related to {subject} and matches this emotional profile: primary feel distant, spacious feeling, secondary feel curious, exploratory energy, and coloring warm, uplifting tone. Use these parameters when possible: seed_genres=ambient,lo-fi&target_valence=0.70&target_energy=0.29. Return the single best matching track.","Atmospheric conditions around {subject} show a wide still airfield interacting with patchy exploratory flow, producing variable patterns. A a quiet bright layer above is expected to persist through the period, shaping the overall outlook for this area.",Distance | Exploring | Open
Withdrawing,Curiosity,Sadness,{{subject}},{{pronoun}},"{{subject}} evokes feelings of a need for space, mixed with steady interest and colored by soft heaviness. It can feel like you need a little distance first, so you can see it clearly without losing contact.

You might begin by simply noticing these responses in your body without arguing with them. From there, give some room to the the need for space and the interest, and treat the heaviness as a signal to slow down and stay close to what really matters here.",-2.77555756156289E-17,Mixed / Neutral,"seed_genres=ambient,lo-fi&target_valence=0.50&target_energy=0.25","Using the Spotify Recommendations API, find one track that feels related to {subject} and matches this emotional profile: primary feel distant, spacious feeling, secondary feel curious, exploratory energy, and coloring slow, melancholic mood. Use these parameters when possible: seed_genres=ambient,lo-fi&target_valence=0.50&target_energy=0.25. Return the single best matching track.","Atmospheric conditions around {subject} show a quiet retreating band interacting with light curious drift, producing variable patterns. A a soft descending mist layer is expected to persist through the period, shaping the overall outlook for this area.",Distance | Exploring | Tender
Withdrawing,Curiosity,Surprise,{{subject}},{{pronoun}},"{{subject}} evokes feelings of a need for space, mixed with steady interest and colored by a sharp jolt. It can feel like you need a little distance first, so you can see it clearly without losing contact.

You might begin by simply noticing these responses in your body without arguing with them. From there, give some room to the the need for space and the interest, and use the the jolt as a brief pause to reset, then decide what pace actually feels right.",0.2000000000000000,Gently Positive,"seed_genres=ambient,lo-fi&target_valence=0.60&target_energy=0.27","Using the Spotify Recommendations API, find one track that feels related to {subject} and matches this emotional profile: primary feel distant, spacious feeling, secondary feel curious, exploratory energy, and coloring sudden, shifting feel. Use these parameters when possible: seed_genres=ambient,lo-fi&target_valence=0.60&target_energy=0.27. Return the single best matching track.","Atmospheric conditions around {subject} show a wide still airfield interacting with patchy exploratory flow, producing variable patterns. A a patchy scattering pattern aloft is expected to persist through the period, shaping the overall outlook for this area.",Distance | Exploring | New
Withdrawing,Disgust,Anger,{{subject}},{{pronoun}},"{{subject}} evokes feelings of a need for space, mixed with an inner no and colored by protective heat. It can feel like you need a little distance first, so you can see it clearly without losing contact.

You might begin by simply noticing these responses in your body without arguing with them. From there, give some room to the the need for space and the the inner no, and let the heat help you name what is okay and what is not as you relate to {subject}.",-0.6000000000000000,Strongly Negative,"seed_genres=ambient,lo-fi&target_valence=0.20&target_energy=0.19","Using the Spotify Recommendations API, find one track that feels related to {subject} and matches this emotional profile: primary feel distant, spacious feeling, secondary feel harsh, rejecting tone, and coloring intense, boundary-protective energy. Use these parameters when possible: seed_genres=ambient,lo-fi&target_valence=0.20&target_energy=0.19. Return the single best matching track.","Atmospheric conditions around {subject} show a quiet retreating band interacting with harsh particulate air, producing variable patterns. A a heated residue trailing the system is expected to persist through the period, shaping the overall outlook for this area.",Distance | Rejecting | Firm
Withdrawing,Disgust,Curiosity,{{subject}},{{pronoun}},"{{subject}} evokes feelings of a need for space, mixed with an inner no and colored by steady interest. It can feel like you need a little distance first, so you can see it clearly without losing contact.

You might begin by simply noticing these responses in your body without arguing with them. From there, give some room to the the need for space and the the inner no, and let the interest gently invite you to stay curious without rushing your next move.",-0.2,Gently Negative,"seed_genres=ambient,lo-fi&target_valence=0.40&target_energy=0.23","Using the Spotify Recommendations API, find one track that feels related to {subject} and matches this emotional profile: primary feel distant, spacious feeling, secondary feel harsh, rejecting tone, and coloring curious, exploratory energy. Use these parameters when possible: seed_genres=ambient,lo-fi&target_valence=0.40&target_energy=0.23. Return the single best matching track.","Atmospheric conditions around {subject} show a quiet retreating band interacting with irregular abrasive currents, producing variable patterns. A a light exploratory shimmer aloft is expected to persist through the period, shaping the overall outlook for this area.",Distance | Rejecting | Flexible
Withdrawing,Disgust,Dropping,{{subject}},{{pronoun}},"{{subject}} evokes feelings of a need for space, mixed with an inner no and colored by a small collapse inside. It can feel like you need a little distance first, so you can see it clearly without losing contact.

You might begin by simply noticing these responses in your body without arguing with them. From there, give some room to the the need for space and the the inner no, and let the the collapse remind you to move gently and offer yourself a bit more support around {subject}.",-0.6000000000000000,Strongly Negative,"seed_genres=ambient,lo-fi&target_valence=0.20&target_energy=0.19","Using the Spotify Recommendations API, find one track that feels related to {subject} and matches this emotional profile: primary feel distant, spacious feeling, secondary feel harsh, rejecting tone, and coloring fragile, sinking tone. Use these parameters when possible: seed_genres=ambient,lo-fi&target_valence=0.20&target_energy=0.19. Return the single best matching track.","Atmospheric conditions around {subject} show a wide still airfield interacting with a coarse turning gust, producing variable patterns. A a settling hush near the ground is expected to persist through the period, shaping the overall outlook for this area.",Distance | Rejecting | Quiet
Withdrawing,Disgust,Fear,{{subject}},{{pronoun}},"{{subject}} evokes feelings of a need for space, mixed with an inner no and colored by tight caution. It can feel like you need a little distance first, so you can see it clearly without losing contact.

You might begin by simply noticing these responses in your body without arguing with them. From there, give some room to the the need for space and the the inner no, and honor the caution by moving in small steps and checking what feels safe as you go.",-0.6000000000000000,Strongly Negative,"seed_genres=ambient,lo-fi&target_valence=0.20&target_energy=0.19","Using the Spotify Recommendations API, find one track that feels related to {subject} and matches this emotional profile: primary feel distant, spacious feeling, secondary feel harsh, rejecting tone, and coloring tense, cautious mood. Use these parameters when possible: seed_genres=ambient,lo-fi&target_valence=0.20&target_energy=0.19. Return the single best matching track.","Atmospheric conditions around {subject} show a wide still airfield interacting with irregular abrasive currents, producing variable patterns. A a cooling shadow line overhead is expected to persist through the period, shaping the overall outlook for this area.",Distance | Rejecting | Cautious
Withdrawing,Disgust,Joy,{{subject}},{{pronoun}},"{{subject}} evokes feelings of a need for space, mixed with an inner no and colored by warm lift. It can feel like you need a little distance first, so you can see it clearly without losing contact.

You might begin by simply noticing these responses in your body without arguing with them. From there, give some room to the the need for space and the the inner no, and let the warmth soften the edges so you can stay present without forcing anything.",-0.2,Gently Negative,"seed_genres=ambient,lo-fi&target_valence=0.40&target_energy=0.23","Using the Spotify Recommendations API, find one track that feels related to {subject} and matches this emotional profile: primary feel distant, spacious feeling, secondary feel harsh, rejecting tone, and coloring warm, uplifting tone. Use these parameters when possible: seed_genres=ambient,lo-fi&target_valence=0.40&target_energy=0.23. Return the single best matching track.","Atmospheric conditions around {subject} show a thinning distant layer interacting with harsh particulate air, producing variable patterns. A a soft warming undercurrent is expected to persist through the period, shaping the overall outlook for this area.",Distance | Rejecting | Open
Withdrawing,Disgust,Sadness,{{subject}},{{pronoun}},"{{subject}} evokes feelings of a need for space, mixed with an inner no and colored by soft heaviness. It can feel like you need a little distance first, so you can see it clearly without losing contact.

You might begin by simply noticing these responses in your body without arguing with them. From there, give some room to the the need for space and the the inner no, and treat the heaviness as a signal to slow down and stay close to what really matters here.",-0.6000000000000000,Strongly Negative,"seed_genres=ambient,lo-fi&target_valence=0.20&target_energy=0.19","Using the Spotify Recommendations API, find one track that feels related to {subject} and matches this emotional profile: primary feel distant, spacious feeling, secondary feel harsh, rejecting tone, and coloring slow, melancholic mood. Use these parameters when possible: seed_genres=ambient,lo-fi&target_valence=0.20&target_energy=0.19. Return the single best matching track.","Atmospheric conditions around {subject} show a wide still airfield interacting with harsh particulate air, producing variable patterns. A a tender gray overcast above is expected to persist through the period, shaping the overall outlook for this area.",Distance | Rejecting | Tender
Withdrawing,Disgust,Surprise,{{subject}},{{pronoun}},"{{subject}} evokes feelings of a need for space, mixed with an inner no and colored by a sharp jolt. It can feel like you need a little distance first, so you can see it clearly without losing contact.

You might begin by simply noticing these responses in your body without arguing with them. From there, give some room to the the need for space and the the inner no, and use the the jolt as a brief pause to reset, then decide what pace actually feels right.",-0.4,Gently Negative,"seed_genres=ambient,lo-fi&target_valence=0.30&target_energy=0.21","Using the Spotify Recommendations API, find one track that feels related to {subject} and matches this emotional profile: primary feel distant, spacious feeling, secondary feel harsh, rejecting tone, and coloring sudden, shifting feel. Use these parameters when possible: seed_genres=ambient,lo-fi&target_valence=0.30&target_energy=0.21. Return the single best matching track.","Atmospheric conditions around {subject} show a quiet retreating band interacting with harsh particulate air, producing variable patterns. A a brief flicker in the upper air is expected to persist through the period, shaping the overall outlook for this area.",Distance | Rejecting | New
Withdrawing,Dropping,Anger,{{subject}},{{pronoun}},"{{subject}} evokes feelings of a need for space, mixed with a small collapse inside and colored by protective heat. It can feel like you need a little distance first, so you can see it clearly without losing contact.

You might begin by simply noticing these responses in your body without arguing with them. From there, give some room to the the need for space and the the collapse, and let the heat help you name what is okay and what is not as you relate to {subject}.",-0.6000000000000000,Strongly Negative,"seed_genres=ambient,lo-fi&target_valence=0.20&target_energy=0.19","Using the Spotify Recommendations API, find one track that feels related to {subject} and matches this emotional profile: primary feel distant, spacious feeling, secondary feel fragile, sinking tone, and coloring intense, boundary-protective energy. Use these parameters when possible: seed_genres=ambient,lo-fi&target_valence=0.20&target_energy=0.19. Return the single best matching track.","Atmospheric conditions around {subject} show a quiet retreating band interacting with low drifting haze, producing variable patterns. A a thin aggressive echo aloft is expected to persist through the period, shaping the overall outlook for this area.",Distance | Yielding | Firm
Withdrawing,Dropping,Curiosity,{{subject}},{{pronoun}},"{{subject}} evokes feelings of a need for space, mixed with a small collapse inside and colored by steady interest. It can feel like you need a little distance first, so you can see it clearly without losing contact.

You might begin by simply noticing these responses in your body without arguing with them. From there, give some room to the the need for space and the the collapse, and let the interest gently invite you to stay curious without rushing your next move.",-0.2,Gently Negative,"seed_genres=ambient,lo-fi&target_valence=0.40&target_energy=0.23","Using the Spotify Recommendations API, find one track that feels related to {subject} and matches this emotional profile: primary feel distant, spacious feeling, secondary feel fragile, sinking tone, and coloring curious, exploratory energy. Use these parameters when possible: seed_genres=ambient,lo-fi&target_valence=0.40&target_energy=0.23. Return the single best matching track.","Atmospheric conditions around {subject} show a thinning distant layer interacting with sinking trailing clouds, producing variable patterns. A a light exploratory shimmer aloft is expected to persist through the period, shaping the overall outlook for this area.",Distance | Yielding | Flexible
Withdrawing,Dropping,Disgust,{{subject}},{{pronoun}},"{{subject}} evokes feelings of a need for space, mixed with a small collapse inside and colored by an inner no. It can feel like you need a little distance first, so you can see it clearly without losing contact.

You might begin by simply noticing these responses in your body without arguing with them. From there, give some room to the the need for space and the the collapse, and use the the inner no to sort what belongs close and what needs more distance.",-0.6000000000000000,Strongly Negative,"seed_genres=ambient,lo-fi&target_valence=0.20&target_energy=0.19","Using the Spotify Recommendations API, find one track that feels related to {subject} and matches this emotional profile: primary feel distant, spacious feeling, secondary feel fragile, sinking tone, and coloring harsh, rejecting tone. Use these parameters when possible: seed_genres=ambient,lo-fi&target_valence=0.20&target_energy=0.19. Return the single best matching track.","Atmospheric conditions around {subject} show a thinning distant layer interacting with a fading underside layer, producing variable patterns. A a thin acidic drift at altitude is expected to persist through the period, shaping the overall outlook for this area.",Distance | Yielding | Decisive
Withdrawing,Dropping,Fear,{{subject}},{{pronoun}},"{{subject}} evokes feelings of a need for space, mixed with a small collapse inside and colored by tight caution. It can feel like you need a little distance first, so you can see it clearly without losing contact.

You might begin by simply noticing these responses in your body without arguing with them. From there, give some room to the the need for space and the the collapse, and honor the caution by moving in small steps and checking what feels safe as you go.",-0.6000000000000000,Strongly Negative,"seed_genres=ambient,lo-fi&target_valence=0.20&target_energy=0.19","Using the Spotify Recommendations API, find one track that feels related to {subject} and matches this emotional profile: primary feel distant, spacious feeling, secondary feel fragile, sinking tone, and coloring tense, cautious mood. Use these parameters when possible: seed_genres=ambient,lo-fi&target_valence=0.20&target_energy=0.19. Return the single best matching track.","Atmospheric conditions around {subject} show a quiet retreating band interacting with a fading underside layer, producing variable patterns. A a cooling shadow line overhead is expected to persist through the period, shaping the overall outlook for this area.",Distance | Yielding | Cautious
Withdrawing,Dropping,Joy,{{subject}},{{pronoun}},"{{subject}} evokes feelings of a need for space, mixed with a small collapse inside and colored by warm lift. It can feel like you need a little distance first, so you can see it clearly without losing contact.

You might begin by simply noticing these responses in your body without arguing with them. From there, give some room to the the need for space and the the collapse, and let the warmth soften the edges so you can stay present without forcing anything.",-0.2,Gently Negative,"seed_genres=ambient,lo-fi&target_valence=0.40&target_energy=0.23","Using the Spotify Recommendations API, find one track that feels related to {subject} and matches this emotional profile: primary feel distant, spacious feeling, secondary feel fragile, sinking tone, and coloring warm, uplifting tone. Use these parameters when possible: seed_genres=ambient,lo-fi&target_valence=0.40&target_energy=0.23. Return the single best matching track.","Atmospheric conditions around {subject} show a thinning distant layer interacting with low drifting haze, producing variable patterns. A a soft warming undercurrent is expected to persist through the period, shaping the overall outlook for this area.",Distance | Yielding | Open
Withdrawing,Dropping,Sadness,{{subject}},{{pronoun}},"{{subject}} evokes feelings of a need for space, mixed with a small collapse inside and colored by soft heaviness. It can feel like you need a little distance first, so you can see it clearly without losing contact.

You might begin by simply noticing these responses in your body without arguing with them. From there, give some room to the the need for space and the the collapse, and treat the heaviness as a signal to slow down and stay close to what really matters here.",-0.6000000000000000,Strongly Negative,"seed_genres=ambient,lo-fi&target_valence=0.20&target_energy=0.19","Using the Spotify Recommendations API, find one track that feels related to {subject} and matches this emotional profile: primary feel distant, spacious feeling, secondary feel fragile, sinking tone, and coloring slow, melancholic mood. Use these parameters when possible: seed_genres=ambient,lo-fi&target_valence=0.20&target_energy=0.19. Return the single best matching track.","Atmospheric conditions around {subject} show a thinning distant layer interacting with low drifting haze, producing variable patterns. A a soft descending mist layer is expected to persist through the period, shaping the overall outlook for this area.",Distance | Yielding | Tender
Withdrawing,Dropping,Surprise,{{subject}},{{pronoun}},"{{subject}} evokes feelings of a need for space, mixed with a small collapse inside and colored by a sharp jolt. It can feel like you need a little distance first, so you can see it clearly without losing contact.

You might begin by simply noticing these responses in your body without arguing with them. From there, give some room to the the need for space and the the collapse, and use the the jolt as a brief pause to reset, then decide what pace actually feels right.",-0.4,Gently Negative,"seed_genres=ambient,lo-fi&target_valence=0.30&target_energy=0.21","Using the Spotify Recommendations API, find one track that feels related to {subject} and matches this emotional profile: primary feel distant, spacious feeling, secondary feel fragile, sinking tone, and coloring sudden, shifting feel. Use these parameters when possible: seed_genres=ambient,lo-fi&target_valence=0.30&target_energy=0.21. Return the single best matching track.","Atmospheric conditions around {subject} show a quiet retreating band interacting with low drifting haze, producing variable patterns. A a brief flicker in the upper air is expected to persist through the period, shaping the overall outlook for this area.",Distance | Yielding | New
Withdrawing,Fear,Anger,{{subject}},{{pronoun}},"{{subject}} evokes feelings of a need for space, mixed with tight caution and colored by protective heat. It can feel like you need a little distance first, so you can see it clearly without losing contact.

You might begin by simply noticing these responses in your body without arguing with them. From there, give some room to the the need for space and the caution, and let the heat help you name what is okay and what is not as you relate to {subject}.",-0.6000000000000000,Strongly Negative,"seed_genres=ambient,lo-fi&target_valence=0.20&target_energy=0.19","Using the Spotify Recommendations API, find one track that feels related to {subject} and matches this emotional profile: primary feel distant, spacious feeling, secondary feel tense, cautious mood, and coloring intense, boundary-protective energy. Use these parameters when possible: seed_genres=ambient,lo-fi&target_valence=0.20&target_energy=0.19. Return the single best matching track.","Atmospheric conditions around {subject} show a thinning distant layer interacting with a cautious, constricting flow, producing variable patterns. A a heated residue trailing the system is expected to persist through the period, shaping the overall outlook for this area.",Distance | Protecting | Firm
Withdrawing,Fear,Curiosity,{{subject}},{{pronoun}},"{{subject}} evokes feelings of a need for space, mixed with tight caution and colored by steady interest. It can feel like you need a little distance first, so you can see it clearly without losing contact.

You might begin by simply noticing these responses in your body without arguing with them. From there, give some room to the the need for space and the caution, and let the interest gently invite you to stay curious without rushing your next move.",-0.2,Gently Negative,"seed_genres=ambient,lo-fi&target_valence=0.40&target_energy=0.23","Using the Spotify Recommendations API, find one track that feels related to {subject} and matches this emotional profile: primary feel distant, spacious feeling, secondary feel tense, cautious mood, and coloring curious, exploratory energy. Use these parameters when possible: seed_genres=ambient,lo-fi&target_valence=0.40&target_energy=0.23. Return the single best matching track.","Atmospheric conditions around {subject} show a wide still airfield interacting with a cautious, constricting flow, producing variable patterns. A thin curiosity haze is expected to persist through the period, shaping the overall outlook for this area.",Distance | Protecting | Flexible
Withdrawing,Fear,Disgust,{{subject}},{{pronoun}},"{{subject}} evokes feelings of a need for space, mixed with tight caution and colored by an inner no. It can feel like you need a little distance first, so you can see it clearly without losing contact.

You might begin by simply noticing these responses in your body without arguing with them. From there, give some room to the the need for space and the caution, and use the the inner no to sort what belongs close and what needs more distance.",-0.6000000000000000,Strongly Negative,"seed_genres=ambient,lo-fi&target_valence=0.20&target_energy=0.19","Using the Spotify Recommendations API, find one track that feels related to {subject} and matches this emotional profile: primary feel distant, spacious feeling, secondary feel tense, cautious mood, and coloring harsh, rejecting tone. Use these parameters when possible: seed_genres=ambient,lo-fi&target_valence=0.20&target_energy=0.19. Return the single best matching track.","Atmospheric conditions around {subject} show a thinning distant layer interacting with a cautious, constricting flow, producing variable patterns. A a sharp edge in the higher air is expected to persist through the period, shaping the overall outlook for this area.",Distance | Protecting | Decisive
Withdrawing,Fear,Dropping,{{subject}},{{pronoun}},"{{subject}} evokes feelings of a need for space, mixed with tight caution and colored by a small collapse inside. It can feel like you need a little distance first, so you can see it clearly without losing contact.

You might begin by simply noticing these responses in your body without arguing with them. From there, give some room to the the need for space and the caution, and let the the collapse remind you to move gently and offer yourself a bit more support around {subject}.",-0.6000000000000000,Strongly Negative,"seed_genres=ambient,lo-fi&target_valence=0.20&target_energy=0.19","Using the Spotify Recommendations API, find one track that feels related to {subject} and matches this emotional profile: primary feel distant, spacious feeling, secondary feel tense, cautious mood, and coloring fragile, sinking tone. Use these parameters when possible: seed_genres=ambient,lo-fi&target_valence=0.20&target_energy=0.19. Return the single best matching track.","Atmospheric conditions around {subject} show a thinning distant layer interacting with a narrow cautious band, producing variable patterns. A a low dim undertone in the field is expected to persist through the period, shaping the overall outlook for this area.",Distance | Protecting | Quiet
Withdrawing,Fear,Joy,{{subject}},{{pronoun}},"{{subject}} evokes feelings of a need for space, mixed with tight caution and colored by warm lift. It can feel like you need a little distance first, so you can see it clearly without losing contact.

You might begin by simply noticing these responses in your body without arguing with them. From there, give some room to the the need for space and the caution, and let the warmth soften the edges so you can stay present without forcing anything.",-0.2,Gently Negative,"seed_genres=ambient,lo-fi&target_valence=0.40&target_energy=0.23","Using the Spotify Recommendations API, find one track that feels related to {subject} and matches this emotional profile: primary feel distant, spacious feeling, secondary feel tense, cautious mood, and coloring warm, uplifting tone. Use these parameters when possible: seed_genres=ambient,lo-fi&target_valence=0.40&target_energy=0.23. Return the single best matching track.","Atmospheric conditions around {subject} show a quiet retreating band interacting with tightening cool layers, producing variable patterns. A a soft warming undercurrent is expected to persist through the period, shaping the overall outlook for this area.",Distance | Protecting | Open
Withdrawing,Fear,Sadness,{{subject}},{{pronoun}},"{{subject}} evokes feelings of a need for space, mixed with tight caution and colored by soft heaviness. It can feel like you need a little distance first, so you can see it clearly without losing contact.

You might begin by simply noticing these responses in your body without arguing with them. From there, give some room to the the need for space and the caution, and treat the heaviness as a signal to slow down and stay close to what really matters here.",-0.6000000000000000,Strongly Negative,"seed_genres=ambient,lo-fi&target_valence=0.20&target_energy=0.19","Using the Spotify Recommendations API, find one track that feels related to {subject} and matches this emotional profile: primary feel distant, spacious feeling, secondary feel tense, cautious mood, and coloring slow, melancholic mood. Use these parameters when possible: seed_genres=ambient,lo-fi&target_valence=0.20&target_energy=0.19. Return the single best matching track.","Atmospheric conditions around {subject} show a wide still airfield interacting with a narrow cautious band, producing variable patterns. A a soft descending mist layer is expected to persist through the period, shaping the overall outlook for this area.",Distance | Protecting | Tender
Withdrawing,Fear,Surprise,{{subject}},{{pronoun}},"{{subject}} evokes feelings of a need for space, mixed with tight caution and colored by a sharp jolt. It can feel like you need a little distance first, so you can see it clearly without losing contact.

You might begin by simply noticing these responses in your body without arguing with them. From there, give some room to the the need for space and the caution, and use the the jolt as a brief pause to reset, then decide what pace actually feels right.",-0.4,Gently Negative,"seed_genres=ambient,lo-fi&target_valence=0.30&target_energy=0.21","Using the Spotify Recommendations API, find one track that feels related to {subject} and matches this emotional profile: primary feel distant, spacious feeling, secondary feel tense, cautious mood, and coloring sudden, shifting feel. Use these parameters when possible: seed_genres=ambient,lo-fi&target_valence=0.30&target_energy=0.21. Return the single best matching track.","Atmospheric conditions around {subject} show a quiet retreating band interacting with a narrow cautious band, producing variable patterns. A a brief flicker in the upper air is expected to persist through the period, shaping the overall outlook for this area.",Distance | Protecting | New
Withdrawing,Joy,Anger,{{subject}},{{pronoun}},"{{subject}} evokes feelings of a need for space, mixed with warm lift and colored by protective heat. It can feel like you need a little distance first, so you can see it clearly without losing contact.

You might begin by simply noticing these responses in your body without arguing with them. From there, give some room to the the need for space and the warmth, and let the heat help you name what is okay and what is not as you relate to {subject}.",-2.77555756156289E-17,Mixed / Neutral,"seed_genres=ambient,lo-fi&target_valence=0.50&target_energy=0.25","Using the Spotify Recommendations API, find one track that feels related to {subject} and matches this emotional profile: primary feel distant, spacious feeling, secondary feel warm, uplifting tone, and coloring intense, boundary-protective energy. Use these parameters when possible: seed_genres=ambient,lo-fi&target_valence=0.50&target_energy=0.25. Return the single best matching track.","Atmospheric conditions around {subject} show a wide still airfield interacting with gentle lifting pockets, producing variable patterns. A a heated residue trailing the system is expected to persist through the period, shaping the overall outlook for this area.",Distance | Bonding | Firm
Withdrawing,Joy,Curiosity,{{subject}},{{pronoun}},"{{subject}} evokes feelings of a need for space, mixed with warm lift and colored by steady interest. It can feel like you need a little distance first, so you can see it clearly without losing contact.

You might begin by simply noticing these responses in your body without arguing with them. From there, give some room to the the need for space and the warmth, and let the interest gently invite you to stay curious without rushing your next move.",0.4,Gently Positive,"seed_genres=ambient,lo-fi&target_valence=0.70&target_energy=0.29","Using the Spotify Recommendations API, find one track that feels related to {subject} and matches this emotional profile: primary feel distant, spacious feeling, secondary feel warm, uplifting tone, and coloring curious, exploratory energy. Use these parameters when possible: seed_genres=ambient,lo-fi&target_valence=0.70&target_energy=0.29. Return the single best matching track.","Atmospheric conditions around {subject} show a quiet retreating band interacting with a mild brightening trend, producing variable patterns. A a light exploratory shimmer aloft is expected to persist through the period, shaping the overall outlook for this area.",Distance | Bonding | Flexible
Withdrawing,Joy,Disgust,{{subject}},{{pronoun}},"{{subject}} evokes feelings of a need for space, mixed with warm lift and colored by an inner no. It can feel like you need a little distance first, so you can see it clearly without losing contact.

You might begin by simply noticing these responses in your body without arguing with them. From there, give some room to the the need for space and the warmth, and use the the inner no to sort what belongs close and what needs more distance.",-2.77555756156289E-17,Mixed / Neutral,"seed_genres=ambient,lo-fi&target_valence=0.50&target_energy=0.25","Using the Spotify Recommendations API, find one track that feels related to {subject} and matches this emotional profile: primary feel distant, spacious feeling, secondary feel warm, uplifting tone, and coloring harsh, rejecting tone. Use these parameters when possible: seed_genres=ambient,lo-fi&target_valence=0.50&target_energy=0.25. Return the single best matching track.","Atmospheric conditions around {subject} show a wide still airfield interacting with gentle lifting pockets, producing variable patterns. A a sharp edge in the higher air is expected to persist through the period, shaping the overall outlook for this area.",Distance | Bonding | Decisive
Withdrawing,Joy,Dropping,{{subject}},{{pronoun}},"{{subject}} evokes feelings of a need for space, mixed with warm lift and colored by a small collapse inside. It can feel like you need a little distance first, so you can see it clearly without losing contact.

You might begin by simply noticing these responses in your body without arguing with them. From there, give some room to the the need for space and the warmth, and let the the collapse remind you to move gently and offer yourself a bit more support around {subject}.",-2.77555756156289E-17,Mixed / Neutral,"seed_genres=ambient,lo-fi&target_valence=0.50&target_energy=0.25","Using the Spotify Recommendations API, find one track that feels related to {subject} and matches this emotional profile: primary feel distant, spacious feeling, secondary feel warm, uplifting tone, and coloring fragile, sinking tone. Use these parameters when possible: seed_genres=ambient,lo-fi&target_valence=0.50&target_energy=0.25. Return the single best matching track.","Atmospheric conditions around {subject} show a thinning distant layer interacting with a mild brightening trend, producing variable patterns. A a settling hush near the ground is expected to persist through the period, shaping the overall outlook for this area.",Distance | Bonding | Quiet
Withdrawing,Joy,Fear,{{subject}},{{pronoun}},"{{subject}} evokes feelings of a need for space, mixed with warm lift and colored by tight caution. It can feel like you need a little distance first, so you can see it clearly without losing contact.

You might begin by simply noticing these responses in your body without arguing with them. From there, give some room to the the need for space and the warmth, and honor the caution by moving in small steps and checking what feels safe as you go.",-2.77555756156289E-17,Mixed / Neutral,"seed_genres=ambient,lo-fi&target_valence=0.50&target_energy=0.25","Using the Spotify Recommendations API, find one track that feels related to {subject} and matches this emotional profile: primary feel distant, spacious feeling, secondary feel warm, uplifting tone, and coloring tense, cautious mood. Use these parameters when possible: seed_genres=ambient,lo-fi&target_valence=0.50&target_energy=0.25. Return the single best matching track.","Atmospheric conditions around {subject} show a quiet retreating band interacting with soft warming air, producing variable patterns. A a narrow watchful band at higher levels is expected to persist through the period, shaping the overall outlook for this area.",Distance | Bonding | Cautious
Withdrawing,Joy,Sadness,{{subject}},{{pronoun}},"{{subject}} evokes feelings of a need for space, mixed with warm lift and colored by soft heaviness. It can feel like you need a little distance first, so you can see it clearly without losing contact.

You might begin by simply noticing these responses in your body without arguing with them. From there, give some room to the the need for space and the warmth, and treat the heaviness as a signal to slow down and stay close to what really matters here.",-2.77555756156289E-17,Mixed / Neutral,"seed_genres=ambient,lo-fi&target_valence=0.50&target_energy=0.25","Using the Spotify Recommendations API, find one track that feels related to {subject} and matches this emotional profile: primary feel distant, spacious feeling, secondary feel warm, uplifting tone, and coloring slow, melancholic mood. Use these parameters when possible: seed_genres=ambient,lo-fi&target_valence=0.50&target_energy=0.25. Return the single best matching track.","Atmospheric conditions around {subject} show a wide still airfield interacting with a mild brightening trend, producing variable patterns. A a soft descending mist layer is expected to persist through the period, shaping the overall outlook for this area.",Distance | Bonding | Tender
Withdrawing,Joy,Surprise,{{subject}},{{pronoun}},"{{subject}} evokes feelings of a need for space, mixed with warm lift and colored by a sharp jolt. It can feel like you need a little distance first, so you can see it clearly without losing contact.

You might begin by simply noticing these responses in your body without arguing with them. From there, give some room to the the need for space and the warmth, and use the the jolt as a brief pause to reset, then decide what pace actually feels right.",0.2000000000000000,Gently Positive,"seed_genres=ambient,lo-fi&target_valence=0.60&target_energy=0.27","Using the Spotify Recommendations API, find one track that feels related to {subject} and matches this emotional profile: primary feel distant, spacious feeling, secondary feel warm, uplifting tone, and coloring sudden, shifting feel. Use these parameters when possible: seed_genres=ambient,lo-fi&target_valence=0.60&target_energy=0.27. Return the single best matching track.","Atmospheric conditions around {subject} show a thinning distant layer interacting with gentle lifting pockets, producing variable patterns. A a patchy scattering pattern aloft is expected to persist through the period, shaping the overall outlook for this area.",Distance | Bonding | New
Withdrawing,Sadness,Anger,{{subject}},{{pronoun}},"{{subject}} evokes feelings of a need for space, mixed with soft heaviness and colored by protective heat. It can feel like you need a little distance first, so you can see it clearly without losing contact.

You might begin by simply noticing these responses in your body without arguing with them. From there, give some room to the the need for space and the heaviness, and let the heat help you name what is okay and what is not as you relate to {subject}.",-0.6000000000000000,Strongly Negative,"seed_genres=ambient,lo-fi&target_valence=0.20&target_energy=0.19","Using the Spotify Recommendations API, find one track that feels related to {subject} and matches this emotional profile: primary feel distant, spacious feeling, secondary feel slow, melancholic mood, and coloring intense, boundary-protective energy. Use these parameters when possible: seed_genres=ambient,lo-fi&target_valence=0.20&target_energy=0.19. Return the single best matching track.","Atmospheric conditions around {subject} show a quiet retreating band interacting with muted rain bands, producing variable patterns. A a thin aggressive echo aloft is expected to persist through the period, shaping the overall outlook for this area.",Distance | Grieving | Firm
Withdrawing,Sadness,Curiosity,{{subject}},{{pronoun}},"{{subject}} evokes feelings of a need for space, mixed with soft heaviness and colored by steady interest. It can feel like you need a little distance first, so you can see it clearly without losing contact.

You might begin by simply noticing these responses in your body without arguing with them. From there, give some room to the the need for space and the heaviness, and let the interest gently invite you to stay curious without rushing your next move.",-0.2,Gently Negative,"seed_genres=ambient,lo-fi&target_valence=0.40&target_energy=0.23","Using the Spotify Recommendations API, find one track that feels related to {subject} and matches this emotional profile: primary feel distant, spacious feeling, secondary feel slow, melancholic mood, and coloring curious, exploratory energy. Use these parameters when possible: seed_genres=ambient,lo-fi&target_valence=0.40&target_energy=0.23. Return the single best matching track.","Atmospheric conditions around {subject} show a quiet retreating band interacting with a damp, heavy drift, producing variable patterns. A thin curiosity haze is expected to persist through the period, shaping the overall outlook for this area.",Distance | Grieving | Flexible
Withdrawing,Sadness,Disgust,{{subject}},{{pronoun}},"{{subject}} evokes feelings of a need for space, mixed with soft heaviness and colored by an inner no. It can feel like you need a little distance first, so you can see it clearly without losing contact.

You might begin by simply noticing these responses in your body without arguing with them. From there, give some room to the the need for space and the heaviness, and use the the inner no to sort what belongs close and what needs more distance.",-0.6000000000000000,Strongly Negative,"seed_genres=ambient,lo-fi&target_valence=0.20&target_energy=0.19","Using the Spotify Recommendations API, find one track that feels related to {subject} and matches this emotional profile: primary feel distant, spacious feeling, secondary feel slow, melancholic mood, and coloring harsh, rejecting tone. Use these parameters when possible: seed_genres=ambient,lo-fi&target_valence=0.20&target_energy=0.19. Return the single best matching track.","Atmospheric conditions around {subject} show a wide still airfield interacting with a damp, heavy drift, producing variable patterns. A a thin acidic drift at altitude is expected to persist through the period, shaping the overall outlook for this area.",Distance | Grieving | Decisive
Withdrawing,Sadness,Dropping,{{subject}},{{pronoun}},"{{subject}} evokes feelings of a need for space, mixed with soft heaviness and colored by a small collapse inside. It can feel like you need a little distance first, so you can see it clearly without losing contact.

You might begin by simply noticing these responses in your body without arguing with them. From there, give some room to the the need for space and the heaviness, and let the the collapse remind you to move gently and offer yourself a bit more support around {subject}.",-0.6000000000000000,Strongly Negative,"seed_genres=ambient,lo-fi&target_valence=0.20&target_energy=0.19","Using the Spotify Recommendations API, find one track that feels related to {subject} and matches this emotional profile: primary feel distant, spacious feeling, secondary feel slow, melancholic mood, and coloring fragile, sinking tone. Use these parameters when possible: seed_genres=ambient,lo-fi&target_valence=0.20&target_energy=0.19. Return the single best matching track.","Atmospheric conditions around {subject} show a wide still airfield interacting with slow trailing showers, producing variable patterns. A a settling hush near the ground is expected to persist through the period, shaping the overall outlook for this area.",Distance | Grieving | Quiet
Withdrawing,Sadness,Fear,{{subject}},{{pronoun}},"{{subject}} evokes feelings of a need for space, mixed with soft heaviness and colored by tight caution. It can feel like you need a little distance first, so you can see it clearly without losing contact.

You might begin by simply noticing these responses in your body without arguing with them. From there, give some room to the the need for space and the heaviness, and honor the caution by moving in small steps and checking what feels safe as you go.",-0.6000000000000000,Strongly Negative,"seed_genres=ambient,lo-fi&target_valence=0.20&target_energy=0.19","Using the Spotify Recommendations API, find one track that feels related to {subject} and matches this emotional profile: primary feel distant, spacious feeling, secondary feel slow, melancholic mood, and coloring tense, cautious mood. Use these parameters when possible: seed_genres=ambient,lo-fi&target_valence=0.20&target_energy=0.19. Return the single best matching track.","Atmospheric conditions around {subject} show a wide still airfield interacting with slow trailing showers, producing variable patterns. A a cooling shadow line overhead is expected to persist through the period, shaping the overall outlook for this area.",Distance | Grieving | Cautious
Withdrawing,Sadness,Joy,{{subject}},{{pronoun}},"{{subject}} evokes feelings of a need for space, mixed with soft heaviness and colored by warm lift. It can feel like you need a little distance first, so you can see it clearly without losing contact.

You might begin by simply noticing these responses in your body without arguing with them. From there, give some room to the the need for space and the heaviness, and let the warmth soften the edges so you can stay present without forcing anything.",-0.2,Gently Negative,"seed_genres=ambient,lo-fi&target_valence=0.40&target_energy=0.23","Using the Spotify Recommendations API, find one track that feels related to {subject} and matches this emotional profile: primary feel distant, spacious feeling, secondary feel slow, melancholic mood, and coloring warm, uplifting tone. Use these parameters when possible: seed_genres=ambient,lo-fi&target_valence=0.40&target_energy=0.23. Return the single best matching track.","Atmospheric conditions around {subject} show a wide still airfield interacting with muted rain bands, producing variable patterns. A a quiet bright layer above is expected to persist through the period, shaping the overall outlook for this area.",Distance | Grieving | Open
Withdrawing,Sadness,Surprise,{{subject}},{{pronoun}},"{{subject}} evokes feelings of a need for space, mixed with soft heaviness and colored by a sharp jolt. It can feel like you need a little distance first, so you can see it clearly without losing contact.

You might begin by simply noticing these responses in your body without arguing with them. From there, give some room to the the need for space and the heaviness, and use the the jolt as a brief pause to reset, then decide what pace actually feels right.",-0.4,Gently Negative,"seed_genres=ambient,lo-fi&target_valence=0.30&target_energy=0.21","Using the Spotify Recommendations API, find one track that feels related to {subject} and matches this emotional profile: primary feel distant, spacious feeling, secondary feel slow, melancholic mood, and coloring sudden, shifting feel. Use these parameters when possible: seed_genres=ambient,lo-fi&target_valence=0.30&target_energy=0.21. Return the single best matching track.","Atmospheric conditions around {subject} show a thinning distant layer interacting with muted rain bands, producing variable patterns. A a patchy scattering pattern aloft is expected to persist through the period, shaping the overall outlook for this area.",Distance | Grieving | New
Withdrawing,Surprise,Anger,{{subject}},{{pronoun}},"{{subject}} evokes feelings of a need for space, mixed with a sharp jolt and colored by protective heat. It can feel like you need a little distance first, so you can see it clearly without losing contact.

You might begin by simply noticing these responses in your body without arguing with them. From there, give some room to the the need for space and the the jolt, and let the heat help you name what is okay and what is not as you relate to {subject}.",-0.3,Gently Negative,"seed_genres=ambient,lo-fi&target_valence=0.35&target_energy=0.22","Using the Spotify Recommendations API, find one track that feels related to {subject} and matches this emotional profile: primary feel distant, spacious feeling, secondary feel sudden, shifting feel, and coloring intense, boundary-protective energy. Use these parameters when possible: seed_genres=ambient,lo-fi&target_valence=0.35&target_energy=0.22. Return the single best matching track.","Atmospheric conditions around {subject} show a quiet retreating band interacting with brief unexpected shifts, producing variable patterns. A a heated residue trailing the system is expected to persist through the period, shaping the overall outlook for this area.",Distance | Clearing | Firm
Withdrawing,Surprise,Curiosity,{{subject}},{{pronoun}},"{{subject}} evokes feelings of a need for space, mixed with a sharp jolt and colored by steady interest. It can feel like you need a little distance first, so you can see it clearly without losing contact.

You might begin by simply noticing these responses in your body without arguing with them. From there, give some room to the the need for space and the the jolt, and let the interest gently invite you to stay curious without rushing your next move.",0.1,Mixed / Neutral,"seed_genres=ambient,lo-fi&target_valence=0.55&target_energy=0.26","Using the Spotify Recommendations API, find one track that feels related to {subject} and matches this emotional profile: primary feel distant, spacious feeling, secondary feel sudden, shifting feel, and coloring curious, exploratory energy. Use these parameters when possible: seed_genres=ambient,lo-fi&target_valence=0.55&target_energy=0.26. Return the single best matching track.","Atmospheric conditions around {subject} show a wide still airfield interacting with scattered short bursts, producing variable patterns. A thin curiosity haze is expected to persist through the period, shaping the overall outlook for this area.",Distance | Clearing | Flexible
Withdrawing,Surprise,Disgust,{{subject}},{{pronoun}},"{{subject}} evokes feelings of a need for space, mixed with a sharp jolt and colored by an inner no. It can feel like you need a little distance first, so you can see it clearly without losing contact.

You might begin by simply noticing these responses in your body without arguing with them. From there, give some room to the the need for space and the the jolt, and use the the inner no to sort what belongs close and what needs more distance.",-0.3,Gently Negative,"seed_genres=ambient,lo-fi&target_valence=0.35&target_energy=0.22","Using the Spotify Recommendations API, find one track that feels related to {subject} and matches this emotional profile: primary feel distant, spacious feeling, secondary feel sudden, shifting feel, and coloring harsh, rejecting tone. Use these parameters when possible: seed_genres=ambient,lo-fi&target_valence=0.35&target_energy=0.22. Return the single best matching track.","Atmospheric conditions around {subject} show a thinning distant layer interacting with broken, shifting patches, producing variable patterns. A a thin acidic drift at altitude is expected to persist through the period, shaping the overall outlook for this area.",Distance | Clearing | Decisive
Withdrawing,Surprise,Dropping,{{subject}},{{pronoun}},"{{subject}} evokes feelings of a need for space, mixed with a sharp jolt and colored by a small collapse inside. It can feel like you need a little distance first, so you can see it clearly without losing contact.

You might begin by simply noticing these responses in your body without arguing with them. From there, give some room to the the need for space and the the jolt, and let the the collapse remind you to move gently and offer yourself a bit more support around {subject}.",-0.3,Gently Negative,"seed_genres=ambient,lo-fi&target_valence=0.35&target_energy=0.22","Using the Spotify Recommendations API, find one track that feels related to {subject} and matches this emotional profile: primary feel distant, spacious feeling, secondary feel sudden, shifting feel, and coloring fragile, sinking tone. Use these parameters when possible: seed_genres=ambient,lo-fi&target_valence=0.35&target_energy=0.22. Return the single best matching track.","Atmospheric conditions around {subject} show a thinning distant layer interacting with scattered short bursts, producing variable patterns. A a low dim undertone in the field is expected to persist through the period, shaping the overall outlook for this area.",Distance | Clearing | Quiet
Withdrawing,Surprise,Fear,{{subject}},{{pronoun}},"{{subject}} evokes feelings of a need for space, mixed with a sharp jolt and colored by tight caution. It can feel like you need a little distance first, so you can see it clearly without losing contact.

You might begin by simply noticing these responses in your body without arguing with them. From there, give some room to the the need for space and the the jolt, and honor the caution by moving in small steps and checking what feels safe as you go.",-0.3,Gently Negative,"seed_genres=ambient,lo-fi&target_valence=0.35&target_energy=0.22","Using the Spotify Recommendations API, find one track that feels related to {subject} and matches this emotional profile: primary feel distant, spacious feeling, secondary feel sudden, shifting feel, and coloring tense, cautious mood. Use these parameters when possible: seed_genres=ambient,lo-fi&target_valence=0.35&target_energy=0.22. Return the single best matching track.","Atmospheric conditions around {subject} show a quiet retreating band interacting with scattered short bursts, producing variable patterns. A a narrow watchful band at higher levels is expected to persist through the period, shaping the overall outlook for this area.",Distance | Clearing | Cautious
Withdrawing,Surprise,Joy,{{subject}},{{pronoun}},"{{subject}} evokes feelings of a need for space, mixed with a sharp jolt and colored by warm lift. It can feel like you need a little distance first, so you can see it clearly without losing contact.

You might begin by simply noticing these responses in your body without arguing with them. From there, give some room to the the need for space and the the jolt, and let the warmth soften the edges so you can stay present without forcing anything.",0.1,Mixed / Neutral,"seed_genres=ambient,lo-fi&target_valence=0.55&target_energy=0.26","Using the Spotify Recommendations API, find one track that feels related to {subject} and matches this emotional profile: primary feel distant, spacious feeling, secondary feel sudden, shifting feel, and coloring warm, uplifting tone. Use these parameters when possible: seed_genres=ambient,lo-fi&target_valence=0.55&target_energy=0.26. Return the single best matching track.","Atmospheric conditions around {subject} show a quiet retreating band interacting with brief unexpected shifts, producing variable patterns. A a quiet bright layer above is expected to persist through the period, shaping the overall outlook for this area.",Distance | Clearing | Open
Withdrawing,Surprise,Sadness,{{subject}},{{pronoun}},"{{subject}} evokes feelings of a need for space, mixed with a sharp jolt and colored by soft heaviness. It can feel like you need a little distance first, so you can see it clearly without losing contact.

You might begin by simply noticing these responses in your body without arguing with them. From there, give some room to the the need for space and the the jolt, and treat the heaviness as a signal to slow down and stay close to what really matters here.",-0.3,Gently Negative,"seed_genres=ambient,lo-fi&target_valence=0.35&target_energy=0.22","Using the Spotify Recommendations API, find one track that feels related to {subject} and matches this emotional profile: primary feel distant, spacious feeling, secondary feel sudden, shifting feel, and coloring slow, melancholic mood. Use these parameters when possible: seed_genres=ambient,lo-fi&target_valence=0.35&target_energy=0.22. Return the single best matching track.","Atmospheric conditions around {subject} show a quiet retreating band interacting with scattered short bursts, producing variable patterns. A a soft descending mist layer is expected to persist through the period, shaping the overall outlook for this area.",Distance | Clearing | Tender
Sadness,Anger,Curiosity,{{subject}},{{pronoun}},"{{subject}} evokes feelings of soft heaviness that pull you inward, entangled with protective heat and touched by steady interest. It may register as a quiet ache that still wants to understand what this means to you.

You might begin by simply noticing these responses in your body without arguing with them. From there, give some room to the heaviness and the heat, and let the interest gently invite you to stay curious without rushing your next move.",-0.6000000000000000,Strongly Negative,"seed_genres=sad-indie,ambient&target_valence=0.20&target_energy=0.24","Using the Spotify Recommendations API, find one track that feels related to {subject} and matches this emotional profile: primary feel slow, melancholic mood, secondary feel intense, boundary-protective energy, and coloring curious, exploratory energy. Use these parameters when possible: seed_genres=sad-indie,ambient&target_valence=0.20&target_energy=0.24. Return the single best matching track.","Atmospheric conditions around {subject} show a low gray ceiling interacting with a sharp heated edge, producing variable patterns. A a light exploratory shimmer aloft is expected to persist through the period, shaping the overall outlook for this area.",Depth | Defending | Flexible
Sadness,Anger,Disgust,{{subject}},{{pronoun}},"{{subject}} evokes feelings of soft heaviness that pull you inward, entangled with protective heat and touched by an inner no. It may register as a quiet ache that still wants to understand what this means to you.

You might begin by simply noticing these responses in your body without arguing with them. From there, give some room to the heaviness and the heat, and use the the inner no to sort what belongs close and what needs more distance.",-1.0,Strongly Negative,"seed_genres=sad-indie,ambient&target_valence=0.00&target_energy=0.20","Using the Spotify Recommendations API, find one track that feels related to {subject} and matches this emotional profile: primary feel slow, melancholic mood, secondary feel intense, boundary-protective energy, and coloring harsh, rejecting tone. Use these parameters when possible: seed_genres=sad-indie,ambient&target_valence=0.00&target_energy=0.20. Return the single best matching track.","Atmospheric conditions around {subject} show a lingering overcast layer interacting with a pressing hot strip, producing variable patterns. A a sharp edge in the higher air is expected to persist through the period, shaping the overall outlook for this area.",Depth | Defending | Decisive
Sadness,Anger,Dropping,{{subject}},{{pronoun}},"{{subject}} evokes feelings of soft heaviness that pull you inward, entangled with protective heat and touched by a small collapse inside. It may register as a quiet ache that still wants to understand what this means to you.

You might begin by simply noticing these responses in your body without arguing with them. From there, give some room to the heaviness and the heat, and let the the collapse remind you to move gently and offer yourself a bit more support around {subject}.",-1.0,Strongly Negative,"seed_genres=sad-indie,ambient&target_valence=0.00&target_energy=0.20","Using the Spotify Recommendations API, find one track that feels related to {subject} and matches this emotional profile: primary feel slow, melancholic mood, secondary feel intense, boundary-protective energy, and coloring fragile, sinking tone. Use these parameters when possible: seed_genres=sad-indie,ambient&target_valence=0.00&target_energy=0.20. Return the single best matching track.","Atmospheric conditions around {subject} show a lingering overcast layer interacting with a sharp heated edge, producing variable patterns. A a settling hush near the ground is expected to persist through the period, shaping the overall outlook for this area.",Depth | Defending | Quiet
Sadness,Anger,Fear,{{subject}},{{pronoun}},"{{subject}} evokes feelings of soft heaviness that pull you inward, entangled with protective heat and touched by tight caution. It may register as a quiet ache that still wants to understand what this means to you.

You might begin by simply noticing these responses in your body without arguing with them. From there, give some room to the heaviness and the heat, and honor the caution by moving in small steps and checking what feels safe as you go.",-1.0,Strongly Negative,"seed_genres=sad-indie,ambient&target_valence=0.00&target_energy=0.20","Using the Spotify Recommendations API, find one track that feels related to {subject} and matches this emotional profile: primary feel slow, melancholic mood, secondary feel intense, boundary-protective energy, and coloring tense, cautious mood. Use these parameters when possible: seed_genres=sad-indie,ambient&target_valence=0.00&target_energy=0.20. Return the single best matching track.","Atmospheric conditions around {subject} show a slow drifting rain field interacting with a sharp heated edge, producing variable patterns. A a cooling shadow line overhead is expected to persist through the period, shaping the overall outlook for this area.",Depth | Defending | Cautious
Sadness,Anger,Joy,{{subject}},{{pronoun}},"{{subject}} evokes feelings of soft heaviness that pull you inward, entangled with protective heat and touched by warm lift. It may register as a quiet ache that still wants to understand what this means to you.

You might begin by simply noticing these responses in your body without arguing with them. From there, give some room to the heaviness and the heat, and let the warmth soften the edges so you can stay present without forcing anything.",-0.6000000000000000,Strongly Negative,"seed_genres=sad-indie,ambient&target_valence=0.20&target_energy=0.24","Using the Spotify Recommendations API, find one track that feels related to {subject} and matches this emotional profile: primary feel slow, melancholic mood, secondary feel intense, boundary-protective energy, and coloring warm, uplifting tone. Use these parameters when possible: seed_genres=sad-indie,ambient&target_valence=0.20&target_energy=0.24. Return the single best matching track.","Atmospheric conditions around {subject} show a slow drifting rain field interacting with a tense, loaded boundary, producing variable patterns. A a quiet bright layer above is expected to persist through the period, shaping the overall outlook for this area.",Depth | Defending | Open
Sadness,Anger,Withdrawing,{{subject}},{{pronoun}},"{{subject}} evokes feelings of soft heaviness that pull you inward, entangled with protective heat and touched by a need for space. It may register as a quiet ache that still wants to understand what this means to you.

You might begin by simply noticing these responses in your body without arguing with them. From there, give some room to the heaviness and the heat, and honor the the need for space by giving yourself room to breathe before deciding what you want to do.",-0.8400000000000000,Strongly Negative,"seed_genres=sad-indie,ambient&target_valence=0.08&target_energy=0.22","Using the Spotify Recommendations API, find one track that feels related to {subject} and matches this emotional profile: primary feel slow, melancholic mood, secondary feel intense, boundary-protective energy, and coloring distant, spacious feeling. Use these parameters when possible: seed_genres=sad-indie,ambient&target_valence=0.08&target_energy=0.22. Return the single best matching track.","Atmospheric conditions around {subject} show a low gray ceiling interacting with a sharp heated edge, producing variable patterns. A an open still band on the horizon is expected to persist through the period, shaping the overall outlook for this area.",Depth | Defending | Objective
Sadness,Anger,Surprise,{{subject}},{{pronoun}},"{{subject}} evokes feelings of soft heaviness that pull you inward, entangled with protective heat and touched by a sharp jolt. It may register as a quiet ache that still wants to understand what this means to you.

You might begin by simply noticing these responses in your body without arguing with them. From there, give some room to the heaviness and the heat, and use the the jolt as a brief pause to reset, then decide what pace actually feels right.",-0.8,Strongly Negative,"seed_genres=sad-indie,ambient&target_valence=0.10&target_energy=0.22","Using the Spotify Recommendations API, find one track that feels related to {subject} and matches this emotional profile: primary feel slow, melancholic mood, secondary feel intense, boundary-protective energy, and coloring sudden, shifting feel. Use these parameters when possible: seed_genres=sad-indie,ambient&target_valence=0.10&target_energy=0.22. Return the single best matching track.","Atmospheric conditions around {subject} show a low gray ceiling interacting with a tense, loaded boundary, producing variable patterns. A a patchy scattering pattern aloft is expected to persist through the period, shaping the overall outlook for this area.",Depth | Defending | New
Sadness,Curiosity,Anger,{{subject}},{{pronoun}},"{{subject}} evokes feelings of soft heaviness that pull you inward, entangled with steady interest and touched by protective heat. It may register as a quiet ache that still wants to understand what this means to you.

You might begin by simply noticing these responses in your body without arguing with them. From there, give some room to the heaviness and the interest, and let the heat help you name what is okay and what is not as you relate to {subject}.",-0.4,Gently Negative,"seed_genres=sad-indie,ambient&target_valence=0.30&target_energy=0.26","Using the Spotify Recommendations API, find one track that feels related to {subject} and matches this emotional profile: primary feel slow, melancholic mood, secondary feel curious, exploratory energy, and coloring intense, boundary-protective energy. Use these parameters when possible: seed_genres=sad-indie,ambient&target_valence=0.30&target_energy=0.26. Return the single best matching track.","Atmospheric conditions around {subject} show a lingering overcast layer interacting with restless tilting currents, producing variable patterns. A a thin aggressive echo aloft is expected to persist through the period, shaping the overall outlook for this area.",Depth | Exploring | Firm
Sadness,Curiosity,Disgust,{{subject}},{{pronoun}},"{{subject}} evokes feelings of soft heaviness that pull you inward, entangled with steady interest and touched by an inner no. It may register as a quiet ache that still wants to understand what this means to you.

You might begin by simply noticing these responses in your body without arguing with them. From there, give some room to the heaviness and the interest, and use the the inner no to sort what belongs close and what needs more distance.",-0.4,Gently Negative,"seed_genres=sad-indie,ambient&target_valence=0.30&target_energy=0.26","Using the Spotify Recommendations API, find one track that feels related to {subject} and matches this emotional profile: primary feel slow, melancholic mood, secondary feel curious, exploratory energy, and coloring harsh, rejecting tone. Use these parameters when possible: seed_genres=sad-indie,ambient&target_valence=0.30&target_energy=0.26. Return the single best matching track.","Atmospheric conditions around {subject} show a low gray ceiling interacting with light curious drift, producing variable patterns. A a thin acidic drift at altitude is expected to persist through the period, shaping the overall outlook for this area.",Depth | Exploring | Decisive
Sadness,Curiosity,Dropping,{{subject}},{{pronoun}},"{{subject}} evokes feelings of soft heaviness that pull you inward, entangled with steady interest and touched by a small collapse inside. It may register as a quiet ache that still wants to understand what this means to you.

You might begin by simply noticing these responses in your body without arguing with them. From there, give some room to the heaviness and the interest, and let the the collapse remind you to move gently and offer yourself a bit more support around {subject}.",-0.4,Gently Negative,"seed_genres=sad-indie,ambient&target_valence=0.30&target_energy=0.26","Using the Spotify Recommendations API, find one track that feels related to {subject} and matches this emotional profile: primary feel slow, melancholic mood, secondary feel curious, exploratory energy, and coloring fragile, sinking tone. Use these parameters when possible: seed_genres=sad-indie,ambient&target_valence=0.30&target_energy=0.26. Return the single best matching track.","Atmospheric conditions around {subject} show a lingering overcast layer interacting with light curious drift, producing variable patterns. A a settling hush near the ground is expected to persist through the period, shaping the overall outlook for this area.",Depth | Exploring | Quiet
Sadness,Curiosity,Fear,{{subject}},{{pronoun}},"{{subject}} evokes feelings of soft heaviness that pull you inward, entangled with steady interest and touched by tight caution. It may register as a quiet ache that still wants to understand what this means to you.

You might begin by simply noticing these responses in your body without arguing with them. From there, give some room to the heaviness and the interest, and honor the caution by moving in small steps and checking what feels safe as you go.",-0.4,Gently Negative,"seed_genres=sad-indie,ambient&target_valence=0.30&target_energy=0.26","Using the Spotify Recommendations API, find one track that feels related to {subject} and matches this emotional profile: primary feel slow, melancholic mood, secondary feel curious, exploratory energy, and coloring tense, cautious mood. Use these parameters when possible: seed_genres=sad-indie,ambient&target_valence=0.30&target_energy=0.26. Return the single best matching track.","Atmospheric conditions around {subject} show a lingering overcast layer interacting with restless tilting currents, producing variable patterns. A a narrow watchful band at higher levels is expected to persist through the period, shaping the overall outlook for this area.",Depth | Exploring | Cautious
Sadness,Curiosity,Joy,{{subject}},{{pronoun}},"{{subject}} evokes feelings of soft heaviness that pull you inward, entangled with steady interest and touched by warm lift. It may register as a quiet ache that still wants to understand what this means to you.

You might begin by simply noticing these responses in your body without arguing with them. From there, give some room to the heaviness and the interest, and let the warmth soften the edges so you can stay present without forcing anything.",0.0,Mixed / Neutral,"seed_genres=sad-indie,ambient&target_valence=0.50&target_energy=0.30","Using the Spotify Recommendations API, find one track that feels related to {subject} and matches this emotional profile: primary feel slow, melancholic mood, secondary feel curious, exploratory energy, and coloring warm, uplifting tone. Use these parameters when possible: seed_genres=sad-indie,ambient&target_valence=0.50&target_energy=0.30. Return the single best matching track.","Atmospheric conditions around {subject} show a low gray ceiling interacting with light curious drift, producing variable patterns. A a soft warming undercurrent is expected to persist through the period, shaping the overall outlook for this area.",Depth | Exploring | Open
Sadness,Curiosity,Withdrawing,{{subject}},{{pronoun}},"{{subject}} evokes feelings of soft heaviness that pull you inward, entangled with steady interest and touched by a need for space. It may register as a quiet ache that still wants to understand what this means to you.

You might begin by simply noticing these responses in your body without arguing with them. From there, give some room to the heaviness and the interest, and honor the the need for space by giving yourself room to breathe before deciding what you want to do.",-0.24,Gently Negative,"seed_genres=sad-indie,ambient&target_valence=0.38&target_energy=0.28","Using the Spotify Recommendations API, find one track that feels related to {subject} and matches this emotional profile: primary feel slow, melancholic mood, secondary feel curious, exploratory energy, and coloring distant, spacious feeling. Use these parameters when possible: seed_genres=sad-indie,ambient&target_valence=0.38&target_energy=0.28. Return the single best matching track.","Atmospheric conditions around {subject} show a low gray ceiling interacting with light curious drift, producing variable patterns. A an open still band on the horizon is expected to persist through the period, shaping the overall outlook for this area.",Depth | Exploring | Objective
Sadness,Curiosity,Surprise,{{subject}},{{pronoun}},"{{subject}} evokes feelings of soft heaviness that pull you inward, entangled with steady interest and touched by a sharp jolt. It may register as a quiet ache that still wants to understand what this means to you.

You might begin by simply noticing these responses in your body without arguing with them. From there, give some room to the heaviness and the interest, and use the the jolt as a brief pause to reset, then decide what pace actually feels right.",-0.2,Gently Negative,"seed_genres=sad-indie,ambient&target_valence=0.40&target_energy=0.28","Using the Spotify Recommendations API, find one track that feels related to {subject} and matches this emotional profile: primary feel slow, melancholic mood, secondary feel curious, exploratory energy, and coloring sudden, shifting feel. Use these parameters when possible: seed_genres=sad-indie,ambient&target_valence=0.40&target_energy=0.28. Return the single best matching track.","Atmospheric conditions around {subject} show a low gray ceiling interacting with patchy exploratory flow, producing variable patterns. A a patchy scattering pattern aloft is expected to persist through the period, shaping the overall outlook for this area.",Depth | Exploring | New
Sadness,Disgust,Anger,{{subject}},{{pronoun}},"{{subject}} evokes feelings of soft heaviness that pull you inward, entangled with an inner no and touched by protective heat. It may register as a quiet ache that still wants to understand what this means to you.

You might begin by simply noticing these responses in your body without arguing with them. From there, give some room to the heaviness and the the inner no, and let the heat help you name what is okay and what is not as you relate to {subject}.",-1.0,Strongly Negative,"seed_genres=sad-indie,ambient&target_valence=0.00&target_energy=0.20","Using the Spotify Recommendations API, find one track that feels related to {subject} and matches this emotional profile: primary feel slow, melancholic mood, secondary feel harsh, rejecting tone, and coloring intense, boundary-protective energy. Use these parameters when possible: seed_genres=sad-indie,ambient&target_valence=0.00&target_energy=0.20. Return the single best matching track.","Atmospheric conditions around {subject} show a low gray ceiling interacting with harsh particulate air, producing variable patterns. A a heated residue trailing the system is expected to persist through the period, shaping the overall outlook for this area.",Depth | Rejecting | Firm
Sadness,Disgust,Curiosity,{{subject}},{{pronoun}},"{{subject}} evokes feelings of soft heaviness that pull you inward, entangled with an inner no and touched by steady interest. It may register as a quiet ache that still wants to understand what this means to you.

You might begin by simply noticing these responses in your body without arguing with them. From there, give some room to the heaviness and the the inner no, and let the interest gently invite you to stay curious without rushing your next move.",-0.6000000000000000,Strongly Negative,"seed_genres=sad-indie,ambient&target_valence=0.20&target_energy=0.24","Using the Spotify Recommendations API, find one track that feels related to {subject} and matches this emotional profile: primary feel slow, melancholic mood, secondary feel harsh, rejecting tone, and coloring curious, exploratory energy. Use these parameters when possible: seed_genres=sad-indie,ambient&target_valence=0.20&target_energy=0.24. Return the single best matching track.","Atmospheric conditions around {subject} show a slow drifting rain field interacting with a coarse turning gust, producing variable patterns. A a light exploratory shimmer aloft is expected to persist through the period, shaping the overall outlook for this area.",Depth | Rejecting | Flexible
Sadness,Disgust,Dropping,{{subject}},{{pronoun}},"{{subject}} evokes feelings of soft heaviness that pull you inward, entangled with an inner no and touched by a small collapse inside. It may register as a quiet ache that still wants to understand what this means to you.

You might begin by simply noticing these responses in your body without arguing with them. From there, give some room to the heaviness and the the inner no, and let the the collapse remind you to move gently and offer yourself a bit more support around {subject}.",-1.0,Strongly Negative,"seed_genres=sad-indie,ambient&target_valence=0.00&target_energy=0.20","Using the Spotify Recommendations API, find one track that feels related to {subject} and matches this emotional profile: primary feel slow, melancholic mood, secondary feel harsh, rejecting tone, and coloring fragile, sinking tone. Use these parameters when possible: seed_genres=sad-indie,ambient&target_valence=0.00&target_energy=0.20. Return the single best matching track.","Atmospheric conditions around {subject} show a lingering overcast layer interacting with harsh particulate air, producing variable patterns. A a settling hush near the ground is expected to persist through the period, shaping the overall outlook for this area.",Depth | Rejecting | Quiet
Sadness,Disgust,Fear,{{subject}},{{pronoun}},"{{subject}} evokes feelings of soft heaviness that pull you inward, entangled with an inner no and touched by tight caution. It may register as a quiet ache that still wants to understand what this means to you.

You might begin by simply noticing these responses in your body without arguing with them. From there, give some room to the heaviness and the the inner no, and honor the caution by moving in small steps and checking what feels safe as you go.",-1.0,Strongly Negative,"seed_genres=sad-indie,ambient&target_valence=0.00&target_energy=0.20","Using the Spotify Recommendations API, find one track that feels related to {subject} and matches this emotional profile: primary feel slow, melancholic mood, secondary feel harsh, rejecting tone, and coloring tense, cautious mood. Use these parameters when possible: seed_genres=sad-indie,ambient&target_valence=0.00&target_energy=0.20. Return the single best matching track.","Atmospheric conditions around {subject} show a slow drifting rain field interacting with irregular abrasive currents, producing variable patterns. A a cooling shadow line overhead is expected to persist through the period, shaping the overall outlook for this area.",Depth | Rejecting | Cautious
Sadness,Disgust,Joy,{{subject}},{{pronoun}},"{{subject}} evokes feelings of soft heaviness that pull you inward, entangled with an inner no and touched by warm lift. It may register as a quiet ache that still wants to understand what this means to you.

You might begin by simply noticing these responses in your body without arguing with them. From there, give some room to the heaviness and the the inner no, and let the warmth soften the edges so you can stay present without forcing anything.",-0.6000000000000000,Strongly Negative,"seed_genres=sad-indie,ambient&target_valence=0.20&target_energy=0.24","Using the Spotify Recommendations API, find one track that feels related to {subject} and matches this emotional profile: primary feel slow, melancholic mood, secondary feel harsh, rejecting tone, and coloring warm, uplifting tone. Use these parameters when possible: seed_genres=sad-indie,ambient&target_valence=0.20&target_energy=0.24. Return the single best matching track.","Atmospheric conditions around {subject} show a lingering overcast layer interacting with a coarse turning gust, producing variable patterns. A a quiet bright layer above is expected to persist through the period, shaping the overall outlook for this area.",Depth | Rejecting | Open
Sadness,Disgust,Withdrawing,{{subject}},{{pronoun}},"{{subject}} evokes feelings of soft heaviness that pull you inward, entangled with an inner no and touched by a need for space. It may register as a quiet ache that still wants to understand what this means to you.

You might begin by simply noticing these responses in your body without arguing with them. From there, give some room to the heaviness and the the inner no, and honor the the need for space by giving yourself room to breathe before deciding what you want to do.",-0.8400000000000000,Strongly Negative,"seed_genres=sad-indie,ambient&target_valence=0.08&target_energy=0.22","Using the Spotify Recommendations API, find one track that feels related to {subject} and matches this emotional profile: primary feel slow, melancholic mood, secondary feel harsh, rejecting tone, and coloring distant, spacious feeling. Use these parameters when possible: seed_genres=sad-indie,ambient&target_valence=0.08&target_energy=0.22. Return the single best matching track.","Atmospheric conditions around {subject} show a slow drifting rain field interacting with irregular abrasive currents, producing variable patterns. A an open still band on the horizon is expected to persist through the period, shaping the overall outlook for this area.",Depth | Rejecting | Objective
Sadness,Disgust,Surprise,{{subject}},{{pronoun}},"{{subject}} evokes feelings of soft heaviness that pull you inward, entangled with an inner no and touched by a sharp jolt. It may register as a quiet ache that still wants to understand what this means to you.

You might begin by simply noticing these responses in your body without arguing with them. From there, give some room to the heaviness and the the inner no, and use the the jolt as a brief pause to reset, then decide what pace actually feels right.",-0.8,Strongly Negative,"seed_genres=sad-indie,ambient&target_valence=0.10&target_energy=0.22","Using the Spotify Recommendations API, find one track that feels related to {subject} and matches this emotional profile: primary feel slow, melancholic mood, secondary feel harsh, rejecting tone, and coloring sudden, shifting feel. Use these parameters when possible: seed_genres=sad-indie,ambient&target_valence=0.10&target_energy=0.22. Return the single best matching track.","Atmospheric conditions around {subject} show a low gray ceiling interacting with harsh particulate air, producing variable patterns. A a patchy scattering pattern aloft is expected to persist through the period, shaping the overall outlook for this area.",Depth | Rejecting | New
Sadness,Dropping,Anger,{{subject}},{{pronoun}},"{{subject}} evokes feelings of soft heaviness that pull you inward, entangled with a small collapse inside and touched by protective heat. It may register as a quiet ache that still wants to understand what this means to you.

You might begin by simply noticing these responses in your body without arguing with them. From there, give some room to the heaviness and the the collapse, and let the heat help you name what is okay and what is not as you relate to {subject}.",-1.0,Strongly Negative,"seed_genres=sad-indie,ambient&target_valence=0.00&target_energy=0.20","Using the Spotify Recommendations API, find one track that feels related to {subject} and matches this emotional profile: primary feel slow, melancholic mood, secondary feel fragile, sinking tone, and coloring intense, boundary-protective energy. Use these parameters when possible: seed_genres=sad-indie,ambient&target_valence=0.00&target_energy=0.20. Return the single best matching track.","Atmospheric conditions around {subject} show a low gray ceiling interacting with low drifting haze, producing variable patterns. A a thin aggressive echo aloft is expected to persist through the period, shaping the overall outlook for this area.",Depth | Yielding | Firm
Sadness,Dropping,Curiosity,{{subject}},{{pronoun}},"{{subject}} evokes feelings of soft heaviness that pull you inward, entangled with a small collapse inside and touched by steady interest. It may register as a quiet ache that still wants to understand what this means to you.

You might begin by simply noticing these responses in your body without arguing with them. From there, give some room to the heaviness and the the collapse, and let the interest gently invite you to stay curious without rushing your next move.",-0.6000000000000000,Strongly Negative,"seed_genres=sad-indie,ambient&target_valence=0.20&target_energy=0.24","Using the Spotify Recommendations API, find one track that feels related to {subject} and matches this emotional profile: primary feel slow, melancholic mood, secondary feel fragile, sinking tone, and coloring curious, exploratory energy. Use these parameters when possible: seed_genres=sad-indie,ambient&target_valence=0.20&target_energy=0.24. Return the single best matching track.","Atmospheric conditions around {subject} show a lingering overcast layer interacting with low drifting haze, producing variable patterns. A thin curiosity haze is expected to persist through the period, shaping the overall outlook for this area.",Depth | Yielding | Flexible
Sadness,Dropping,Disgust,{{subject}},{{pronoun}},"{{subject}} evokes feelings of soft heaviness that pull you inward, entangled with a small collapse inside and touched by an inner no. It may register as a quiet ache that still wants to understand what this means to you.

You might begin by simply noticing these responses in your body without arguing with them. From there, give some room to the heaviness and the the collapse, and use the the inner no to sort what belongs close and what needs more distance.",-1.0,Strongly Negative,"seed_genres=sad-indie,ambient&target_valence=0.00&target_energy=0.20","Using the Spotify Recommendations API, find one track that feels related to {subject} and matches this emotional profile: primary feel slow, melancholic mood, secondary feel fragile, sinking tone, and coloring harsh, rejecting tone. Use these parameters when possible: seed_genres=sad-indie,ambient&target_valence=0.00&target_energy=0.20. Return the single best matching track.","Atmospheric conditions around {subject} show a low gray ceiling interacting with sinking trailing clouds, producing variable patterns. A a sharp edge in the higher air is expected to persist through the period, shaping the overall outlook for this area.",Depth | Yielding | Decisive
Sadness,Dropping,Fear,{{subject}},{{pronoun}},"{{subject}} evokes feelings of soft heaviness that pull you inward, entangled with a small collapse inside and touched by tight caution. It may register as a quiet ache that still wants to understand what this means to you.

You might begin by simply noticing these responses in your body without arguing with them. From there, give some room to the heaviness and the the collapse, and honor the caution by moving in small steps and checking what feels safe as you go.",-1.0,Strongly Negative,"seed_genres=sad-indie,ambient&target_valence=0.00&target_energy=0.20","Using the Spotify Recommendations API, find one track that feels related to {subject} and matches this emotional profile: primary feel slow, melancholic mood, secondary feel fragile, sinking tone, and coloring tense, cautious mood. Use these parameters when possible: seed_genres=sad-indie,ambient&target_valence=0.00&target_energy=0.20. Return the single best matching track.","Atmospheric conditions around {subject} show a lingering overcast layer interacting with low drifting haze, producing variable patterns. A a narrow watchful band at higher levels is expected to persist through the period, shaping the overall outlook for this area.",Depth | Yielding | Cautious
Sadness,Dropping,Joy,{{subject}},{{pronoun}},"{{subject}} evokes feelings of soft heaviness that pull you inward, entangled with a small collapse inside and touched by warm lift. It may register as a quiet ache that still wants to understand what this means to you.

You might begin by simply noticing these responses in your body without arguing with them. From there, give some room to the heaviness and the the collapse, and let the warmth soften the edges so you can stay present without forcing anything.",-0.6000000000000000,Strongly Negative,"seed_genres=sad-indie,ambient&target_valence=0.20&target_energy=0.24","Using the Spotify Recommendations API, find one track that feels related to {subject} and matches this emotional profile: primary feel slow, melancholic mood, secondary feel fragile, sinking tone, and coloring warm, uplifting tone. Use these parameters when possible: seed_genres=sad-indie,ambient&target_valence=0.20&target_energy=0.24. Return the single best matching track.","Atmospheric conditions around {subject} show a slow drifting rain field interacting with sinking trailing clouds, producing variable patterns. A a soft warming undercurrent is expected to persist through the period, shaping the overall outlook for this area.",Depth | Yielding | Open
Sadness,Dropping,Withdrawing,{{subject}},{{pronoun}},"{{subject}} evokes feelings of soft heaviness that pull you inward, entangled with a small collapse inside and touched by a need for space. It may register as a quiet ache that still wants to understand what this means to you.

You might begin by simply noticing these responses in your body without arguing with them. From there, give some room to the heaviness and the the collapse, and honor the the need for space by giving yourself room to breathe before deciding what you want to do.",-0.8400000000000000,Strongly Negative,"seed_genres=sad-indie,ambient&target_valence=0.08&target_energy=0.22","Using the Spotify Recommendations API, find one track that feels related to {subject} and matches this emotional profile: primary feel slow, melancholic mood, secondary feel fragile, sinking tone, and coloring distant, spacious feeling. Use these parameters when possible: seed_genres=sad-indie,ambient&target_valence=0.08&target_energy=0.22. Return the single best matching track.","Atmospheric conditions around {subject} show a slow drifting rain field interacting with a fading underside layer, producing variable patterns. A a broad quiet layer at the margins is expected to persist through the period, shaping the overall outlook for this area.",Depth | Yielding | Objective
Sadness,Dropping,Surprise,{{subject}},{{pronoun}},"{{subject}} evokes feelings of soft heaviness that pull you inward, entangled with a small collapse inside and touched by a sharp jolt. It may register as a quiet ache that still wants to understand what this means to you.

You might begin by simply noticing these responses in your body without arguing with them. From there, give some room to the heaviness and the the collapse, and use the the jolt as a brief pause to reset, then decide what pace actually feels right.",-0.8,Strongly Negative,"seed_genres=sad-indie,ambient&target_valence=0.10&target_energy=0.22","Using the Spotify Recommendations API, find one track that feels related to {subject} and matches this emotional profile: primary feel slow, melancholic mood, secondary feel fragile, sinking tone, and coloring sudden, shifting feel. Use these parameters when possible: seed_genres=sad-indie,ambient&target_valence=0.10&target_energy=0.22. Return the single best matching track.","Atmospheric conditions around {subject} show a lingering overcast layer interacting with low drifting haze, producing variable patterns. A a brief flicker in the upper air is expected to persist through the period, shaping the overall outlook for this area.",Depth | Yielding | New
Sadness,Fear,Anger,{{subject}},{{pronoun}},"{{subject}} evokes feelings of soft heaviness that pull you inward, entangled with tight caution and touched by protective heat. It may register as a quiet ache that still wants to understand what this means to you.

You might begin by simply noticing these responses in your body without arguing with them. From there, give some room to the heaviness and the caution, and let the heat help you name what is okay and what is not as you relate to {subject}.",-1.0,Strongly Negative,"seed_genres=sad-indie,ambient&target_valence=0.00&target_energy=0.20","Using the Spotify Recommendations API, find one track that feels related to {subject} and matches this emotional profile: primary feel slow, melancholic mood, secondary feel tense, cautious mood, and coloring intense, boundary-protective energy. Use these parameters when possible: seed_genres=sad-indie,ambient&target_valence=0.00&target_energy=0.20. Return the single best matching track.","Atmospheric conditions around {subject} show a slow drifting rain field interacting with tightening cool layers, producing variable patterns. A a thin aggressive echo aloft is expected to persist through the period, shaping the overall outlook for this area.",Depth | Protecting | Firm
Sadness,Fear,Curiosity,{{subject}},{{pronoun}},"{{subject}} evokes feelings of soft heaviness that pull you inward, entangled with tight caution and touched by steady interest. It may register as a quiet ache that still wants to understand what this means to you.

You might begin by simply noticing these responses in your body without arguing with them. From there, give some room to the heaviness and the caution, and let the interest gently invite you to stay curious without rushing your next move.",-0.6000000000000000,Strongly Negative,"seed_genres=sad-indie,ambient&target_valence=0.20&target_energy=0.24","Using the Spotify Recommendations API, find one track that feels related to {subject} and matches this emotional profile: primary feel slow, melancholic mood, secondary feel tense, cautious mood, and coloring curious, exploratory energy. Use these parameters when possible: seed_genres=sad-indie,ambient&target_valence=0.20&target_energy=0.24. Return the single best matching track.","Atmospheric conditions around {subject} show a slow drifting rain field interacting with a cautious, constricting flow, producing variable patterns. A a light exploratory shimmer aloft is expected to persist through the period, shaping the overall outlook for this area.",Depth | Protecting | Flexible
Sadness,Fear,Disgust,{{subject}},{{pronoun}},"{{subject}} evokes feelings of soft heaviness that pull you inward, entangled with tight caution and touched by an inner no. It may register as a quiet ache that still wants to understand what this means to you.

You might begin by simply noticing these responses in your body without arguing with them. From there, give some room to the heaviness and the caution, and use the the inner no to sort what belongs close and what needs more distance.",-1.0,Strongly Negative,"seed_genres=sad-indie,ambient&target_valence=0.00&target_energy=0.20","Using the Spotify Recommendations API, find one track that feels related to {subject} and matches this emotional profile: primary feel slow, melancholic mood, secondary feel tense, cautious mood, and coloring harsh, rejecting tone. Use these parameters when possible: seed_genres=sad-indie,ambient&target_valence=0.00&target_energy=0.20. Return the single best matching track.","Atmospheric conditions around {subject} show a slow drifting rain field interacting with tightening cool layers, producing variable patterns. A a thin acidic drift at altitude is expected to persist through the period, shaping the overall outlook for this area.",Depth | Protecting | Decisive
Sadness,Fear,Dropping,{{subject}},{{pronoun}},"{{subject}} evokes feelings of soft heaviness that pull you inward, entangled with tight caution and touched by a small collapse inside. It may register as a quiet ache that still wants to understand what this means to you.

You might begin by simply noticing these responses in your body without arguing with them. From there, give some room to the heaviness and the caution, and let the the collapse remind you to move gently and offer yourself a bit more support around {subject}.",-1.0,Strongly Negative,"seed_genres=sad-indie,ambient&target_valence=0.00&target_energy=0.20","Using the Spotify Recommendations API, find one track that feels related to {subject} and matches this emotional profile: primary feel slow, melancholic mood, secondary feel tense, cautious mood, and coloring fragile, sinking tone. Use these parameters when possible: seed_genres=sad-indie,ambient&target_valence=0.00&target_energy=0.20. Return the single best matching track.","Atmospheric conditions around {subject} show a slow drifting rain field interacting with a cautious, constricting flow, producing variable patterns. A a low dim undertone in the field is expected to persist through the period, shaping the overall outlook for this area.",Depth | Protecting | Quiet
Sadness,Fear,Joy,{{subject}},{{pronoun}},"{{subject}} evokes feelings of soft heaviness that pull you inward, entangled with tight caution and touched by warm lift. It may register as a quiet ache that still wants to understand what this means to you.

You might begin by simply noticing these responses in your body without arguing with them. From there, give some room to the heaviness and the caution, and let the warmth soften the edges so you can stay present without forcing anything.",-0.6000000000000000,Strongly Negative,"seed_genres=sad-indie,ambient&target_valence=0.20&target_energy=0.24","Using the Spotify Recommendations API, find one track that feels related to {subject} and matches this emotional profile: primary feel slow, melancholic mood, secondary feel tense, cautious mood, and coloring warm, uplifting tone. Use these parameters when possible: seed_genres=sad-indie,ambient&target_valence=0.20&target_energy=0.24. Return the single best matching track.","Atmospheric conditions around {subject} show a slow drifting rain field interacting with a narrow cautious band, producing variable patterns. A a quiet bright layer above is expected to persist through the period, shaping the overall outlook for this area.",Depth | Protecting | Open
Sadness,Fear,Withdrawing,{{subject}},{{pronoun}},"{{subject}} evokes feelings of soft heaviness that pull you inward, entangled with tight caution and touched by a need for space. It may register as a quiet ache that still wants to understand what this means to you.

You might begin by simply noticing these responses in your body without arguing with them. From there, give some room to the heaviness and the caution, and honor the the need for space by giving yourself room to breathe before deciding what you want to do.",-0.8400000000000000,Strongly Negative,"seed_genres=sad-indie,ambient&target_valence=0.08&target_energy=0.22","Using the Spotify Recommendations API, find one track that feels related to {subject} and matches this emotional profile: primary feel slow, melancholic mood, secondary feel tense, cautious mood, and coloring distant, spacious feeling. Use these parameters when possible: seed_genres=sad-indie,ambient&target_valence=0.08&target_energy=0.22. Return the single best matching track.","Atmospheric conditions around {subject} show a lingering overcast layer interacting with tightening cool layers, producing variable patterns. A a broad quiet layer at the margins is expected to persist through the period, shaping the overall outlook for this area.",Depth | Protecting | Objective
Sadness,Fear,Surprise,{{subject}},{{pronoun}},"{{subject}} evokes feelings of soft heaviness that pull you inward, entangled with tight caution and touched by a sharp jolt. It may register as a quiet ache that still wants to understand what this means to you.

You might begin by simply noticing these responses in your body without arguing with them. From there, give some room to the heaviness and the caution, and use the the jolt as a brief pause to reset, then decide what pace actually feels right.",-0.8,Strongly Negative,"seed_genres=sad-indie,ambient&target_valence=0.10&target_energy=0.22","Using the Spotify Recommendations API, find one track that feels related to {subject} and matches this emotional profile: primary feel slow, melancholic mood, secondary feel tense, cautious mood, and coloring sudden, shifting feel. Use these parameters when possible: seed_genres=sad-indie,ambient&target_valence=0.10&target_energy=0.22. Return the single best matching track.","Atmospheric conditions around {subject} show a slow drifting rain field interacting with a narrow cautious band, producing variable patterns. A a brief flicker in the upper air is expected to persist through the period, shaping the overall outlook for this area.",Depth | Protecting | New
Sadness,Joy,Anger,{{subject}},{{pronoun}},"{{subject}} evokes feelings of soft heaviness that pull you inward, entangled with warm lift and touched by protective heat. It may register as a quiet ache that still wants to understand what this means to you.

You might begin by simply noticing these responses in your body without arguing with them. From there, give some room to the heaviness and the warmth, and let the heat help you name what is okay and what is not as you relate to {subject}.",-0.4,Gently Negative,"seed_genres=sad-indie,ambient&target_valence=0.30&target_energy=0.26","Using the Spotify Recommendations API, find one track that feels related to {subject} and matches this emotional profile: primary feel slow, melancholic mood, secondary feel warm, uplifting tone, and coloring intense, boundary-protective energy. Use these parameters when possible: seed_genres=sad-indie,ambient&target_valence=0.30&target_energy=0.26. Return the single best matching track.","Atmospheric conditions around {subject} show a low gray ceiling interacting with a mild brightening trend, producing variable patterns. A a thin aggressive echo aloft is expected to persist through the period, shaping the overall outlook for this area.",Depth | Bonding | Firm
Sadness,Joy,Curiosity,{{subject}},{{pronoun}},"{{subject}} evokes feelings of soft heaviness that pull you inward, entangled with warm lift and touched by steady interest. It may register as a quiet ache that still wants to understand what this means to you.

You might begin by simply noticing these responses in your body without arguing with them. From there, give some room to the heaviness and the warmth, and let the interest gently invite you to stay curious without rushing your next move.",0.0,Mixed / Neutral,"seed_genres=sad-indie,ambient&target_valence=0.50&target_energy=0.30","Using the Spotify Recommendations API, find one track that feels related to {subject} and matches this emotional profile: primary feel slow, melancholic mood, secondary feel warm, uplifting tone, and coloring curious, exploratory energy. Use these parameters when possible: seed_genres=sad-indie,ambient&target_valence=0.50&target_energy=0.30. Return the single best matching track.","Atmospheric conditions around {subject} show a low gray ceiling interacting with soft warming air, producing variable patterns. A thin curiosity haze is expected to persist through the period, shaping the overall outlook for this area.",Depth | Bonding | Flexible
Sadness,Joy,Disgust,{{subject}},{{pronoun}},"{{subject}} evokes feelings of soft heaviness that pull you inward, entangled with warm lift and touched by an inner no. It may register as a quiet ache that still wants to understand what this means to you.

You might begin by simply noticing these responses in your body without arguing with them. From there, give some room to the heaviness and the warmth, and use the the inner no to sort what belongs close and what needs more distance.",-0.4,Gently Negative,"seed_genres=sad-indie,ambient&target_valence=0.30&target_energy=0.26","Using the Spotify Recommendations API, find one track that feels related to {subject} and matches this emotional profile: primary feel slow, melancholic mood, secondary feel warm, uplifting tone, and coloring harsh, rejecting tone. Use these parameters when possible: seed_genres=sad-indie,ambient&target_valence=0.30&target_energy=0.26. Return the single best matching track.","Atmospheric conditions around {subject} show a slow drifting rain field interacting with gentle lifting pockets, producing variable patterns. A a sharp edge in the higher air is expected to persist through the period, shaping the overall outlook for this area.",Depth | Bonding | Decisive
Sadness,Joy,Dropping,{{subject}},{{pronoun}},"{{subject}} evokes feelings of soft heaviness that pull you inward, entangled with warm lift and touched by a small collapse inside. It may register as a quiet ache that still wants to understand what this means to you.

You might begin by simply noticing these responses in your body without arguing with them. From there, give some room to the heaviness and the warmth, and let the the collapse remind you to move gently and offer yourself a bit more support around {subject}.",-0.4,Gently Negative,"seed_genres=sad-indie,ambient&target_valence=0.30&target_energy=0.26","Using the Spotify Recommendations API, find one track that feels related to {subject} and matches this emotional profile: primary feel slow, melancholic mood, secondary feel warm, uplifting tone, and coloring fragile, sinking tone. Use these parameters when possible: seed_genres=sad-indie,ambient&target_valence=0.30&target_energy=0.26. Return the single best matching track.","Atmospheric conditions around {subject} show a low gray ceiling interacting with a mild brightening trend, producing variable patterns. A a low dim undertone in the field is expected to persist through the period, shaping the overall outlook for this area.",Depth | Bonding | Quiet
Sadness,Joy,Fear,{{subject}},{{pronoun}},"{{subject}} evokes feelings of soft heaviness that pull you inward, entangled with warm lift and touched by tight caution. It may register as a quiet ache that still wants to understand what this means to you.

You might begin by simply noticing these responses in your body without arguing with them. From there, give some room to the heaviness and the warmth, and honor the caution by moving in small steps and checking what feels safe as you go.",-0.4,Gently Negative,"seed_genres=sad-indie,ambient&target_valence=0.30&target_energy=0.26","Using the Spotify Recommendations API, find one track that feels related to {subject} and matches this emotional profile: primary feel slow, melancholic mood, secondary feel warm, uplifting tone, and coloring tense, cautious mood. Use these parameters when possible: seed_genres=sad-indie,ambient&target_valence=0.30&target_energy=0.26. Return the single best matching track.","Atmospheric conditions around {subject} show a lingering overcast layer interacting with a mild brightening trend, producing variable patterns. A a cooling shadow line overhead is expected to persist through the period, shaping the overall outlook for this area.",Depth | Bonding | Cautious
Sadness,Joy,Withdrawing,{{subject}},{{pronoun}},"{{subject}} evokes feelings of soft heaviness that pull you inward, entangled with warm lift and touched by a need for space. It may register as a quiet ache that still wants to understand what this means to you.

You might begin by simply noticing these responses in your body without arguing with them. From there, give some room to the heaviness and the warmth, and honor the the need for space by giving yourself room to breathe before deciding what you want to do.",-0.24,Gently Negative,"seed_genres=sad-indie,ambient&target_valence=0.38&target_energy=0.28","Using the Spotify Recommendations API, find one track that feels related to {subject} and matches this emotional profile: primary feel slow, melancholic mood, secondary feel warm, uplifting tone, and coloring distant, spacious feeling. Use these parameters when possible: seed_genres=sad-indie,ambient&target_valence=0.38&target_energy=0.28. Return the single best matching track.","Atmospheric conditions around {subject} show a low gray ceiling interacting with soft warming air, producing variable patterns. A a broad quiet layer at the margins is expected to persist through the period, shaping the overall outlook for this area.",Depth | Bonding | Objective
Sadness,Joy,Surprise,{{subject}},{{pronoun}},"{{subject}} evokes feelings of soft heaviness that pull you inward, entangled with warm lift and touched by a sharp jolt. It may register as a quiet ache that still wants to understand what this means to you.

You might begin by simply noticing these responses in your body without arguing with them. From there, give some room to the heaviness and the warmth, and use the the jolt as a brief pause to reset, then decide what pace actually feels right.",-0.2,Gently Negative,"seed_genres=sad-indie,ambient&target_valence=0.40&target_energy=0.28","Using the Spotify Recommendations API, find one track that feels related to {subject} and matches this emotional profile: primary feel slow, melancholic mood, secondary feel warm, uplifting tone, and coloring sudden, shifting feel. Use these parameters when possible: seed_genres=sad-indie,ambient&target_valence=0.40&target_energy=0.28. Return the single best matching track.","Atmospheric conditions around {subject} show a slow drifting rain field interacting with gentle lifting pockets, producing variable patterns. A a brief flicker in the upper air is expected to persist through the period, shaping the overall outlook for this area.",Depth | Bonding | New
Sadness,Withdrawing,Anger,{{subject}},{{pronoun}},"{{subject}} evokes feelings of soft heaviness that pull you inward, entangled with a need for space and touched by protective heat. It may register as a quiet ache that still wants to understand what this means to you.

You might begin by simply noticing these responses in your body without arguing with them. From there, give some room to the heaviness and the the need for space, and let the heat help you name what is okay and what is not as you relate to {subject}.",-0.76,Strongly Negative,"seed_genres=sad-indie,ambient&target_valence=0.12&target_energy=0.22","Using the Spotify Recommendations API, find one track that feels related to {subject} and matches this emotional profile: primary feel slow, melancholic mood, secondary feel distant, spacious feeling, and coloring intense, boundary-protective energy. Use these parameters when possible: seed_genres=sad-indie,ambient&target_valence=0.12&target_energy=0.22. Return the single best matching track.","Atmospheric conditions around {subject} show a slow drifting rain field interacting with receding quiet air, producing variable patterns. A a thin aggressive echo aloft is expected to persist through the period, shaping the overall outlook for this area.",Depth | Retreating | Firm
Sadness,Withdrawing,Curiosity,{{subject}},{{pronoun}},"{{subject}} evokes feelings of soft heaviness that pull you inward, entangled with a need for space and touched by steady interest. It may register as a quiet ache that still wants to understand what this means to you.

You might begin by simply noticing these responses in your body without arguing with them. From there, give some room to the heaviness and the the need for space, and let the interest gently invite you to stay curious without rushing your next move.",-0.36,Gently Negative,"seed_genres=sad-indie,ambient&target_valence=0.32&target_energy=0.26","Using the Spotify Recommendations API, find one track that feels related to {subject} and matches this emotional profile: primary feel slow, melancholic mood, secondary feel distant, spacious feeling, and coloring curious, exploratory energy. Use these parameters when possible: seed_genres=sad-indie,ambient&target_valence=0.32&target_energy=0.26. Return the single best matching track.","Atmospheric conditions around {subject} show a low gray ceiling interacting with a broad retreating zone, producing variable patterns. A a light exploratory shimmer aloft is expected to persist through the period, shaping the overall outlook for this area.",Depth | Retreating | Flexible
Sadness,Withdrawing,Disgust,{{subject}},{{pronoun}},"{{subject}} evokes feelings of soft heaviness that pull you inward, entangled with a need for space and touched by an inner no. It may register as a quiet ache that still wants to understand what this means to you.

You might begin by simply noticing these responses in your body without arguing with them. From there, give some room to the heaviness and the the need for space, and use the the inner no to sort what belongs close and what needs more distance.",-0.76,Strongly Negative,"seed_genres=sad-indie,ambient&target_valence=0.12&target_energy=0.22","Using the Spotify Recommendations API, find one track that feels related to {subject} and matches this emotional profile: primary feel slow, melancholic mood, secondary feel distant, spacious feeling, and coloring harsh, rejecting tone. Use these parameters when possible: seed_genres=sad-indie,ambient&target_valence=0.12&target_energy=0.22. Return the single best matching track.","Atmospheric conditions around {subject} show a slow drifting rain field interacting with receding quiet air, producing variable patterns. A a thin acidic drift at altitude is expected to persist through the period, shaping the overall outlook for this area.",Depth | Retreating | Decisive
Sadness,Withdrawing,Dropping,{{subject}},{{pronoun}},"{{subject}} evokes feelings of soft heaviness that pull you inward, entangled with a need for space and touched by a small collapse inside. It may register as a quiet ache that still wants to understand what this means to you.

You might begin by simply noticing these responses in your body without arguing with them. From there, give some room to the heaviness and the the need for space, and let the the collapse remind you to move gently and offer yourself a bit more support around {subject}.",-0.76,Strongly Negative,"seed_genres=sad-indie,ambient&target_valence=0.12&target_energy=0.22","Using the Spotify Recommendations API, find one track that feels related to {subject} and matches this emotional profile: primary feel slow, melancholic mood, secondary feel distant, spacious feeling, and coloring fragile, sinking tone. Use these parameters when possible: seed_genres=sad-indie,ambient&target_valence=0.12&target_energy=0.22. Return the single best matching track.","Atmospheric conditions around {subject} show a lingering overcast layer interacting with a broad retreating zone, producing variable patterns. A a settling hush near the ground is expected to persist through the period, shaping the overall outlook for this area.",Depth | Retreating | Quiet
Sadness,Withdrawing,Fear,{{subject}},{{pronoun}},"{{subject}} evokes feelings of soft heaviness that pull you inward, entangled with a need for space and touched by tight caution. It may register as a quiet ache that still wants to understand what this means to you.

You might begin by simply noticing these responses in your body without arguing with them. From there, give some room to the heaviness and the the need for space, and honor the caution by moving in small steps and checking what feels safe as you go.",-0.76,Strongly Negative,"seed_genres=sad-indie,ambient&target_valence=0.12&target_energy=0.22","Using the Spotify Recommendations API, find one track that feels related to {subject} and matches this emotional profile: primary feel slow, melancholic mood, secondary feel distant, spacious feeling, and coloring tense, cautious mood. Use these parameters when possible: seed_genres=sad-indie,ambient&target_valence=0.12&target_energy=0.22. Return the single best matching track.","Atmospheric conditions around {subject} show a low gray ceiling interacting with receding quiet air, producing variable patterns. A a narrow watchful band at higher levels is expected to persist through the period, shaping the overall outlook for this area.",Depth | Retreating | Cautious
Sadness,Withdrawing,Joy,{{subject}},{{pronoun}},"{{subject}} evokes feelings of soft heaviness that pull you inward, entangled with a need for space and touched by warm lift. It may register as a quiet ache that still wants to understand what this means to you.

You might begin by simply noticing these responses in your body without arguing with them. From there, give some room to the heaviness and the the need for space, and let the warmth soften the edges so you can stay present without forcing anything.",-0.36,Gently Negative,"seed_genres=sad-indie,ambient&target_valence=0.32&target_energy=0.26","Using the Spotify Recommendations API, find one track that feels related to {subject} and matches this emotional profile: primary feel slow, melancholic mood, secondary feel distant, spacious feeling, and coloring warm, uplifting tone. Use these parameters when possible: seed_genres=sad-indie,ambient&target_valence=0.32&target_energy=0.26. Return the single best matching track.","Atmospheric conditions around {subject} show a lingering overcast layer interacting with a broad retreating zone, producing variable patterns. A a soft warming undercurrent is expected to persist through the period, shaping the overall outlook for this area.",Depth | Retreating | Open
Sadness,Withdrawing,Surprise,{{subject}},{{pronoun}},"{{subject}} evokes feelings of soft heaviness that pull you inward, entangled with a need for space and touched by a sharp jolt. It may register as a quiet ache that still wants to understand what this means to you.

You might begin by simply noticing these responses in your body without arguing with them. From there, give some room to the heaviness and the the need for space, and use the the jolt as a brief pause to reset, then decide what pace actually feels right.",-0.56,Strongly Negative,"seed_genres=sad-indie,ambient&target_valence=0.22&target_energy=0.24","Using the Spotify Recommendations API, find one track that feels related to {subject} and matches this emotional profile: primary feel slow, melancholic mood, secondary feel distant, spacious feeling, and coloring sudden, shifting feel. Use these parameters when possible: seed_genres=sad-indie,ambient&target_valence=0.22&target_energy=0.24. Return the single best matching track.","Atmospheric conditions around {subject} show a slow drifting rain field interacting with a broad retreating zone, producing variable patterns. A a patchy scattering pattern aloft is expected to persist through the period, shaping the overall outlook for this area.",Depth | Retreating | New
Sadness,Surprise,Anger,{{subject}},{{pronoun}},"{{subject}} evokes feelings of soft heaviness that pull you inward, entangled with a sharp jolt and touched by protective heat. It may register as a quiet ache that still wants to understand what this means to you.

You might begin by simply noticing these responses in your body without arguing with them. From there, give some room to the heaviness and the the jolt, and let the heat help you name what is okay and what is not as you relate to {subject}.",-0.7,Strongly Negative,"seed_genres=sad-indie,ambient&target_valence=0.15&target_energy=0.23","Using the Spotify Recommendations API, find one track that feels related to {subject} and matches this emotional profile: primary feel slow, melancholic mood, secondary feel sudden, shifting feel, and coloring intense, boundary-protective energy. Use these parameters when possible: seed_genres=sad-indie,ambient&target_valence=0.15&target_energy=0.23. Return the single best matching track.","Atmospheric conditions around {subject} show a slow drifting rain field interacting with scattered short bursts, producing variable patterns. A a heated residue trailing the system is expected to persist through the period, shaping the overall outlook for this area.",Depth | Clearing | Firm
Sadness,Surprise,Curiosity,{{subject}},{{pronoun}},"{{subject}} evokes feelings of soft heaviness that pull you inward, entangled with a sharp jolt and touched by steady interest. It may register as a quiet ache that still wants to understand what this means to you.

You might begin by simply noticing these responses in your body without arguing with them. From there, give some room to the heaviness and the the jolt, and let the interest gently invite you to stay curious without rushing your next move.",-0.3,Gently Negative,"seed_genres=sad-indie,ambient&target_valence=0.35&target_energy=0.27","Using the Spotify Recommendations API, find one track that feels related to {subject} and matches this emotional profile: primary feel slow, melancholic mood, secondary feel sudden, shifting feel, and coloring curious, exploratory energy. Use these parameters when possible: seed_genres=sad-indie,ambient&target_valence=0.35&target_energy=0.27. Return the single best matching track.","Atmospheric conditions around {subject} show a low gray ceiling interacting with scattered short bursts, producing variable patterns. A thin curiosity haze is expected to persist through the period, shaping the overall outlook for this area.",Depth | Clearing | Flexible
Sadness,Surprise,Disgust,{{subject}},{{pronoun}},"{{subject}} evokes feelings of soft heaviness that pull you inward, entangled with a sharp jolt and touched by an inner no. It may register as a quiet ache that still wants to understand what this means to you.

You might begin by simply noticing these responses in your body without arguing with them. From there, give some room to the heaviness and the the jolt, and use the the inner no to sort what belongs close and what needs more distance.",-0.7,Strongly Negative,"seed_genres=sad-indie,ambient&target_valence=0.15&target_energy=0.23","Using the Spotify Recommendations API, find one track that feels related to {subject} and matches this emotional profile: primary feel slow, melancholic mood, secondary feel sudden, shifting feel, and coloring harsh, rejecting tone. Use these parameters when possible: seed_genres=sad-indie,ambient&target_valence=0.15&target_energy=0.23. Return the single best matching track.","Atmospheric conditions around {subject} show a low gray ceiling interacting with broken, shifting patches, producing variable patterns. A a sharp edge in the higher air is expected to persist through the period, shaping the overall outlook for this area.",Depth | Clearing | Decisive
Sadness,Surprise,Dropping,{{subject}},{{pronoun}},"{{subject}} evokes feelings of soft heaviness that pull you inward, entangled with a sharp jolt and touched by a small collapse inside. It may register as a quiet ache that still wants to understand what this means to you.

You might begin by simply noticing these responses in your body without arguing with them. From there, give some room to the heaviness and the the jolt, and let the the collapse remind you to move gently and offer yourself a bit more support around {subject}.",-0.7,Strongly Negative,"seed_genres=sad-indie,ambient&target_valence=0.15&target_energy=0.23","Using the Spotify Recommendations API, find one track that feels related to {subject} and matches this emotional profile: primary feel slow, melancholic mood, secondary feel sudden, shifting feel, and coloring fragile, sinking tone. Use these parameters when possible: seed_genres=sad-indie,ambient&target_valence=0.15&target_energy=0.23. Return the single best matching track.","Atmospheric conditions around {subject} show a lingering overcast layer interacting with scattered short bursts, producing variable patterns. A a low dim undertone in the field is expected to persist through the period, shaping the overall outlook for this area.",Depth | Clearing | Quiet
Sadness,Surprise,Fear,{{subject}},{{pronoun}},"{{subject}} evokes feelings of soft heaviness that pull you inward, entangled with a sharp jolt and touched by tight caution. It may register as a quiet ache that still wants to understand what this means to you.

You might begin by simply noticing these responses in your body without arguing with them. From there, give some room to the heaviness and the the jolt, and honor the caution by moving in small steps and checking what feels safe as you go.",-0.7,Strongly Negative,"seed_genres=sad-indie,ambient&target_valence=0.15&target_energy=0.23","Using the Spotify Recommendations API, find one track that feels related to {subject} and matches this emotional profile: primary feel slow, melancholic mood, secondary feel sudden, shifting feel, and coloring tense, cautious mood. Use these parameters when possible: seed_genres=sad-indie,ambient&target_valence=0.15&target_energy=0.23. Return the single best matching track.","Atmospheric conditions around {subject} show a slow drifting rain field interacting with scattered short bursts, producing variable patterns. A a cooling shadow line overhead is expected to persist through the period, shaping the overall outlook for this area.",Depth | Clearing | Cautious
Sadness,Surprise,Joy,{{subject}},{{pronoun}},"{{subject}} evokes feelings of soft heaviness that pull you inward, entangled with a sharp jolt and touched by warm lift. It may register as a quiet ache that still wants to understand what this means to you.

You might begin by simply noticing these responses in your body without arguing with them. From there, give some room to the heaviness and the the jolt, and let the warmth soften the edges so you can stay present without forcing anything.",-0.3,Gently Negative,"seed_genres=sad-indie,ambient&target_valence=0.35&target_energy=0.27","Using the Spotify Recommendations API, find one track that feels related to {subject} and matches this emotional profile: primary feel slow, melancholic mood, secondary feel sudden, shifting feel, and coloring warm, uplifting tone. Use these parameters when possible: seed_genres=sad-indie,ambient&target_valence=0.35&target_energy=0.27. Return the single best matching track.","Atmospheric conditions around {subject} show a lingering overcast layer interacting with scattered short bursts, producing variable patterns. A a quiet bright layer above is expected to persist through the period, shaping the overall outlook for this area.",Depth | Clearing | Open
Sadness,Surprise,Withdrawing,{{subject}},{{pronoun}},"{{subject}} evokes feelings of soft heaviness that pull you inward, entangled with a sharp jolt and touched by a need for space. It may register as a quiet ache that still wants to understand what this means to you.

You might begin by simply noticing these responses in your body without arguing with them. From there, give some room to the heaviness and the the jolt, and honor the the need for space by giving yourself room to breathe before deciding what you want to do.",-0.54,Strongly Negative,"seed_genres=sad-indie,ambient&target_valence=0.23&target_energy=0.25","Using the Spotify Recommendations API, find one track that feels related to {subject} and matches this emotional profile: primary feel slow, melancholic mood, secondary feel sudden, shifting feel, and coloring distant, spacious feeling. Use these parameters when possible: seed_genres=sad-indie,ambient&target_valence=0.23&target_energy=0.25. Return the single best matching track.","Atmospheric conditions around {subject} show a lingering overcast layer interacting with scattered short bursts, producing variable patterns. A a broad quiet layer at the margins is expected to persist through the period, shaping the overall outlook for this area.",Depth | Clearing | Objective
Surprise,Anger,Curiosity,{{subject}},{{pronoun}},"{{subject}} evokes feelings of a sharp jolt that snap your attention awake, layered with protective heat and finished by steady interest. It may land as a reset moment where you suddenly notice more than you expected.

You might begin by simply noticing these responses in your body without arguing with them. From there, give some room to the the jolt and the heat, and let the interest gently invite you to stay curious without rushing your next move.",-0.0999999999999999,Mixed / Neutral,"seed_genres=glitch,idm&target_valence=0.45&target_energy=0.74","Using the Spotify Recommendations API, find one track that feels related to {subject} and matches this emotional profile: primary feel sudden, shifting feel, secondary feel intense, boundary-protective energy, and coloring curious, exploratory energy. Use these parameters when possible: seed_genres=glitch,idm&target_valence=0.45&target_energy=0.74. Return the single best matching track.","Atmospheric conditions around {subject} show an abrupt change front interacting with a sharp heated edge, producing variable patterns. A thin curiosity haze is expected to persist through the period, shaping the overall outlook for this area.",Reset | Defending | Flexible
Surprise,Anger,Disgust,{{subject}},{{pronoun}},"{{subject}} evokes feelings of a sharp jolt that snap your attention awake, layered with protective heat and finished by an inner no. It may land as a reset moment where you suddenly notice more than you expected.

You might begin by simply noticing these responses in your body without arguing with them. From there, give some room to the the jolt and the heat, and use the the inner no to sort what belongs close and what needs more distance.",-0.5,Strongly Negative,"seed_genres=glitch,idm&target_valence=0.25&target_energy=0.70","Using the Spotify Recommendations API, find one track that feels related to {subject} and matches this emotional profile: primary feel sudden, shifting feel, secondary feel intense, boundary-protective energy, and coloring harsh, rejecting tone. Use these parameters when possible: seed_genres=glitch,idm&target_valence=0.25&target_energy=0.70. Return the single best matching track.","Atmospheric conditions around {subject} show a sudden shifting band interacting with a tense, loaded boundary, producing variable patterns. A a sharp edge in the higher air is expected to persist through the period, shaping the overall outlook for this area.",Reset | Defending | Decisive
Surprise,Anger,Dropping,{{subject}},{{pronoun}},"{{subject}} evokes feelings of a sharp jolt that snap your attention awake, layered with protective heat and finished by a small collapse inside. It may land as a reset moment where you suddenly notice more than you expected.

You might begin by simply noticing these responses in your body without arguing with them. From there, give some room to the the jolt and the heat, and let the the collapse remind you to move gently and offer yourself a bit more support around {subject}.",-0.5,Strongly Negative,"seed_genres=glitch,idm&target_valence=0.25&target_energy=0.70","Using the Spotify Recommendations API, find one track that feels related to {subject} and matches this emotional profile: primary feel sudden, shifting feel, secondary feel intense, boundary-protective energy, and coloring fragile, sinking tone. Use these parameters when possible: seed_genres=glitch,idm&target_valence=0.25&target_energy=0.70. Return the single best matching track.","Atmospheric conditions around {subject} show a sudden shifting band interacting with a tense, loaded boundary, producing variable patterns. A a settling hush near the ground is expected to persist through the period, shaping the overall outlook for this area.",Reset | Defending | Quiet
Surprise,Anger,Fear,{{subject}},{{pronoun}},"{{subject}} evokes feelings of a sharp jolt that snap your attention awake, layered with protective heat and finished by tight caution. It may land as a reset moment where you suddenly notice more than you expected.

You might begin by simply noticing these responses in your body without arguing with them. From there, give some room to the the jolt and the heat, and honor the caution by moving in small steps and checking what feels safe as you go.",-0.5,Strongly Negative,"seed_genres=glitch,idm&target_valence=0.25&target_energy=0.70","Using the Spotify Recommendations API, find one track that feels related to {subject} and matches this emotional profile: primary feel sudden, shifting feel, secondary feel intense, boundary-protective energy, and coloring tense, cautious mood. Use these parameters when possible: seed_genres=glitch,idm&target_valence=0.25&target_energy=0.70. Return the single best matching track.","Atmospheric conditions around {subject} show an abrupt change front interacting with a tense, loaded boundary, producing variable patterns. A a narrow watchful band at higher levels is expected to persist through the period, shaping the overall outlook for this area.",Reset | Defending | Cautious
Surprise,Anger,Joy,{{subject}},{{pronoun}},"{{subject}} evokes feelings of a sharp jolt that snap your attention awake, layered with protective heat and finished by warm lift. It may land as a reset moment where you suddenly notice more than you expected.

You might begin by simply noticing these responses in your body without arguing with them. From there, give some room to the the jolt and the heat, and let the warmth soften the edges so you can stay present without forcing anything.",-0.0999999999999999,Mixed / Neutral,"seed_genres=glitch,idm&target_valence=0.45&target_energy=0.74","Using the Spotify Recommendations API, find one track that feels related to {subject} and matches this emotional profile: primary feel sudden, shifting feel, secondary feel intense, boundary-protective energy, and coloring warm, uplifting tone. Use these parameters when possible: seed_genres=glitch,idm&target_valence=0.45&target_energy=0.74. Return the single best matching track.","Atmospheric conditions around {subject} show an abrupt change front interacting with a tense, loaded boundary, producing variable patterns. A a soft warming undercurrent is expected to persist through the period, shaping the overall outlook for this area.",Reset | Defending | Open
Surprise,Anger,Withdrawing,{{subject}},{{pronoun}},"{{subject}} evokes feelings of a sharp jolt that snap your attention awake, layered with protective heat and finished by a need for space. It may land as a reset moment where you suddenly notice more than you expected.

You might begin by simply noticing these responses in your body without arguing with them. From there, give some room to the the jolt and the heat, and honor the the need for space by giving yourself room to breathe before deciding what you want to do.",-0.3400000000000000,Gently Negative,"seed_genres=glitch,idm&target_valence=0.33&target_energy=0.72","Using the Spotify Recommendations API, find one track that feels related to {subject} and matches this emotional profile: primary feel sudden, shifting feel, secondary feel intense, boundary-protective energy, and coloring distant, spacious feeling. Use these parameters when possible: seed_genres=glitch,idm&target_valence=0.33&target_energy=0.72. Return the single best matching track.","Atmospheric conditions around {subject} show a broken line of gusts interacting with a pressing hot strip, producing variable patterns. A a broad quiet layer at the margins is expected to persist through the period, shaping the overall outlook for this area.",Reset | Defending | Objective
Surprise,Anger,Sadness,{{subject}},{{pronoun}},"{{subject}} evokes feelings of a sharp jolt that snap your attention awake, layered with protective heat and finished by soft heaviness. It may land as a reset moment where you suddenly notice more than you expected.

You might begin by simply noticing these responses in your body without arguing with them. From there, give some room to the the jolt and the heat, and treat the heaviness as a signal to slow down and stay close to what really matters here.",-0.5,Strongly Negative,"seed_genres=glitch,idm&target_valence=0.25&target_energy=0.70","Using the Spotify Recommendations API, find one track that feels related to {subject} and matches this emotional profile: primary feel sudden, shifting feel, secondary feel intense, boundary-protective energy, and coloring slow, melancholic mood. Use these parameters when possible: seed_genres=glitch,idm&target_valence=0.25&target_energy=0.70. Return the single best matching track.","Atmospheric conditions around {subject} show an abrupt change front interacting with a sharp heated edge, producing variable patterns. A a soft descending mist layer is expected to persist through the period, shaping the overall outlook for this area.",Reset | Defending | Tender
Surprise,Curiosity,Anger,{{subject}},{{pronoun}},"{{subject}} evokes feelings of a sharp jolt that snap your attention awake, layered with steady interest and finished by protective heat. It may land as a reset moment where you suddenly notice more than you expected.

You might begin by simply noticing these responses in your body without arguing with them. From there, give some room to the the jolt and the interest, and let the heat help you name what is okay and what is not as you relate to {subject}.",0.0999999999999999,Mixed / Neutral,"seed_genres=glitch,idm&target_valence=0.55&target_energy=0.76","Using the Spotify Recommendations API, find one track that feels related to {subject} and matches this emotional profile: primary feel sudden, shifting feel, secondary feel curious, exploratory energy, and coloring intense, boundary-protective energy. Use these parameters when possible: seed_genres=glitch,idm&target_valence=0.55&target_energy=0.76. Return the single best matching track.","Atmospheric conditions around {subject} show a broken line of gusts interacting with restless tilting currents, producing variable patterns. A a heated residue trailing the system is expected to persist through the period, shaping the overall outlook for this area.",Reset | Exploring | Firm
Surprise,Curiosity,Disgust,{{subject}},{{pronoun}},"{{subject}} evokes feelings of a sharp jolt that snap your attention awake, layered with steady interest and finished by an inner no. It may land as a reset moment where you suddenly notice more than you expected.

You might begin by simply noticing these responses in your body without arguing with them. From there, give some room to the the jolt and the interest, and use the the inner no to sort what belongs close and what needs more distance.",0.0999999999999999,Mixed / Neutral,"seed_genres=glitch,idm&target_valence=0.55&target_energy=0.76","Using the Spotify Recommendations API, find one track that feels related to {subject} and matches this emotional profile: primary feel sudden, shifting feel, secondary feel curious, exploratory energy, and coloring harsh, rejecting tone. Use these parameters when possible: seed_genres=glitch,idm&target_valence=0.55&target_energy=0.76. Return the single best matching track.","Atmospheric conditions around {subject} show a sudden shifting band interacting with light curious drift, producing variable patterns. A a sharp edge in the higher air is expected to persist through the period, shaping the overall outlook for this area.",Reset | Exploring | Decisive
Surprise,Curiosity,Dropping,{{subject}},{{pronoun}},"{{subject}} evokes feelings of a sharp jolt that snap your attention awake, layered with steady interest and finished by a small collapse inside. It may land as a reset moment where you suddenly notice more than you expected.

You might begin by simply noticing these responses in your body without arguing with them. From there, give some room to the the jolt and the interest, and let the the collapse remind you to move gently and offer yourself a bit more support around {subject}.",0.0999999999999999,Mixed / Neutral,"seed_genres=glitch,idm&target_valence=0.55&target_energy=0.76","Using the Spotify Recommendations API, find one track that feels related to {subject} and matches this emotional profile: primary feel sudden, shifting feel, secondary feel curious, exploratory energy, and coloring fragile, sinking tone. Use these parameters when possible: seed_genres=glitch,idm&target_valence=0.55&target_energy=0.76. Return the single best matching track.","Atmospheric conditions around {subject} show a sudden shifting band interacting with patchy exploratory flow, producing variable patterns. A a low dim undertone in the field is expected to persist through the period, shaping the overall outlook for this area.",Reset | Exploring | Quiet
Surprise,Curiosity,Fear,{{subject}},{{pronoun}},"{{subject}} evokes feelings of a sharp jolt that snap your attention awake, layered with steady interest and finished by tight caution. It may land as a reset moment where you suddenly notice more than you expected.

You might begin by simply noticing these responses in your body without arguing with them. From there, give some room to the the jolt and the interest, and honor the caution by moving in small steps and checking what feels safe as you go.",0.0999999999999999,Mixed / Neutral,"seed_genres=glitch,idm&target_valence=0.55&target_energy=0.76","Using the Spotify Recommendations API, find one track that feels related to {subject} and matches this emotional profile: primary feel sudden, shifting feel, secondary feel curious, exploratory energy, and coloring tense, cautious mood. Use these parameters when possible: seed_genres=glitch,idm&target_valence=0.55&target_energy=0.76. Return the single best matching track.","Atmospheric conditions around {subject} show an abrupt change front interacting with light curious drift, producing variable patterns. A a cooling shadow line overhead is expected to persist through the period, shaping the overall outlook for this area.",Reset | Exploring | Cautious
Surprise,Curiosity,Joy,{{subject}},{{pronoun}},"{{subject}} evokes feelings of a sharp jolt that snap your attention awake, layered with steady interest and finished by warm lift. It may land as a reset moment where you suddenly notice more than you expected.

You might begin by simply noticing these responses in your body without arguing with them. From there, give some room to the the jolt and the interest, and let the warmth soften the edges so you can stay present without forcing anything.",0.5,Strongly Positive,"seed_genres=glitch,idm&target_valence=0.75&target_energy=0.80","Using the Spotify Recommendations API, find one track that feels related to {subject} and matches this emotional profile: primary feel sudden, shifting feel, secondary feel curious, exploratory energy, and coloring warm, uplifting tone. Use these parameters when possible: seed_genres=glitch,idm&target_valence=0.75&target_energy=0.80. Return the single best matching track.","Atmospheric conditions around {subject} show a sudden shifting band interacting with restless tilting currents, producing variable patterns. A a soft warming undercurrent is expected to persist through the period, shaping the overall outlook for this area.",Reset | Exploring | Open
Surprise,Curiosity,Withdrawing,{{subject}},{{pronoun}},"{{subject}} evokes feelings of a sharp jolt that snap your attention awake, layered with steady interest and finished by a need for space. It may land as a reset moment where you suddenly notice more than you expected.

You might begin by simply noticing these responses in your body without arguing with them. From there, give some room to the the jolt and the interest, and honor the the need for space by giving yourself room to breathe before deciding what you want to do.",0.26,Gently Positive,"seed_genres=glitch,idm&target_valence=0.63&target_energy=0.78","Using the Spotify Recommendations API, find one track that feels related to {subject} and matches this emotional profile: primary feel sudden, shifting feel, secondary feel curious, exploratory energy, and coloring distant, spacious feeling. Use these parameters when possible: seed_genres=glitch,idm&target_valence=0.63&target_energy=0.78. Return the single best matching track.","Atmospheric conditions around {subject} show a broken line of gusts interacting with restless tilting currents, producing variable patterns. A a broad quiet layer at the margins is expected to persist through the period, shaping the overall outlook for this area.",Reset | Exploring | Objective
Surprise,Curiosity,Sadness,{{subject}},{{pronoun}},"{{subject}} evokes feelings of a sharp jolt that snap your attention awake, layered with steady interest and finished by soft heaviness. It may land as a reset moment where you suddenly notice more than you expected.

You might begin by simply noticing these responses in your body without arguing with them. From there, give some room to the the jolt and the interest, and treat the heaviness as a signal to slow down and stay close to what really matters here.",0.0999999999999999,Mixed / Neutral,"seed_genres=glitch,idm&target_valence=0.55&target_energy=0.76","Using the Spotify Recommendations API, find one track that feels related to {subject} and matches this emotional profile: primary feel sudden, shifting feel, secondary feel curious, exploratory energy, and coloring slow, melancholic mood. Use these parameters when possible: seed_genres=glitch,idm&target_valence=0.55&target_energy=0.76. Return the single best matching track.","Atmospheric conditions around {subject} show a broken line of gusts interacting with light curious drift, producing variable patterns. A a soft descending mist layer is expected to persist through the period, shaping the overall outlook for this area.",Reset | Exploring | Tender
Surprise,Disgust,Anger,{{subject}},{{pronoun}},"{{subject}} evokes feelings of a sharp jolt that snap your attention awake, layered with an inner no and finished by protective heat. It may land as a reset moment where you suddenly notice more than you expected.

You might begin by simply noticing these responses in your body without arguing with them. From there, give some room to the the jolt and the the inner no, and let the heat help you name what is okay and what is not as you relate to {subject}.",-0.5,Strongly Negative,"seed_genres=glitch,idm&target_valence=0.25&target_energy=0.70","Using the Spotify Recommendations API, find one track that feels related to {subject} and matches this emotional profile: primary feel sudden, shifting feel, secondary feel harsh, rejecting tone, and coloring intense, boundary-protective energy. Use these parameters when possible: seed_genres=glitch,idm&target_valence=0.25&target_energy=0.70. Return the single best matching track.","Atmospheric conditions around {subject} show an abrupt change front interacting with irregular abrasive currents, producing variable patterns. A a heated residue trailing the system is expected to persist through the period, shaping the overall outlook for this area.",Reset | Rejecting | Firm
Surprise,Disgust,Curiosity,{{subject}},{{pronoun}},"{{subject}} evokes feelings of a sharp jolt that snap your attention awake, layered with an inner no and finished by steady interest. It may land as a reset moment where you suddenly notice more than you expected.

You might begin by simply noticing these responses in your body without arguing with them. From there, give some room to the the jolt and the the inner no, and let the interest gently invite you to stay curious without rushing your next move.",-0.0999999999999999,Mixed / Neutral,"seed_genres=glitch,idm&target_valence=0.45&target_energy=0.74","Using the Spotify Recommendations API, find one track that feels related to {subject} and matches this emotional profile: primary feel sudden, shifting feel, secondary feel harsh, rejecting tone, and coloring curious, exploratory energy. Use these parameters when possible: seed_genres=glitch,idm&target_valence=0.45&target_energy=0.74. Return the single best matching track.","Atmospheric conditions around {subject} show an abrupt change front interacting with irregular abrasive currents, producing variable patterns. A a light exploratory shimmer aloft is expected to persist through the period, shaping the overall outlook for this area.",Reset | Rejecting | Flexible
Surprise,Disgust,Dropping,{{subject}},{{pronoun}},"{{subject}} evokes feelings of a sharp jolt that snap your attention awake, layered with an inner no and finished by a small collapse inside. It may land as a reset moment where you suddenly notice more than you expected.

You might begin by simply noticing these responses in your body without arguing with them. From there, give some room to the the jolt and the the inner no, and let the the collapse remind you to move gently and offer yourself a bit more support around {subject}.",-0.5,Strongly Negative,"seed_genres=glitch,idm&target_valence=0.25&target_energy=0.70","Using the Spotify Recommendations API, find one track that feels related to {subject} and matches this emotional profile: primary feel sudden, shifting feel, secondary feel harsh, rejecting tone, and coloring fragile, sinking tone. Use these parameters when possible: seed_genres=glitch,idm&target_valence=0.25&target_energy=0.70. Return the single best matching track.","Atmospheric conditions around {subject} show an abrupt change front interacting with a coarse turning gust, producing variable patterns. A a settling hush near the ground is expected to persist through the period, shaping the overall outlook for this area.",Reset | Rejecting | Quiet
Surprise,Disgust,Fear,{{subject}},{{pronoun}},"{{subject}} evokes feelings of a sharp jolt that snap your attention awake, layered with an inner no and finished by tight caution. It may land as a reset moment where you suddenly notice more than you expected.

You might begin by simply noticing these responses in your body without arguing with them. From there, give some room to the the jolt and the the inner no, and honor the caution by moving in small steps and checking what feels safe as you go.",-0.5,Strongly Negative,"seed_genres=glitch,idm&target_valence=0.25&target_energy=0.70","Using the Spotify Recommendations API, find one track that feels related to {subject} and matches this emotional profile: primary feel sudden, shifting feel, secondary feel harsh, rejecting tone, and coloring tense, cautious mood. Use these parameters when possible: seed_genres=glitch,idm&target_valence=0.25&target_energy=0.70. Return the single best matching track.","Atmospheric conditions around {subject} show a broken line of gusts interacting with a coarse turning gust, producing variable patterns. A a narrow watchful band at higher levels is expected to persist through the period, shaping the overall outlook for this area.",Reset | Rejecting | Cautious
Surprise,Disgust,Joy,{{subject}},{{pronoun}},"{{subject}} evokes feelings of a sharp jolt that snap your attention awake, layered with an inner no and finished by warm lift. It may land as a reset moment where you suddenly notice more than you expected.

You might begin by simply noticing these responses in your body without arguing with them. From there, give some room to the the jolt and the the inner no, and let the warmth soften the edges so you can stay present without forcing anything.",-0.0999999999999999,Mixed / Neutral,"seed_genres=glitch,idm&target_valence=0.45&target_energy=0.74","Using the Spotify Recommendations API, find one track that feels related to {subject} and matches this emotional profile: primary feel sudden, shifting feel, secondary feel harsh, rejecting tone, and coloring warm, uplifting tone. Use these parameters when possible: seed_genres=glitch,idm&target_valence=0.45&target_energy=0.74. Return the single best matching track.","Atmospheric conditions around {subject} show a broken line of gusts interacting with irregular abrasive currents, producing variable patterns. A a quiet bright layer above is expected to persist through the period, shaping the overall outlook for this area.",Reset | Rejecting | Open
Surprise,Disgust,Withdrawing,{{subject}},{{pronoun}},"{{subject}} evokes feelings of a sharp jolt that snap your attention awake, layered with an inner no and finished by a need for space. It may land as a reset moment where you suddenly notice more than you expected.

You might begin by simply noticing these responses in your body without arguing with them. From there, give some room to the the jolt and the the inner no, and honor the the need for space by giving yourself room to breathe before deciding what you want to do.",-0.3400000000000000,Gently Negative,"seed_genres=glitch,idm&target_valence=0.33&target_energy=0.72","Using the Spotify Recommendations API, find one track that feels related to {subject} and matches this emotional profile: primary feel sudden, shifting feel, secondary feel harsh, rejecting tone, and coloring distant, spacious feeling. Use these parameters when possible: seed_genres=glitch,idm&target_valence=0.33&target_energy=0.72. Return the single best matching track.","Atmospheric conditions around {subject} show an abrupt change front interacting with a coarse turning gust, producing variable patterns. A an open still band on the horizon is expected to persist through the period, shaping the overall outlook for this area.",Reset | Rejecting | Objective
Surprise,Disgust,Sadness,{{subject}},{{pronoun}},"{{subject}} evokes feelings of a sharp jolt that snap your attention awake, layered with an inner no and finished by soft heaviness. It may land as a reset moment where you suddenly notice more than you expected.

You might begin by simply noticing these responses in your body without arguing with them. From there, give some room to the the jolt and the the inner no, and treat the heaviness as a signal to slow down and stay close to what really matters here.",-0.5,Strongly Negative,"seed_genres=glitch,idm&target_valence=0.25&target_energy=0.70","Using the Spotify Recommendations API, find one track that feels related to {subject} and matches this emotional profile: primary feel sudden, shifting feel, secondary feel harsh, rejecting tone, and coloring slow, melancholic mood. Use these parameters when possible: seed_genres=glitch,idm&target_valence=0.25&target_energy=0.70. Return the single best matching track.","Atmospheric conditions around {subject} show a sudden shifting band interacting with irregular abrasive currents, producing variable patterns. A a soft descending mist layer is expected to persist through the period, shaping the overall outlook for this area.",Reset | Rejecting | Tender
Surprise,Dropping,Anger,{{subject}},{{pronoun}},"{{subject}} evokes feelings of a sharp jolt that snap your attention awake, layered with a small collapse inside and finished by protective heat. It may land as a reset moment where you suddenly notice more than you expected.

You might begin by simply noticing these responses in your body without arguing with them. From there, give some room to the the jolt and the the collapse, and let the heat help you name what is okay and what is not as you relate to {subject}.",-0.5,Strongly Negative,"seed_genres=glitch,idm&target_valence=0.25&target_energy=0.70","Using the Spotify Recommendations API, find one track that feels related to {subject} and matches this emotional profile: primary feel sudden, shifting feel, secondary feel fragile, sinking tone, and coloring intense, boundary-protective energy. Use these parameters when possible: seed_genres=glitch,idm&target_valence=0.25&target_energy=0.70. Return the single best matching track.","Atmospheric conditions around {subject} show a broken line of gusts interacting with a fading underside layer, producing variable patterns. A a thin aggressive echo aloft is expected to persist through the period, shaping the overall outlook for this area.",Reset | Yielding | Firm
Surprise,Dropping,Curiosity,{{subject}},{{pronoun}},"{{subject}} evokes feelings of a sharp jolt that snap your attention awake, layered with a small collapse inside and finished by steady interest. It may land as a reset moment where you suddenly notice more than you expected.

You might begin by simply noticing these responses in your body without arguing with them. From there, give some room to the the jolt and the the collapse, and let the interest gently invite you to stay curious without rushing your next move.",-0.0999999999999999,Mixed / Neutral,"seed_genres=glitch,idm&target_valence=0.45&target_energy=0.74","Using the Spotify Recommendations API, find one track that feels related to {subject} and matches this emotional profile: primary feel sudden, shifting feel, secondary feel fragile, sinking tone, and coloring curious, exploratory energy. Use these parameters when possible: seed_genres=glitch,idm&target_valence=0.45&target_energy=0.74. Return the single best matching track.","Atmospheric conditions around {subject} show an abrupt change front interacting with low drifting haze, producing variable patterns. A a light exploratory shimmer aloft is expected to persist through the period, shaping the overall outlook for this area.",Reset | Yielding | Flexible
Surprise,Dropping,Disgust,{{subject}},{{pronoun}},"{{subject}} evokes feelings of a sharp jolt that snap your attention awake, layered with a small collapse inside and finished by an inner no. It may land as a reset moment where you suddenly notice more than you expected.

You might begin by simply noticing these responses in your body without arguing with them. From there, give some room to the the jolt and the the collapse, and use the the inner no to sort what belongs close and what needs more distance.",-0.5,Strongly Negative,"seed_genres=glitch,idm&target_valence=0.25&target_energy=0.70","Using the Spotify Recommendations API, find one track that feels related to {subject} and matches this emotional profile: primary feel sudden, shifting feel, secondary feel fragile, sinking tone, and coloring harsh, rejecting tone. Use these parameters when possible: seed_genres=glitch,idm&target_valence=0.25&target_energy=0.70. Return the single best matching track.","Atmospheric conditions around {subject} show an abrupt change front interacting with sinking trailing clouds, producing variable patterns. A a thin acidic drift at altitude is expected to persist through the period, shaping the overall outlook for this area.",Reset | Yielding | Decisive
Surprise,Dropping,Fear,{{subject}},{{pronoun}},"{{subject}} evokes feelings of a sharp jolt that snap your attention awake, layered with a small collapse inside and finished by tight caution. It may land as a reset moment where you suddenly notice more than you expected.

You might begin by simply noticing these responses in your body without arguing with them. From there, give some room to the the jolt and the the collapse, and honor the caution by moving in small steps and checking what feels safe as you go.",-0.5,Strongly Negative,"seed_genres=glitch,idm&target_valence=0.25&target_energy=0.70","Using the Spotify Recommendations API, find one track that feels related to {subject} and matches this emotional profile: primary feel sudden, shifting feel, secondary feel fragile, sinking tone, and coloring tense, cautious mood. Use these parameters when possible: seed_genres=glitch,idm&target_valence=0.25&target_energy=0.70. Return the single best matching track.","Atmospheric conditions around {subject} show a broken line of gusts interacting with low drifting haze, producing variable patterns. A a narrow watchful band at higher levels is expected to persist through the period, shaping the overall outlook for this area.",Reset | Yielding | Cautious
Surprise,Dropping,Joy,{{subject}},{{pronoun}},"{{subject}} evokes feelings of a sharp jolt that snap your attention awake, layered with a small collapse inside and finished by warm lift. It may land as a reset moment where you suddenly notice more than you expected.

You might begin by simply noticing these responses in your body without arguing with them. From there, give some room to the the jolt and the the collapse, and let the warmth soften the edges so you can stay present without forcing anything.",-0.0999999999999999,Mixed / Neutral,"seed_genres=glitch,idm&target_valence=0.45&target_energy=0.74","Using the Spotify Recommendations API, find one track that feels related to {subject} and matches this emotional profile: primary feel sudden, shifting feel, secondary feel fragile, sinking tone, and coloring warm, uplifting tone. Use these parameters when possible: seed_genres=glitch,idm&target_valence=0.45&target_energy=0.74. Return the single best matching track.","Atmospheric conditions around {subject} show a broken line of gusts interacting with a fading underside layer, producing variable patterns. A a quiet bright layer above is expected to persist through the period, shaping the overall outlook for this area.",Reset | Yielding | Open
Surprise,Dropping,Withdrawing,{{subject}},{{pronoun}},"{{subject}} evokes feelings of a sharp jolt that snap your attention awake, layered with a small collapse inside and finished by a need for space. It may land as a reset moment where you suddenly notice more than you expected.

You might begin by simply noticing these responses in your body without arguing with them. From there, give some room to the the jolt and the the collapse, and honor the the need for space by giving yourself room to breathe before deciding what you want to do.",-0.3400000000000000,Gently Negative,"seed_genres=glitch,idm&target_valence=0.33&target_energy=0.72","Using the Spotify Recommendations API, find one track that feels related to {subject} and matches this emotional profile: primary feel sudden, shifting feel, secondary feel fragile, sinking tone, and coloring distant, spacious feeling. Use these parameters when possible: seed_genres=glitch,idm&target_valence=0.33&target_energy=0.72. Return the single best matching track.","Atmospheric conditions around {subject} show an abrupt change front interacting with low drifting haze, producing variable patterns. A an open still band on the horizon is expected to persist through the period, shaping the overall outlook for this area.",Reset | Yielding | Objective
Surprise,Dropping,Sadness,{{subject}},{{pronoun}},"{{subject}} evokes feelings of a sharp jolt that snap your attention awake, layered with a small collapse inside and finished by soft heaviness. It may land as a reset moment where you suddenly notice more than you expected.

You might begin by simply noticing these responses in your body without arguing with them. From there, give some room to the the jolt and the the collapse, and treat the heaviness as a signal to slow down and stay close to what really matters here.",-0.5,Strongly Negative,"seed_genres=glitch,idm&target_valence=0.25&target_energy=0.70","Using the Spotify Recommendations API, find one track that feels related to {subject} and matches this emotional profile: primary feel sudden, shifting feel, secondary feel fragile, sinking tone, and coloring slow, melancholic mood. Use these parameters when possible: seed_genres=glitch,idm&target_valence=0.25&target_energy=0.70. Return the single best matching track.","Atmospheric conditions around {subject} show a sudden shifting band interacting with a fading underside layer, producing variable patterns. A a soft descending mist layer is expected to persist through the period, shaping the overall outlook for this area.",Reset | Yielding | Tender
Surprise,Fear,Anger,{{subject}},{{pronoun}},"{{subject}} evokes feelings of a sharp jolt that snap your attention awake, layered with tight caution and finished by protective heat. It may land as a reset moment where you suddenly notice more than you expected.

You might begin by simply noticing these responses in your body without arguing with them. From there, give some room to the the jolt and the caution, and let the heat help you name what is okay and what is not as you relate to {subject}.",-0.5,Strongly Negative,"seed_genres=glitch,idm&target_valence=0.25&target_energy=0.70","Using the Spotify Recommendations API, find one track that feels related to {subject} and matches this emotional profile: primary feel sudden, shifting feel, secondary feel tense, cautious mood, and coloring intense, boundary-protective energy. Use these parameters when possible: seed_genres=glitch,idm&target_valence=0.25&target_energy=0.70. Return the single best matching track.","Atmospheric conditions around {subject} show an abrupt change front interacting with a cautious, constricting flow, producing variable patterns. A a heated residue trailing the system is expected to persist through the period, shaping the overall outlook for this area.",Reset | Protecting | Firm
Surprise,Fear,Curiosity,{{subject}},{{pronoun}},"{{subject}} evokes feelings of a sharp jolt that snap your attention awake, layered with tight caution and finished by steady interest. It may land as a reset moment where you suddenly notice more than you expected.

You might begin by simply noticing these responses in your body without arguing with them. From there, give some room to the the jolt and the caution, and let the interest gently invite you to stay curious without rushing your next move.",-0.0999999999999999,Mixed / Neutral,"seed_genres=glitch,idm&target_valence=0.45&target_energy=0.74","Using the Spotify Recommendations API, find one track that feels related to {subject} and matches this emotional profile: primary feel sudden, shifting feel, secondary feel tense, cautious mood, and coloring curious, exploratory energy. Use these parameters when possible: seed_genres=glitch,idm&target_valence=0.45&target_energy=0.74. Return the single best matching track.","Atmospheric conditions around {subject} show an abrupt change front interacting with a cautious, constricting flow, producing variable patterns. A a light exploratory shimmer aloft is expected to persist through the period, shaping the overall outlook for this area.",Reset | Protecting | Flexible
Surprise,Fear,Disgust,{{subject}},{{pronoun}},"{{subject}} evokes feelings of a sharp jolt that snap your attention awake, layered with tight caution and finished by an inner no. It may land as a reset moment where you suddenly notice more than you expected.

You might begin by simply noticing these responses in your body without arguing with them. From there, give some room to the the jolt and the caution, and use the the inner no to sort what belongs close and what needs more distance.",-0.5,Strongly Negative,"seed_genres=glitch,idm&target_valence=0.25&target_energy=0.70","Using the Spotify Recommendations API, find one track that feels related to {subject} and matches this emotional profile: primary feel sudden, shifting feel, secondary feel tense, cautious mood, and coloring harsh, rejecting tone. Use these parameters when possible: seed_genres=glitch,idm&target_valence=0.25&target_energy=0.70. Return the single best matching track.","Atmospheric conditions around {subject} show a sudden shifting band interacting with a cautious, constricting flow, producing variable patterns. A a thin acidic drift at altitude is expected to persist through the period, shaping the overall outlook for this area.",Reset | Protecting | Decisive
Surprise,Fear,Dropping,{{subject}},{{pronoun}},"{{subject}} evokes feelings of a sharp jolt that snap your attention awake, layered with tight caution and finished by a small collapse inside. It may land as a reset moment where you suddenly notice more than you expected.

You might begin by simply noticing these responses in your body without arguing with them. From there, give some room to the the jolt and the caution, and let the the collapse remind you to move gently and offer yourself a bit more support around {subject}.",-0.5,Strongly Negative,"seed_genres=glitch,idm&target_valence=0.25&target_energy=0.70","Using the Spotify Recommendations API, find one track that feels related to {subject} and matches this emotional profile: primary feel sudden, shifting feel, secondary feel tense, cautious mood, and coloring fragile, sinking tone. Use these parameters when possible: seed_genres=glitch,idm&target_valence=0.25&target_energy=0.70. Return the single best matching track.","Atmospheric conditions around {subject} show a broken line of gusts interacting with tightening cool layers, producing variable patterns. A a settling hush near the ground is expected to persist through the period, shaping the overall outlook for this area.",Reset | Protecting | Quiet
Surprise,Fear,Joy,{{subject}},{{pronoun}},"{{subject}} evokes feelings of a sharp jolt that snap your attention awake, layered with tight caution and finished by warm lift. It may land as a reset moment where you suddenly notice more than you expected.

You might begin by simply noticing these responses in your body without arguing with them. From there, give some room to the the jolt and the caution, and let the warmth soften the edges so you can stay present without forcing anything.",-0.0999999999999999,Mixed / Neutral,"seed_genres=glitch,idm&target_valence=0.45&target_energy=0.74","Using the Spotify Recommendations API, find one track that feels related to {subject} and matches this emotional profile: primary feel sudden, shifting feel, secondary feel tense, cautious mood, and coloring warm, uplifting tone. Use these parameters when possible: seed_genres=glitch,idm&target_valence=0.45&target_energy=0.74. Return the single best matching track.","Atmospheric conditions around {subject} show a sudden shifting band interacting with tightening cool layers, producing variable patterns. A a quiet bright layer above is expected to persist through the period, shaping the overall outlook for this area.",Reset | Protecting | Open
Surprise,Fear,Withdrawing,{{subject}},{{pronoun}},"{{subject}} evokes feelings of a sharp jolt that snap your attention awake, layered with tight caution and finished by a need for space. It may land as a reset moment where you suddenly notice more than you expected.

You might begin by simply noticing these responses in your body without arguing with them. From there, give some room to the the jolt and the caution, and honor the the need for space by giving yourself room to breathe before deciding what you want to do.",-0.3400000000000000,Gently Negative,"seed_genres=glitch,idm&target_valence=0.33&target_energy=0.72","Using the Spotify Recommendations API, find one track that feels related to {subject} and matches this emotional profile: primary feel sudden, shifting feel, secondary feel tense, cautious mood, and coloring distant, spacious feeling. Use these parameters when possible: seed_genres=glitch,idm&target_valence=0.33&target_energy=0.72. Return the single best matching track.","Atmospheric conditions around {subject} show a sudden shifting band interacting with a narrow cautious band, producing variable patterns. A a broad quiet layer at the margins is expected to persist through the period, shaping the overall outlook for this area.",Reset | Protecting | Objective
Surprise,Fear,Sadness,{{subject}},{{pronoun}},"{{subject}} evokes feelings of a sharp jolt that snap your attention awake, layered with tight caution and finished by soft heaviness. It may land as a reset moment where you suddenly notice more than you expected.

You might begin by simply noticing these responses in your body without arguing with them. From there, give some room to the the jolt and the caution, and treat the heaviness as a signal to slow down and stay close to what really matters here.",-0.5,Strongly Negative,"seed_genres=glitch,idm&target_valence=0.25&target_energy=0.70","Using the Spotify Recommendations API, find one track that feels related to {subject} and matches this emotional profile: primary feel sudden, shifting feel, secondary feel tense, cautious mood, and coloring slow, melancholic mood. Use these parameters when possible: seed_genres=glitch,idm&target_valence=0.25&target_energy=0.70. Return the single best matching track.","Atmospheric conditions around {subject} show an abrupt change front interacting with tightening cool layers, producing variable patterns. A a soft descending mist layer is expected to persist through the period, shaping the overall outlook for this area.",Reset | Protecting | Tender
Surprise,Joy,Anger,{{subject}},{{pronoun}},"{{subject}} evokes feelings of a sharp jolt that snap your attention awake, layered with warm lift and finished by protective heat. It may land as a reset moment where you suddenly notice more than you expected.

You might begin by simply noticing these responses in your body without arguing with them. From there, give some room to the the jolt and the warmth, and let the heat help you name what is okay and what is not as you relate to {subject}.",0.0999999999999999,Mixed / Neutral,"seed_genres=glitch,idm&target_valence=0.55&target_energy=0.76","Using the Spotify Recommendations API, find one track that feels related to {subject} and matches this emotional profile: primary feel sudden, shifting feel, secondary feel warm, uplifting tone, and coloring intense, boundary-protective energy. Use these parameters when possible: seed_genres=glitch,idm&target_valence=0.55&target_energy=0.76. Return the single best matching track.","Atmospheric conditions around {subject} show an abrupt change front interacting with a mild brightening trend, producing variable patterns. A a heated residue trailing the system is expected to persist through the period, shaping the overall outlook for this area.",Reset | Bonding | Firm
Surprise,Joy,Curiosity,{{subject}},{{pronoun}},"{{subject}} evokes feelings of a sharp jolt that snap your attention awake, layered with warm lift and finished by steady interest. It may land as a reset moment where you suddenly notice more than you expected.

You might begin by simply noticing these responses in your body without arguing with them. From there, give some room to the the jolt and the warmth, and let the interest gently invite you to stay curious without rushing your next move.",0.5,Strongly Positive,"seed_genres=glitch,idm&target_valence=0.75&target_energy=0.80","Using the Spotify Recommendations API, find one track that feels related to {subject} and matches this emotional profile: primary feel sudden, shifting feel, secondary feel warm, uplifting tone, and coloring curious, exploratory energy. Use these parameters when possible: seed_genres=glitch,idm&target_valence=0.75&target_energy=0.80. Return the single best matching track.","Atmospheric conditions around {subject} show a sudden shifting band interacting with gentle lifting pockets, producing variable patterns. A a light exploratory shimmer aloft is expected to persist through the period, shaping the overall outlook for this area.",Reset | Bonding | Flexible
Surprise,Joy,Disgust,{{subject}},{{pronoun}},"{{subject}} evokes feelings of a sharp jolt that snap your attention awake, layered with warm lift and finished by an inner no. It may land as a reset moment where you suddenly notice more than you expected.

You might begin by simply noticing these responses in your body without arguing with them. From there, give some room to the the jolt and the warmth, and use the the inner no to sort what belongs close and what needs more distance.",0.0999999999999999,Mixed / Neutral,"seed_genres=glitch,idm&target_valence=0.55&target_energy=0.76","Using the Spotify Recommendations API, find one track that feels related to {subject} and matches this emotional profile: primary feel sudden, shifting feel, secondary feel warm, uplifting tone, and coloring harsh, rejecting tone. Use these parameters when possible: seed_genres=glitch,idm&target_valence=0.55&target_energy=0.76. Return the single best matching track.","Atmospheric conditions around {subject} show an abrupt change front interacting with a mild brightening trend, producing variable patterns. A a sharp edge in the higher air is expected to persist through the period, shaping the overall outlook for this area.",Reset | Bonding | Decisive
Surprise,Joy,Dropping,{{subject}},{{pronoun}},"{{subject}} evokes feelings of a sharp jolt that snap your attention awake, layered with warm lift and finished by a small collapse inside. It may land as a reset moment where you suddenly notice more than you expected.

You might begin by simply noticing these responses in your body without arguing with them. From there, give some room to the the jolt and the warmth, and let the the collapse remind you to move gently and offer yourself a bit more support around {subject}.",0.0999999999999999,Mixed / Neutral,"seed_genres=glitch,idm&target_valence=0.55&target_energy=0.76","Using the Spotify Recommendations API, find one track that feels related to {subject} and matches this emotional profile: primary feel sudden, shifting feel, secondary feel warm, uplifting tone, and coloring fragile, sinking tone. Use these parameters when possible: seed_genres=glitch,idm&target_valence=0.55&target_energy=0.76. Return the single best matching track.","Atmospheric conditions around {subject} show a sudden shifting band interacting with soft warming air, producing variable patterns. A a settling hush near the ground is expected to persist through the period, shaping the overall outlook for this area.",Reset | Bonding | Quiet
Surprise,Joy,Fear,{{subject}},{{pronoun}},"{{subject}} evokes feelings of a sharp jolt that snap your attention awake, layered with warm lift and finished by tight caution. It may land as a reset moment where you suddenly notice more than you expected.

You might begin by simply noticing these responses in your body without arguing with them. From there, give some room to the the jolt and the warmth, and honor the caution by moving in small steps and checking what feels safe as you go.",0.0999999999999999,Mixed / Neutral,"seed_genres=glitch,idm&target_valence=0.55&target_energy=0.76","Using the Spotify Recommendations API, find one track that feels related to {subject} and matches this emotional profile: primary feel sudden, shifting feel, secondary feel warm, uplifting tone, and coloring tense, cautious mood. Use these parameters when possible: seed_genres=glitch,idm&target_valence=0.55&target_energy=0.76. Return the single best matching track.","Atmospheric conditions around {subject} show an abrupt change front interacting with soft warming air, producing variable patterns. A a narrow watchful band at higher levels is expected to persist through the period, shaping the overall outlook for this area.",Reset | Bonding | Cautious
Surprise,Joy,Withdrawing,{{subject}},{{pronoun}},"{{subject}} evokes feelings of a sharp jolt that snap your attention awake, layered with warm lift and finished by a need for space. It may land as a reset moment where you suddenly notice more than you expected.

You might begin by simply noticing these responses in your body without arguing with them. From there, give some room to the the jolt and the warmth, and honor the the need for space by giving yourself room to breathe before deciding what you want to do.",0.26,Gently Positive,"seed_genres=glitch,idm&target_valence=0.63&target_energy=0.78","Using the Spotify Recommendations API, find one track that feels related to {subject} and matches this emotional profile: primary feel sudden, shifting feel, secondary feel warm, uplifting tone, and coloring distant, spacious feeling. Use these parameters when possible: seed_genres=glitch,idm&target_valence=0.63&target_energy=0.78. Return the single best matching track.","Atmospheric conditions around {subject} show a sudden shifting band interacting with a mild brightening trend, producing variable patterns. A an open still band on the horizon is expected to persist through the period, shaping the overall outlook for this area.",Reset | Bonding | Objective
Surprise,Joy,Sadness,{{subject}},{{pronoun}},"{{subject}} evokes feelings of a sharp jolt that snap your attention awake, layered with warm lift and finished by soft heaviness. It may land as a reset moment where you suddenly notice more than you expected.

You might begin by simply noticing these responses in your body without arguing with them. From there, give some room to the the jolt and the warmth, and treat the heaviness as a signal to slow down and stay close to what really matters here.",0.0999999999999999,Mixed / Neutral,"seed_genres=glitch,idm&target_valence=0.55&target_energy=0.76","Using the Spotify Recommendations API, find one track that feels related to {subject} and matches this emotional profile: primary feel sudden, shifting feel, secondary feel warm, uplifting tone, and coloring slow, melancholic mood. Use these parameters when possible: seed_genres=glitch,idm&target_valence=0.55&target_energy=0.76. Return the single best matching track.","Atmospheric conditions around {subject} show a sudden shifting band interacting with gentle lifting pockets, producing variable patterns. A a tender gray overcast above is expected to persist through the period, shaping the overall outlook for this area.",Reset | Bonding | Tender
Surprise,Withdrawing,Anger,{{subject}},{{pronoun}},"{{subject}} evokes feelings of a sharp jolt that snap your attention awake, layered with a need for space and finished by protective heat. It may land as a reset moment where you suddenly notice more than you expected.

You might begin by simply noticing these responses in your body without arguing with them. From there, give some room to the the jolt and the the need for space, and let the heat help you name what is okay and what is not as you relate to {subject}.",-0.26,Gently Negative,"seed_genres=glitch,idm&target_valence=0.37&target_energy=0.72","Using the Spotify Recommendations API, find one track that feels related to {subject} and matches this emotional profile: primary feel sudden, shifting feel, secondary feel distant, spacious feeling, and coloring intense, boundary-protective energy. Use these parameters when possible: seed_genres=glitch,idm&target_valence=0.37&target_energy=0.72. Return the single best matching track.","Atmospheric conditions around {subject} show an abrupt change front interacting with a broad retreating zone, producing variable patterns. A a heated residue trailing the system is expected to persist through the period, shaping the overall outlook for this area.",Reset | Retreating | Firm
Surprise,Withdrawing,Curiosity,{{subject}},{{pronoun}},"{{subject}} evokes feelings of a sharp jolt that snap your attention awake, layered with a need for space and finished by steady interest. It may land as a reset moment where you suddenly notice more than you expected.

You might begin by simply noticing these responses in your body without arguing with them. From there, give some room to the the jolt and the the need for space, and let the interest gently invite you to stay curious without rushing your next move.",0.14,Mixed / Neutral,"seed_genres=glitch,idm&target_valence=0.57&target_energy=0.76","Using the Spotify Recommendations API, find one track that feels related to {subject} and matches this emotional profile: primary feel sudden, shifting feel, secondary feel distant, spacious feeling, and coloring curious, exploratory energy. Use these parameters when possible: seed_genres=glitch,idm&target_valence=0.57&target_energy=0.76. Return the single best matching track.","Atmospheric conditions around {subject} show an abrupt change front interacting with expanding empty pockets, producing variable patterns. A thin curiosity haze is expected to persist through the period, shaping the overall outlook for this area.",Reset | Retreating | Flexible
Surprise,Withdrawing,Disgust,{{subject}},{{pronoun}},"{{subject}} evokes feelings of a sharp jolt that snap your attention awake, layered with a need for space and finished by an inner no. It may land as a reset moment where you suddenly notice more than you expected.

You might begin by simply noticing these responses in your body without arguing with them. From there, give some room to the the jolt and the the need for space, and use the the inner no to sort what belongs close and what needs more distance.",-0.26,Gently Negative,"seed_genres=glitch,idm&target_valence=0.37&target_energy=0.72","Using the Spotify Recommendations API, find one track that feels related to {subject} and matches this emotional profile: primary feel sudden, shifting feel, secondary feel distant, spacious feeling, and coloring harsh, rejecting tone. Use these parameters when possible: seed_genres=glitch,idm&target_valence=0.37&target_energy=0.72. Return the single best matching track.","Atmospheric conditions around {subject} show a broken line of gusts interacting with expanding empty pockets, producing variable patterns. A a thin acidic drift at altitude is expected to persist through the period, shaping the overall outlook for this area.",Reset | Retreating | Decisive
Surprise,Withdrawing,Dropping,{{subject}},{{pronoun}},"{{subject}} evokes feelings of a sharp jolt that snap your attention awake, layered with a need for space and finished by a small collapse inside. It may land as a reset moment where you suddenly notice more than you expected.

You might begin by simply noticing these responses in your body without arguing with them. From there, give some room to the the jolt and the the need for space, and let the the collapse remind you to move gently and offer yourself a bit more support around {subject}.",-0.26,Gently Negative,"seed_genres=glitch,idm&target_valence=0.37&target_energy=0.72","Using the Spotify Recommendations API, find one track that feels related to {subject} and matches this emotional profile: primary feel sudden, shifting feel, secondary feel distant, spacious feeling, and coloring fragile, sinking tone. Use these parameters when possible: seed_genres=glitch,idm&target_valence=0.37&target_energy=0.72. Return the single best matching track.","Atmospheric conditions around {subject} show a sudden shifting band interacting with receding quiet air, producing variable patterns. A a low dim undertone in the field is expected to persist through the period, shaping the overall outlook for this area.",Reset | Retreating | Quiet
Surprise,Withdrawing,Fear,{{subject}},{{pronoun}},"{{subject}} evokes feelings of a sharp jolt that snap your attention awake, layered with a need for space and finished by tight caution. It may land as a reset moment where you suddenly notice more than you expected.

You might begin by simply noticing these responses in your body without arguing with them. From there, give some room to the the jolt and the the need for space, and honor the caution by moving in small steps and checking what feels safe as you go.",-0.26,Gently Negative,"seed_genres=glitch,idm&target_valence=0.37&target_energy=0.72","Using the Spotify Recommendations API, find one track that feels related to {subject} and matches this emotional profile: primary feel sudden, shifting feel, secondary feel distant, spacious feeling, and coloring tense, cautious mood. Use these parameters when possible: seed_genres=glitch,idm&target_valence=0.37&target_energy=0.72. Return the single best matching track.","Atmospheric conditions around {subject} show a broken line of gusts interacting with receding quiet air, producing variable patterns. A a cooling shadow line overhead is expected to persist through the period, shaping the overall outlook for this area.",Reset | Retreating | Cautious
Surprise,Withdrawing,Joy,{{subject}},{{pronoun}},"{{subject}} evokes feelings of a sharp jolt that snap your attention awake, layered with a need for space and finished by warm lift. It may land as a reset moment where you suddenly notice more than you expected.

You might begin by simply noticing these responses in your body without arguing with them. From there, give some room to the the jolt and the the need for space, and let the warmth soften the edges so you can stay present without forcing anything.",0.14,Mixed / Neutral,"seed_genres=glitch,idm&target_valence=0.57&target_energy=0.76","Using the Spotify Recommendations API, find one track that feels related to {subject} and matches this emotional profile: primary feel sudden, shifting feel, secondary feel distant, spacious feeling, and coloring warm, uplifting tone. Use these parameters when possible: seed_genres=glitch,idm&target_valence=0.57&target_energy=0.76. Return the single best matching track.","Atmospheric conditions around {subject} show a sudden shifting band interacting with receding quiet air, producing variable patterns. A a quiet bright layer above is expected to persist through the period, shaping the overall outlook for this area.",Reset | Retreating | Open
Surprise,Withdrawing,Sadness,{{subject}},{{pronoun}},"{{subject}} evokes feelings of a sharp jolt that snap your attention awake, layered with a need for space and finished by soft heaviness. It may land as a reset moment where you suddenly notice more than you expected.

You might begin by simply noticing these responses in your body without arguing with them. From there, give some room to the the jolt and the the need for space, and treat the heaviness as a signal to slow down and stay close to what really matters here.",-0.26,Gently Negative,"seed_genres=glitch,idm&target_valence=0.37&target_energy=0.72","Using the Spotify Recommendations API, find one track that feels related to {subject} and matches this emotional profile: primary feel sudden, shifting feel, secondary feel distant, spacious feeling, and coloring slow, melancholic mood. Use these parameters when possible: seed_genres=glitch,idm&target_valence=0.37&target_energy=0.72. Return the single best matching track.","Atmospheric conditions around {subject} show a sudden shifting band interacting with receding quiet air, producing variable patterns. A a tender gray overcast above is expected to persist through the period, shaping the overall outlook for this area.",Reset | Retreating | Tender
Surprise,Sadness,Anger,{{subject}},{{pronoun}},"{{subject}} evokes feelings of a sharp jolt that snap your attention awake, layered with soft heaviness and finished by protective heat. It may land as a reset moment where you suddenly notice more than you expected.

You might begin by simply noticing these responses in your body without arguing with them. From there, give some room to the the jolt and the heaviness, and let the heat help you name what is okay and what is not as you relate to {subject}.",-0.5,Strongly Negative,"seed_genres=glitch,idm&target_valence=0.25&target_energy=0.70","Using the Spotify Recommendations API, find one track that feels related to {subject} and matches this emotional profile: primary feel sudden, shifting feel, secondary feel slow, melancholic mood, and coloring intense, boundary-protective energy. Use these parameters when possible: seed_genres=glitch,idm&target_valence=0.25&target_energy=0.70. Return the single best matching track.","Atmospheric conditions around {subject} show a sudden shifting band interacting with muted rain bands, producing variable patterns. A a heated residue trailing the system is expected to persist through the period, shaping the overall outlook for this area.",Reset | Grieving | Firm
Surprise,Sadness,Curiosity,{{subject}},{{pronoun}},"{{subject}} evokes feelings of a sharp jolt that snap your attention awake, layered with soft heaviness and finished by steady interest. It may land as a reset moment where you suddenly notice more than you expected.

You might begin by simply noticing these responses in your body without arguing with them. From there, give some room to the the jolt and the heaviness, and let the interest gently invite you to stay curious without rushing your next move.",-0.0999999999999999,Mixed / Neutral,"seed_genres=glitch,idm&target_valence=0.45&target_energy=0.74","Using the Spotify Recommendations API, find one track that feels related to {subject} and matches this emotional profile: primary feel sudden, shifting feel, secondary feel slow, melancholic mood, and coloring curious, exploratory energy. Use these parameters when possible: seed_genres=glitch,idm&target_valence=0.45&target_energy=0.74. Return the single best matching track.","Atmospheric conditions around {subject} show a broken line of gusts interacting with a damp, heavy drift, producing variable patterns. A a light exploratory shimmer aloft is expected to persist through the period, shaping the overall outlook for this area.",Reset | Grieving | Flexible
Surprise,Sadness,Disgust,{{subject}},{{pronoun}},"{{subject}} evokes feelings of a sharp jolt that snap your attention awake, layered with soft heaviness and finished by an inner no. It may land as a reset moment where you suddenly notice more than you expected.

You might begin by simply noticing these responses in your body without arguing with them. From there, give some room to the the jolt and the heaviness, and use the the inner no to sort what belongs close and what needs more distance.",-0.5,Strongly Negative,"seed_genres=glitch,idm&target_valence=0.25&target_energy=0.70","Using the Spotify Recommendations API, find one track that feels related to {subject} and matches this emotional profile: primary feel sudden, shifting feel, secondary feel slow, melancholic mood, and coloring harsh, rejecting tone. Use these parameters when possible: seed_genres=glitch,idm&target_valence=0.25&target_energy=0.70. Return the single best matching track.","Atmospheric conditions around {subject} show a broken line of gusts interacting with muted rain bands, producing variable patterns. A a sharp edge in the higher air is expected to persist through the period, shaping the overall outlook for this area.",Reset | Grieving | Decisive
Surprise,Sadness,Dropping,{{subject}},{{pronoun}},"{{subject}} evokes feelings of a sharp jolt that snap your attention awake, layered with soft heaviness and finished by a small collapse inside. It may land as a reset moment where you suddenly notice more than you expected.

You might begin by simply noticing these responses in your body without arguing with them. From there, give some room to the the jolt and the heaviness, and let the the collapse remind you to move gently and offer yourself a bit more support around {subject}.",-0.5,Strongly Negative,"seed_genres=glitch,idm&target_valence=0.25&target_energy=0.70","Using the Spotify Recommendations API, find one track that feels related to {subject} and matches this emotional profile: primary feel sudden, shifting feel, secondary feel slow, melancholic mood, and coloring fragile, sinking tone. Use these parameters when possible: seed_genres=glitch,idm&target_valence=0.25&target_energy=0.70. Return the single best matching track.","Atmospheric conditions around {subject} show a broken line of gusts interacting with a damp, heavy drift, producing variable patterns. A a low dim undertone in the field is expected to persist through the period, shaping the overall outlook for this area.",Reset | Grieving | Quiet
Surprise,Sadness,Fear,{{subject}},{{pronoun}},"{{subject}} evokes feelings of a sharp jolt that snap your attention awake, layered with soft heaviness and finished by tight caution. It may land as a reset moment where you suddenly notice more than you expected.

You might begin by simply noticing these responses in your body without arguing with them. From there, give some room to the the jolt and the heaviness, and honor the caution by moving in small steps and checking what feels safe as you go.",-0.5,Strongly Negative,"seed_genres=glitch,idm&target_valence=0.25&target_energy=0.70","Using the Spotify Recommendations API, find one track that feels related to {subject} and matches this emotional profile: primary feel sudden, shifting feel, secondary feel slow, melancholic mood, and coloring tense, cautious mood. Use these parameters when possible: seed_genres=glitch,idm&target_valence=0.25&target_energy=0.70. Return the single best matching track.","Atmospheric conditions around {subject} show a broken line of gusts interacting with muted rain bands, producing variable patterns. A a narrow watchful band at higher levels is expected to persist through the period, shaping the overall outlook for this area.",Reset | Grieving | Cautious
Surprise,Sadness,Joy,{{subject}},{{pronoun}},"{{subject}} evokes feelings of a sharp jolt that snap your attention awake, layered with soft heaviness and finished by warm lift. It may land as a reset moment where you suddenly notice more than you expected.

You might begin by simply noticing these responses in your body without arguing with them. From there, give some room to the the jolt and the heaviness, and let the warmth soften the edges so you can stay present without forcing anything.",-0.0999999999999999,Mixed / Neutral,"seed_genres=glitch,idm&target_valence=0.45&target_energy=0.74","Using the Spotify Recommendations API, find one track that feels related to {subject} and matches this emotional profile: primary feel sudden, shifting feel, secondary feel slow, melancholic mood, and coloring warm, uplifting tone. Use these parameters when possible: seed_genres=glitch,idm&target_valence=0.45&target_energy=0.74. Return the single best matching track.","Atmospheric conditions around {subject} show a sudden shifting band interacting with slow trailing showers, producing variable patterns. A a soft warming undercurrent is expected to persist through the period, shaping the overall outlook for this area.",Reset | Grieving | Open
Surprise,Sadness,Withdrawing,{{subject}},{{pronoun}},"{{subject}} evokes feelings of a sharp jolt that snap your attention awake, layered with soft heaviness and finished by a need for space. It may land as a reset moment where you suddenly notice more than you expected.

You might begin by simply noticing these responses in your body without arguing with them. From there, give some room to the the jolt and the heaviness, and honor the the need for space by giving yourself room to breathe before deciding what you want to do.",-0.3400000000000000,Gently Negative,"seed_genres=glitch,idm&target_valence=0.33&target_energy=0.72","Using the Spotify Recommendations API, find one track that feels related to {subject} and matches this emotional profile: primary feel sudden, shifting feel, secondary feel slow, melancholic mood, and coloring distant, spacious feeling. Use these parameters when possible: seed_genres=glitch,idm&target_valence=0.33&target_energy=0.72. Return the single best matching track.","Atmospheric conditions around {subject} show a broken line of gusts interacting with slow trailing showers, producing variable patterns. A an open still band on the horizon is expected to persist through the period, shaping the overall outlook for this area.",Reset | Grieving | Objective
